borough,datetime,temperature_2m,precipitation,visibility,rain,showers,snowfall,wind_speed_10m,date,hour_nyc,day_of_week,is_weekend,is_rush_hour,is_night,month,season,weather_category,weather_severity
MANHATTAN,2026-09-11 04:00:00+00:00,25.67,0.0,28400.0,0.0,0.0,0.0,5.771239,2026-09-11,4,Friday,False,False,True,9,FALL,CLEAR,LIGHT
MANHATTAN,2026-09-11 05:00:00+00:00,25.62,0.0,31600.0,0.0,0.0,0.0,10.966713,2026-09-11,5,Friday,False,False,True,9,FALL,CLEAR,LIGHT
MANHATTAN,2026-09-11 06:00:00+00:00,24.52,0.0,36000.0,0.0,0.0,0.0,9.114471,2026-09-11,6,Friday,False,False,False,9,FALL,CLEAR,LIGHT
MANHATTAN,2026-09-11 07:00:00+00:00,23.070002,0.0,29000.0,0.0,0.0,0.0,1.835647,2026-09-11,7,Friday,False,True,False,9,FALL,CLEAR,LIGHT
MANHATTAN,2026-09-11 08:00:00+00:00,22.320002,0.0,30500.0,0.0,0.0,0.0,6.12,2026-09-11,8,Friday,False,True,False,9,FALL,CLEAR,LIGHT
MANHATTAN,2026-09-11 09:00:00+00:00,21.87,0.0,32400.0,0.0,0.0,0.0,3.563818,2026-09-11,9,Friday,False,True,False,9,FALL,CLEAR,LIGHT
MANHATTAN,2026-09-11 10:00:00+00:00,21.37,0.0,34200.0,0.0,0.0,0.0,4.829907,2026-09-11,10,Friday,False,False,False,9,FALL,CLEAR,LIGHT
MANHATTAN,2026-09-11 11:00:00+00:00,20.87,0.0,36000.0,0.0,0.0,0.0,2.4149535,2026-09-11,11,Friday,False,False,False,9,FALL,CLEAR,LIGHT
MANHATTAN,2026-09-11 12:00:00+00:00,21.320002,0.0,34600.0,0.0,0.0,0.0,10.97262,2026-09-11,12,Friday,False,False,False,9,FALL,CLEAR,LIGHT
MANHATTAN,2026-09-11 13:00:00+00:00,21.070002,0.0,35200.0,0.0,0.0,0.0,9.0,2026-09-11,13,Friday,False,False,False,9,FALL,CLEAR,LIGHT
MANHATTAN,2026-09-11 14:00:00+00:00,22.52,0.0,36300.0,0.0,0.0,0.0,9.220499,2026-09-11,14,Friday,False,False,False,9,FALL,CLEAR,LIGHT
MANHATTAN,2026-09-11 15:00:00+00:00,23.320002,0.0,36400.0,0.0,0.0,0.0,10.182337,2026-09-11,15,Friday,False,False,False,9,FALL,CLEAR,LIGHT
MANHATTAN,2026-09-11 16:00:00+00:00,24.12,0.0,38400.0,0.0,0.0,0.0,10.805998,2026-09-11,16,Friday,False,True,False,9,FALL,CLEAR,LIGHT
MANHATTAN,2026-09-11 17:00:00+00:00,25.77,0.0,43900.0,0.0,0.0,0.0,12.181624,2026-09-11,17,Friday,False,True,False,9,FALL,CLEAR,LIGHT
MANHATTAN,2026-09-11 18:00:00+00:00,26.67,0.0,48500.0,0.0,0.0,0.0,10.966713,2026-09-11,18,Friday,False,True,False,9,FALL,CLEAR,LIGHT
MANHATTAN,2026-09-11 19:00:00+00:00,27.720001,0.0,56700.0,0.0,0.0,0.0,12.641076,2026-09-11,19,Friday,False,False,False,9,FALL,CLEAR,LIGHT
MANHATTAN,2026-09-11 20:00:00+00:00,27.720001,0.0,59300.0,0.0,0.0,0.0,15.530151,2026-09-11,20,Friday,False,False,True,9,FALL,CLEAR,LIGHT
MANHATTAN,2026-09-11 21:00:00+00:00,26.62,0.0,53100.0,0.0,0.0,0.0,12.738099,2026-09-11,21,Friday,False,False,True,9,FALL,CLEAR,LIGHT
MANHATTAN,2026-09-11 22:00:00+00:00,26.320002,0.0,57200.0,0.0,0.0,0.0,10.1887,2026-09-11,22,Friday,False,False,True,9,FALL,CLEAR,LIGHT
MANHATTAN,2026-09-11 23:00:00+00:00,24.62,0.0,56200.0,0.0,0.0,0.0,6.696387,2026-09-11,23,Friday,False,False,True,9,FALL,CLEAR,LIGHT
MANHATTAN,2026-09-12 00:00:00+00:00,22.77,0.0,49900.0,0.0,0.0,0.0,9.659814,2026-09-12,0,Saturday,True,False,True,9,FALL,CLEAR,LIGHT
MANHATTAN,2026-09-12 01:00:00+00:00,21.77,0.0,40200.0,0.0,0.0,0.0,1.2979984,2026-09-12,1,Saturday,True,False,True,9,FALL,CLEAR,LIGHT
MANHATTAN,2026-09-12 02:00:00+00:00,21.37,0.0,42400.0,0.0,0.0,0.0,5.904439,2026-09-12,2,Saturday,True,False,True,9,FALL,CLEAR,LIGHT
MANHATTAN,2026-09-12 03:00:00+00:00,20.37,0.0,38100.0,0.0,0.0,0.0,6.130579,2026-09-12,3,Saturday,True,False,True,9,FALL,CLEAR,LIGHT
MANHATTAN,2026-09-12 04:00:00+00:00,19.27,0.0,32900.0,0.0,0.0,0.0,4.3349743,2026-09-12,4,Saturday,True,False,True,9,FALL,CLEAR,LIGHT
MANHATTAN,2026-09-12 05:00:00+00:00,18.070002,0.0,23400.0,0.0,0.0,0.0,4.2136917,2026-09-12,5,Saturday,True,False,True,9,FALL,CLEAR,LIGHT
MANHATTAN,2026-09-12 06:00:00+00:00,17.570002,0.0,21400.0,0.0,0.0,0.0,3.5455887,2026-09-12,6,Saturday,True,False,False,9,FALL,CLEAR,LIGHT
MANHATTAN,2026-09-12 07:00:00+00:00,17.320002,0.0,21800.0,0.0,0.0,0.0,4.1046314,2026-09-12,7,Saturday,True,True,False,9,FALL,CLEAR,LIGHT
MANHATTAN,2026-09-12 08:00:00+00:00,16.87,0.0,21900.0,0.0,0.0,0.0,6.9247384,2026-09-12,8,Saturday,True,True,False,9,FALL,CLEAR,LIGHT
MANHATTAN,2026-09-12 09:00:00+00:00,16.02,0.0,18400.0,0.0,0.0,0.0,5.2416787,2026-09-12,9,Saturday,True,True,False,9,FALL,CLEAR,LIGHT
MANHATTAN,2026-09-12 10:00:00+00:00,16.12,0.0,18400.0,0.0,0.0,0.0,5.6233797,2026-09-12,10,Saturday,True,False,False,9,FALL,CLEAR,LIGHT
MANHATTAN,2026-09-12 11:00:00+00:00,16.02,0.0,17900.0,0.0,0.0,0.0,3.8939953,2026-09-12,11,Saturday,True,False,False,9,FALL,CLEAR,LIGHT
MANHATTAN,2026-09-12 12:00:00+00:00,18.320002,0.0,20500.0,0.0,0.0,0.0,4.3498964,2026-09-12,12,Saturday,True,False,False,9,FALL,CLEAR,LIGHT
MANHATTAN,2026-09-12 13:00:00+00:00,20.62,0.0,23700.0,0.0,0.0,0.0,6.3690495,2026-09-12,13,Saturday,True,False,False,9,FALL,CLEAR,LIGHT
MANHATTAN,2026-09-12 14:00:00+00:00,22.77,0.0,23400.0,0.0,0.0,0.0,6.5693827,2026-09-12,14,Saturday,True,False,False,9,FALL,CLEAR,LIGHT
MANHATTAN,2026-09-12 15:00:00+00:00,24.37,0.0,25100.0,0.0,0.0,0.0,8.209263,2026-09-12,15,Saturday,True,False,False,9,FALL,CLEAR,LIGHT
MANHATTAN,2026-09-12 16:00:00+00:00,25.67,0.0,28500.0,0.0,0.0,0.0,6.297428,2026-09-12,16,Saturday,True,True,False,9,FALL,CLEAR,LIGHT
MANHATTAN,2026-09-12 17:00:00+00:00,25.77,0.0,27900.0,0.0,0.0,0.0,16.981165,2026-09-12,17,Saturday,True,True,False,9,FALL,CLEAR,LIGHT
MANHATTAN,2026-09-12 18:00:00+00:00,26.27,0.0,29600.0,0.0,0.0,0.0,16.610792,2026-09-12,18,Saturday,True,True,False,9,FALL,CLEAR,LIGHT
MANHATTAN,2026-09-12 19:00:00+00:00,25.37,0.0,28500.0,0.0,0.0,0.0,18.374111,2026-09-12,19,Saturday,True,False,False,9,FALL,CLEAR,LIGHT
MANHATTAN,2026-09-12 20:00:00+00:00,25.42,0.0,31600.0,0.0,0.0,0.0,18.171976,2026-09-12,20,Saturday,True,False,True,9,FALL,CLEAR,LIGHT
MANHATTAN,2026-09-12 21:00:00+00:00,24.570002,0.0,29400.0,0.0,0.0,0.0,18.0,2026-09-12,21,Saturday,True,False,True,9,FALL,CLEAR,LIGHT
MANHATTAN,2026-09-12 22:00:00+00:00,23.67,0.0,28600.0,0.0,0.0,0.0,18.171976,2026-09-12,22,Saturday,True,False,True,9,FALL,CLEAR,LIGHT
MANHATTAN,2026-09-12 23:00:00+00:00,22.92,0.0,30200.0,0.0,0.0,0.0,14.973577,2026-09-12,23,Saturday,True,False,True,9,FALL,CLEAR,LIGHT
MANHATTAN,2026-09-13 00:00:00+00:00,22.52,0.0,29000.0,0.0,0.0,0.0,10.739832,2026-09-13,0,Sunday,True,False,True,9,FALL,CLEAR,LIGHT
MANHATTAN,2026-09-13 01:00:00+00:00,22.220001,0.0,28500.0,0.0,0.0,0.0,7.9932966,2026-09-13,1,Sunday,True,False,True,9,FALL,CLEAR,LIGHT
MANHATTAN,2026-09-13 02:00:00+00:00,21.720001,0.0,25300.0,0.0,0.0,0.0,7.7043357,2026-09-13,2,Sunday,True,False,True,9,FALL,CLEAR,LIGHT
MANHATTAN,2026-09-13 03:00:00+00:00,21.070002,0.0,22300.0,0.0,0.0,0.0,6.8777895,2026-09-13,3,Sunday,True,False,True,9,FALL,CLEAR,LIGHT
MANHATTAN,2026-09-13 04:00:00+00:00,21.320002,0.0,21200.0,0.0,0.0,0.0,4.6800003,2026-09-13,4,Sunday,True,False,True,9,FALL,CLEAR,LIGHT
MANHATTAN,2026-09-13 05:00:00+00:00,21.12,0.0,20800.0,0.0,0.0,0.0,5.4833565,2026-09-13,5,Sunday,True,False,True,9,FALL,CLEAR,LIGHT
MANHATTAN,2026-09-13 06:00:00+00:00,20.77,0.0,18600.0,0.0,0.0,0.0,8.854829,2026-09-13,6,Sunday,True,False,False,9,FALL,CLEAR,LIGHT
MANHATTAN,2026-09-13 07:00:00+00:00,20.320002,0.0,15700.0,0.0,0.0,0.0,4.3349743,2026-09-13,7,Sunday,True,True,False,9,FALL,CLEAR,LIGHT
MANHATTAN,2026-09-13 08:00:00+00:00,20.970001,0.0,17300.0,0.0,0.0,0.0,5.937272,2026-09-13,8,Sunday,True,True,False,9,FALL,CLEAR,LIGHT
MANHATTAN,2026-09-13 09:00:00+00:00,20.720001,0.4,5700.0,0.4,0.0,0.0,1.1384199,2026-09-13,9,Sunday,True,True,False,9,FALL,RAIN,LIGHT
MANHATTAN,2026-09-13 10:00:00+00:00,20.67,0.0,13700.0,0.0,0.0,0.0,4.5536795,2026-09-13,10,Sunday,True,False,False,9,FALL,CLEAR,LIGHT
MANHATTAN,2026-09-13 11:00:00+00:00,20.42,0.0,8000.0,0.0,0.0,0.0,3.219938,2026-09-13,11,Sunday,True,False,False,9,FALL,CLEAR,LIGHT
MANHATTAN,2026-09-13 12:00:00+00:00,20.87,0.4,12200.0,0.4,0.0,0.0,2.0364676,2026-09-13,12,Sunday,True,False,False,9,FALL,RAIN,LIGHT
MANHATTAN,2026-09-13 13:00:00+00:00,19.820002,2.2,7100.0,2.2,0.0,0.0,2.6208394,2026-09-13,13,Sunday,True,False,False,9,FALL,RAIN,LIGHT
MANHATTAN,2026-09-13 14:00:00+00:00,20.820002,0.4,12200.0,0.4,0.0,0.0,6.9527545,2026-09-13,14,Sunday,True,False,False,9,FALL,RAIN,LIGHT
MANHATTAN,2026-09-13 15:00:00+00:00,20.320002,0.7,12200.0,0.7,0.0,0.0,11.923557,2026-09-13,15,Sunday,True,False,False,9,FALL,RAIN,LIGHT
MANHATTAN,2026-09-13 16:00:00+00:00,20.320002,0.7,12200.0,0.7,0.0,0.0,7.127636,2026-09-13,16,Sunday,True,True,False,9,FALL,RAIN,LIGHT
MANHATTAN,2026-09-13 17:00:00+00:00,21.52,0.0,12200.0,0.0,0.0,0.0,10.685391,2026-09-13,17,Sunday,True,True,False,9,FALL,CLEAR,LIGHT
MANHATTAN,2026-09-13 18:00:00+00:00,23.42,0.0,14500.0,0.0,0.0,0.0,4.39436,2026-09-13,18,Sunday,True,True,False,9,FALL,CLEAR,LIGHT
MANHATTAN,2026-09-13 19:00:00+00:00,24.92,0.0,16000.0,0.0,0.0,0.0,3.096837,2026-09-13,19,Sunday,True,False,False,9,FALL,CLEAR,LIGHT
MANHATTAN,2026-09-13 20:00:00+00:00,25.970001,0.0,20300.0,0.0,0.0,0.0,2.2768397,2026-09-13,20,Sunday,True,False,True,9,FALL,CLEAR,LIGHT
MANHATTAN,2026-09-13 21:00:00+00:00,26.27,0.0,21100.0,0.0,0.0,0.0,3.8773184,2026-09-13,21,Sunday,True,False,True,9,FALL,CLEAR,LIGHT
MANHATTAN,2026-09-13 22:00:00+00:00,26.02,0.0,21400.0,0.0,0.0,0.0,2.8116899,2026-09-13,22,Sunday,True,False,True,9,FALL,CLEAR,LIGHT
MANHATTAN,2026-09-13 23:00:00+00:00,25.42,0.0,22100.0,0.0,0.0,0.0,0.5091169,2026-09-13,23,Sunday,True,False,True,9,FALL,CLEAR,LIGHT
MANHATTAN,2026-09-14 00:00:00+00:00,24.42,0.0,17900.0,0.0,0.0,0.0,5.3999996,2026-09-14,0,Monday,False,False,True,9,FALL,CLEAR,LIGHT
MANHATTAN,2026-09-14 01:00:00+00:00,23.77,0.0,17300.0,0.0,0.0,0.0,6.9247384,2026-09-14,1,Monday,False,False,True,9,FALL,CLEAR,LIGHT
MANHATTAN,2026-09-14 02:00:00+00:00,22.970001,0.0,14000.0,0.0,0.0,0.0,5.4477882,2026-09-14,2,Monday,False,False,True,9,FALL,CLEAR,LIGHT
MANHATTAN,2026-09-14 03:00:00+00:00,22.87,0.0,15500.0,0.0,0.0,0.0,5.0142193,2026-09-14,3,Monday,False,False,True,9,FALL,CLEAR,LIGHT
MANHATTAN,2026-09-14 04:00:00+00:00,22.720001,0.0,17500.0,0.0,0.0,0.0,5.4833565,2026-09-14,4,Monday,False,False,True,9,FALL,CLEAR,LIGHT
MANHATTAN,2026-09-14 05:00:00+00:00,22.470001,0.0,14400.0,0.0,0.0,0.0,4.510787,2026-09-14,5,Monday,False,False,True,9,FALL,CLEAR,LIGHT
MANHATTAN,2026-09-14 06:00:00+00:00,22.77,0.0,15800.0,0.0,0.0,0.0,11.874544,2026-09-14,6,Monday,False,False,False,9,FALL,CLEAR,LIGHT
MANHATTAN,2026-09-14 07:00:00+00:00,22.67,0.0,17200.0,0.0,0.0,0.0,9.531505,2026-09-14,7,Monday,False,True,False,9,FALL,CLEAR,LIGHT
MANHATTAN,2026-09-14 08:00:00+00:00,22.17,0.0,19500.0,0.0,0.0,0.0,12.979984,2026-09-14,8,Monday,False,True,False,9,FALL,CLEAR,LIGHT
MANHATTAN,2026-09-14 09:00:00+00:00,20.720001,0.0,21300.0,0.0,0.0,0.0,15.021105,2026-09-14,9,Monday,False,True,False,9,FALL,CLEAR,LIGHT
MANHATTAN,2026-09-14 10:00:00+00:00,20.470001,0.0,20700.0,0.0,0.0,0.0,12.538134,2026-09-14,10,Monday,False,False,False,9,FALL,CLEAR,LIGHT
MANHATTAN,2026-09-14 11:00:00+00:00,21.02,0.0,23800.0,0.0,0.0,0.0,14.255272,2026-09-14,11,Monday,False,False,False,9,FALL,CLEAR,LIGHT
MANHATTAN,2026-09-14 12:00:00+00:00,19.77,0.0,30400.0,0.0,0.0,0.0,17.713316,2026-09-14,12,Monday,False,False,False,9,FALL,CLEAR,LIGHT
MANHATTAN,2026-09-14 13:00:00+00:00,20.220001,0.0,33400.0,0.0,0.0,0.0,18.075441,2026-09-14,13,Monday,False,False,False,9,FALL,CLEAR,LIGHT
MANHATTAN,2026-09-14 14:00:00+00:00,21.220001,0.0,34200.0,0.0,0.0,0.0,19.406637,2026-09-14,14,Monday,False,False,False,9,FALL,CLEAR,LIGHT
MANHATTAN,2026-09-14 15:00:00+00:00,22.52,0.0,40100.0,0.0,0.0,0.0,21.710716,2026-09-14,15,Monday,False,False,False,9,FALL,CLEAR,LIGHT
MANHATTAN,2026-09-14 16:00:00+00:00,23.52,0.0,44800.0,0.0,0.0,0.0,21.38897,2026-09-14,16,Monday,False,True,False,9,FALL,CLEAR,LIGHT
MANHATTAN,2026-09-14 17:00:00+00:00,24.77,0.0,42800.0,0.0,0.0,0.0,21.413193,2026-09-14,17,Monday,False,True,False,9,FALL,CLEAR,LIGHT
MANHATTAN,2026-09-14 18:00:00+00:00,24.37,0.0,48700.0,0.0,0.0,0.0,22.104116,2026-09-14,18,Monday,False,True,False,9,FALL,CLEAR,LIGHT
MANHATTAN,2026-09-14 19:00:00+00:00,24.87,0.0,56400.0,0.0,0.0,0.0,20.883102,2026-09-14,19,Monday,False,False,False,9,FALL,CLEAR,LIGHT
MANHATTAN,2026-09-14 20:00:00+00:00,24.720001,0.0,60600.0,0.0,0.0,0.0,21.897945,2026-09-14,20,Monday,False,False,True,9,FALL,CLEAR,LIGHT
MANHATTAN,2026-09-14 21:00:00+00:00,24.320002,0.0,61400.0,0.0,0.0,0.0,17.87718,2026-09-14,21,Monday,False,False,True,9,FALL,CLEAR,LIGHT
MANHATTAN,2026-09-14 22:00:00+00:00,23.720001,0.0,63900.0,0.0,0.0,0.0,18.532135,2026-09-14,22,Monday,False,False,True,9,FALL,CLEAR,LIGHT
MANHATTAN,2026-09-14 23:00:00+00:00,22.62,0.0,59100.0,0.0,0.0,0.0,11.753876,2026-09-14,23,Monday,False,False,True,9,FALL,CLEAR,LIGHT
MANHATTAN,2026-09-15 00:00:00+00:00,21.12,0.0,49500.0,0.0,0.0,0.0,12.096214,2026-09-15,0,Tuesday,False,False,True,9,FALL,CLEAR,LIGHT
MANHATTAN,2026-09-15 01:00:00+00:00,19.92,0.0,46400.0,0.0,0.0,0.0,7.928177,2026-09-15,1,Tuesday,False,False,True,9,FALL,CLEAR,LIGHT
MANHATTAN,2026-09-15 02:00:00+00:00,18.02,0.0,36000.0,0.0,0.0,0.0,7.342588,2026-09-15,2,Tuesday,False,False,True,9,FALL,CLEAR,LIGHT
MANHATTAN,2026-09-15 03:00:00+00:00,17.220001,0.0,36300.0,0.0,0.0,0.0,6.6185193,2026-09-15,3,Tuesday,False,False,True,9,FALL,CLEAR,LIGHT
MANHATTAN,2026-09-15 04:00:00+00:00,15.72,0.0,30900.0,0.0,0.0,0.0,6.638072,2026-09-15,4,Tuesday,False,False,True,9,FALL,CLEAR,LIGHT
MANHATTAN,2026-09-15 05:00:00+00:00,15.0199995,0.0,28400.0,0.0,0.0,0.0,7.491114,2026-09-15,5,Tuesday,False,False,True,9,FALL,CLEAR,LIGHT
MANHATTAN,2026-09-15 06:00:00+00:00,14.57,0.0,27600.0,0.0,0.0,0.0,6.2145634,2026-09-15,6,Tuesday,False,False,False,9,FALL,CLEAR,LIGHT
MANHATTAN,2026-09-15 07:00:00+00:00,13.67,0.0,24700.0,0.0,0.0,0.0,6.2145634,2026-09-15,7,Tuesday,False,True,False,9,FALL,CLEAR,LIGHT
MANHATTAN,2026-09-15 08:00:00+00:00,12.97,0.0,22800.0,0.0,0.0,0.0,7.9526596,2026-09-15,8,Tuesday,False,True,False,9,FALL,CLEAR,LIGHT
MANHATTAN,2026-09-15 09:00:00+00:00,12.72,0.0,22000.0,0.0,0.0,0.0,3.6179552,2026-09-15,9,Tuesday,False,True,False,9,FALL,CLEAR,LIGHT
MANHATTAN,2026-09-15 10:00:00+00:00,12.57,0.0,21500.0,0.0,0.0,0.0,6.379216,2026-09-15,10,Tuesday,False,False,False,9,FALL,CLEAR,LIGHT
MANHATTAN,2026-09-15 11:00:00+00:00,12.42,0.0,21500.0,0.0,0.0,0.0,5.4477882,2026-09-15,11,Tuesday,False,False,False,9,FALL,CLEAR,LIGHT
MANHATTAN,2026-09-15 12:00:00+00:00,14.72,0.0,24600.0,0.0,0.0,0.0,9.028754,2026-09-15,12,Tuesday,False,False,False,9,FALL,CLEAR,LIGHT
MANHATTAN,2026-09-15 13:00:00+00:00,16.570002,0.0,27800.0,0.0,0.0,0.0,9.220499,2026-09-15,13,Tuesday,False,False,False,9,FALL,CLEAR,LIGHT
MANHATTAN,2026-09-15 14:00:00+00:00,18.37,0.0,32100.0,0.0,0.0,0.0,8.942214,2026-09-15,14,Tuesday,False,False,False,9,FALL,CLEAR,LIGHT
MANHATTAN,2026-09-15 15:00:00+00:00,19.62,0.0,30700.0,0.0,0.0,0.0,8.404285,2026-09-15,15,Tuesday,False,False,False,9,FALL,CLEAR,LIGHT
MANHATTAN,2026-09-15 16:00:00+00:00,20.87,0.0,33100.0,0.0,0.0,0.0,4.198285,2026-09-15,16,Tuesday,False,True,False,9,FALL,CLEAR,LIGHT
MANHATTAN,2026-09-15 17:00:00+00:00,22.67,0.0,38800.0,0.0,0.0,0.0,1.9386592,2026-09-15,17,Tuesday,False,True,False,9,FALL,CLEAR,LIGHT
MANHATTAN,2026-09-15 18:00:00+00:00,22.820002,0.0,39300.0,0.0,0.0,0.0,5.506941,2026-09-15,18,Tuesday,False,True,False,9,FALL,CLEAR,LIGHT
MANHATTAN,2026-09-15 19:00:00+00:00,24.02,0.0,41900.0,0.0,0.0,0.0,1.2979984,2026-09-15,19,Tuesday,False,False,False,9,FALL,CLEAR,LIGHT
MANHATTAN,2026-09-15 20:00:00+00:00,23.17,0.0,35700.0,0.0,0.0,0.0,9.3876505,2026-09-15,20,Tuesday,False,False,True,9,FALL,CLEAR,LIGHT
MANHATTAN,2026-09-15 21:00:00+00:00,22.87,0.0,33500.0,0.0,0.0,0.0,10.948973,2026-09-15,21,Tuesday,False,False,True,9,FALL,CLEAR,LIGHT
MANHATTAN,2026-09-15 22:00:00+00:00,21.470001,0.0,32400.0,0.0,0.0,0.0,11.841756,2026-09-15,22,Tuesday,False,False,True,9,FALL,CLEAR,LIGHT
MANHATTAN,2026-09-15 23:00:00+00:00,19.27,0.0,28900.0,0.0,0.0,0.0,14.081477,2026-09-15,23,Tuesday,False,False,True,9,FALL,CLEAR,LIGHT
MANHATTAN,2026-09-16 00:00:00+00:00,18.87,0.0,29500.0,0.0,0.0,0.0,12.031756,2026-09-16,0,Wednesday,False,False,True,9,FALL,CLEAR,LIGHT
MANHATTAN,2026-09-16 01:00:00+00:00,17.820002,0.0,27700.0,0.0,0.0,0.0,7.386582,2026-09-16,1,Wednesday,False,False,True,9,FALL,CLEAR,LIGHT
MANHATTAN,2026-09-16 02:00:00+00:00,17.220001,0.0,24500.0,0.0,0.0,0.0,6.9247384,2026-09-16,2,Wednesday,False,False,True,9,FALL,CLEAR,LIGHT
MANHATTAN,2026-09-16 03:00:00+00:00,16.62,0.0,23600.0,0.0,0.0,0.0,5.3517847,2026-09-16,3,Wednesday,False,False,True,9,FALL,CLEAR,LIGHT
MANHATTAN,2026-09-16 04:00:00+00:00,16.12,0.0,21300.0,0.0,0.0,0.0,2.7416782,2026-09-16,4,Wednesday,False,False,True,9,FALL,CLEAR,LIGHT
MANHATTAN,2026-09-16 05:00:00+00:00,15.72,0.0,19300.0,0.0,0.0,0.0,1.1384199,2026-09-16,5,Wednesday,False,False,True,9,FALL,CLEAR,LIGHT
MANHATTAN,2026-09-16 06:00:00+00:00,15.919999,0.0,20000.0,0.0,0.0,0.0,5.4477882,2026-09-16,6,Wednesday,False,False,False,9,FALL,CLEAR,LIGHT
MANHATTAN,2026-09-16 07:00:00+00:00,15.37,0.0,17000.0,0.0,0.0,0.0,3.219938,2026-09-16,7,Wednesday,False,True,False,9,FALL,CLEAR,LIGHT
MANHATTAN,2026-09-16 08:00:00+00:00,15.67,0.0,18800.0,0.0,0.0,0.0,2.5455842,2026-09-16,8,Wednesday,False,True,False,9,FALL,CLEAR,LIGHT
MANHATTAN,2026-09-16 09:00:00+00:00,15.57,0.0,18800.0,0.0,0.0,0.0,1.08,2026-09-16,9,Wednesday,False,True,False,9,FALL,CLEAR,LIGHT
MANHATTAN,2026-09-16 10:00:00+00:00,15.57,0.0,20400.0,0.0,0.0,0.0,5.495161,2026-09-16,10,Wednesday,False,False,False,9,FALL,CLEAR,LIGHT
MANHATTAN,2026-09-16 11:00:00+00:00,15.67,0.0,19000.0,0.0,0.0,0.0,4.3498964,2026-09-16,11,Wednesday,False,False,False,9,FALL,CLEAR,LIGHT
MANHATTAN,2026-09-16 12:00:00+00:00,17.570002,0.0,20600.0,0.0,0.0,0.0,4.6938257,2026-09-16,12,Wednesday,False,False,False,9,FALL,CLEAR,LIGHT
MANHATTAN,2026-09-16 13:00:00+00:00,18.42,0.0,22700.0,0.0,0.0,0.0,9.47012,2026-09-16,13,Wednesday,False,False,False,9,FALL,CLEAR,LIGHT
MANHATTAN,2026-09-16 14:00:00+00:00,18.52,0.0,18000.0,0.0,0.0,0.0,7.072878,2026-09-16,14,Wednesday,False,False,False,9,FALL,CLEAR,LIGHT
MANHATTAN,2026-09-16 15:00:00+00:00,21.470001,0.0,25200.0,0.0,0.0,0.0,9.726664,2026-09-16,15,Wednesday,False,False,False,9,FALL,CLEAR,LIGHT
MANHATTAN,2026-09-16 16:00:00+00:00,23.67,0.0,27500.0,0.0,0.0,0.0,11.983188,2026-09-16,16,Wednesday,False,True,False,9,FALL,CLEAR,LIGHT
MANHATTAN,2026-09-16 17:00:00+00:00,25.12,0.0,30400.0,0.0,0.0,0.0,12.43434,2026-09-16,17,Wednesday,False,True,False,9,FALL,CLEAR,LIGHT
MANHATTAN,2026-09-16 18:00:00+00:00,25.67,0.0,29800.0,0.0,0.0,0.0,14.113653,2026-09-16,18,Wednesday,False,True,False,9,FALL,CLEAR,LIGHT
MANHATTAN,2026-09-16 19:00:00+00:00,24.820002,0.0,29400.0,0.0,0.0,0.0,10.1376915,2026-09-16,19,Wednesday,False,False,False,9,FALL,CLEAR,LIGHT
MANHATTAN,2026-09-16 20:00:00+00:00,25.92,0.0,28100.0,0.0,0.0,0.0,13.0447235,2026-09-16,20,Wednesday,False,False,True,9,FALL,CLEAR,LIGHT
MANHATTAN,2026-09-16 21:00:00+00:00,24.52,0.0,22000.0,0.0,0.0,0.0,15.349684,2026-09-16,21,Wednesday,False,False,True,9,FALL,CLEAR,LIGHT
MANHATTAN,2026-09-16 22:00:00+00:00,23.720001,0.0,21500.0,0.0,0.0,0.0,13.044722,2026-09-16,22,Wednesday,False,False,True,9,FALL,CLEAR,LIGHT
MANHATTAN,2026-09-16 23:00:00+00:00,23.02,0.0,20400.0,0.0,0.0,0.0,10.587918,2026-09-16,23,Wednesday,False,False,True,9,FALL,CLEAR,LIGHT
MANHATTAN,2026-09-17 00:00:00+00:00,22.52,0.0,19600.0,0.0,0.0,0.0,4.8965297,2026-09-17,0,Thursday,False,False,True,9,FALL,CLEAR,LIGHT
MANHATTAN,2026-09-17 01:00:00+00:00,22.17,0.0,18600.0,0.0,0.0,0.0,4.8433046,2026-09-17,1,Thursday,False,False,True,9,FALL,CLEAR,LIGHT
MANHATTAN,2026-09-17 02:00:00+00:00,21.92,0.0,17400.0,0.0,0.0,0.0,4.2136917,2026-09-17,2,Thursday,False,False,True,9,FALL,CLEAR,LIGHT
MANHATTAN,2026-09-17 03:00:00+00:00,22.17,0.0,17400.0,0.0,0.0,0.0,2.2768397,2026-09-17,3,Thursday,False,False,True,9,FALL,CLEAR,LIGHT
MANHATTAN,2026-09-17 04:00:00+00:00,21.970001,0.0,14400.0,0.0,0.0,0.0,4.1046314,2026-09-17,4,Thursday,False,False,True,9,FALL,CLEAR,LIGHT
MANHATTAN,2026-09-17 05:00:00+00:00,22.320002,0.0,17300.0,0.0,0.0,0.0,6.0347,2026-09-17,5,Thursday,False,False,True,9,FALL,CLEAR,LIGHT
MANHATTAN,2026-09-17 06:00:00+00:00,22.470001,0.0,20300.0,0.0,0.0,0.0,8.435069,2026-09-17,6,Thursday,False,False,False,9,FALL,CLEAR,LIGHT
MANHATTAN,2026-09-17 07:00:00+00:00,21.77,0.0,18300.0,0.0,0.0,0.0,4.072935,2026-09-17,7,Thursday,False,True,False,9,FALL,CLEAR,LIGHT
MANHATTAN,2026-09-17 08:00:00+00:00,21.820002,0.0,20900.0,0.0,0.0,0.0,4.32,2026-09-17,8,Thursday,False,True,False,9,FALL,CLEAR,LIGHT
MANHATTAN,2026-09-17 09:00:00+00:00,21.320002,0.0,19400.0,0.0,0.0,0.0,1.5273507,2026-09-17,9,Thursday,False,True,False,9,FALL,CLEAR,LIGHT
MANHATTAN,2026-09-17 10:00:00+00:00,20.92,0.0,14600.0,0.0,0.0,0.0,3.671294,2026-09-17,10,Thursday,False,False,False,9,FALL,CLEAR,LIGHT
MANHATTAN,2026-09-17 11:00:00+00:00,21.070002,0.0,15600.0,0.0,0.0,0.0,0.5091169,2026-09-17,11,Thursday,False,False,False,9,FALL,CLEAR,LIGHT
MANHATTAN,2026-09-17 12:00:00+00:00,22.02,0.0,15400.0,0.0,0.0,0.0,2.6208394,2026-09-17,12,Thursday,False,False,False,9,FALL,CLEAR,LIGHT
MANHATTAN,2026-09-17 13:00:00+00:00,23.67,0.0,17200.0,0.0,0.0,0.0,2.1897945,2026-09-17,13,Thursday,False,False,False,9,FALL,CLEAR,LIGHT
MANHATTAN,2026-09-17 14:00:00+00:00,25.12,0.0,20400.0,0.0,0.0,0.0,8.942214,2026-09-17,14,Thursday,False,False,False,9,FALL,CLEAR,LIGHT
MANHATTAN,2026-09-17 15:00:00+00:00,25.42,0.0,20800.0,0.0,0.0,0.0,11.720751,2026-09-17,15,Thursday,False,False,False,9,FALL,CLEAR,LIGHT
MANHATTAN,2026-09-17 16:00:00+00:00,27.570002,0.0,27700.0,0.0,0.0,0.0,10.829959,2026-09-17,16,Thursday,False,True,False,9,FALL,CLEAR,LIGHT
MANHATTAN,2026-09-17 17:00:00+00:00,29.070002,0.0,29700.0,0.0,0.0,0.0,15.137133,2026-09-17,17,Thursday,False,True,False,9,FALL,CLEAR,LIGHT
MANHATTAN,2026-09-17 18:00:00+00:00,27.92,0.0,26900.0,0.0,0.0,0.0,16.93531,2026-09-17,18,Thursday,False,True,False,9,FALL,CLEAR,LIGHT
MANHATTAN,2026-09-17 19:00:00+00:00,26.820002,0.0,19900.0,0.0,0.0,0.0,16.746773,2026-09-17,19,Thursday,False,False,False,9,FALL,CLEAR,LIGHT
MANHATTAN,2026-09-17 20:00:00+00:00,27.42,0.0,22500.0,0.0,0.0,0.0,15.646544,2026-09-17,20,Thursday,False,False,True,9,FALL,CLEAR,LIGHT
MANHATTAN,2026-09-17 21:00:00+00:00,27.52,0.0,24800.0,0.0,0.0,0.0,13.779114,2026-09-17,21,Thursday,False,False,True,9,FALL,CLEAR,LIGHT
MANHATTAN,2026-09-17 22:00:00+00:00,27.02,0.0,23500.0,0.0,0.0,0.0,14.003029,2026-09-17,22,Thursday,False,False,True,9,FALL,CLEAR,LIGHT
MANHATTAN,2026-09-17 23:00:00+00:00,26.87,0.0,25200.0,0.0,0.0,0.0,7.9526596,2026-09-17,23,Thursday,False,False,True,9,FALL,CLEAR,LIGHT
MANHATTAN,2026-09-18 00:00:00+00:00,27.27,0.0,27100.0,0.0,0.0,0.0,7.628263,2026-09-18,0,Friday,False,False,True,9,FALL,CLEAR,LIGHT
MANHATTAN,2026-09-18 01:00:00+00:00,26.570002,0.4,27300.0,0.4,0.0,0.0,8.12197,2026-09-18,1,Friday,False,False,True,9,FALL,RAIN,LIGHT
MANHATTAN,2026-09-18 02:00:00+00:00,25.67,0.0,21900.0,0.0,0.0,0.0,1.609969,2026-09-18,2,Friday,False,False,True,9,FALL,CLEAR,LIGHT
MANHATTAN,2026-09-18 03:00:00+00:00,25.02,0.0,20400.0,0.0,0.0,0.0,3.6179552,2026-09-18,3,Friday,False,False,True,9,FALL,CLEAR,LIGHT
MANHATTAN,2026-09-18 04:00:00+00:00,24.720001,0.0,19700.0,0.0,0.0,0.0,7.42159,2026-09-18,4,Friday,False,False,True,9,FALL,CLEAR,LIGHT
MANHATTAN,2026-09-18 05:00:00+00:00,24.62,0.0,18100.0,0.0,0.0,0.0,5.7599998,2026-09-18,5,Friday,False,False,True,9,FALL,CLEAR,LIGHT
MANHATTAN,2026-09-18 06:00:00+00:00,24.17,0.0,18700.0,0.0,0.0,0.0,5.1919937,2026-09-18,6,Friday,False,False,False,9,FALL,CLEAR,LIGHT
MANHATTAN,2026-09-18 07:00:00+00:00,24.02,0.0,18200.0,0.0,0.0,0.0,4.8433046,2026-09-18,7,Friday,False,True,False,9,FALL,CLEAR,LIGHT
MANHATTAN,2026-09-18 08:00:00+00:00,24.02,0.0,16400.0,0.0,0.0,0.0,5.771239,2026-09-18,8,Friday,False,True,False,9,FALL,CLEAR,LIGHT
MANHATTAN,2026-09-18 09:00:00+00:00,23.320002,0.0,15000.0,0.0,0.0,0.0,5.4833565,2026-09-18,9,Friday,False,True,False,9,FALL,CLEAR,LIGHT
MANHATTAN,2026-09-18 10:00:00+00:00,23.12,0.0,15600.0,0.0,0.0,0.0,6.439876,2026-09-18,10,Friday,False,False,False,9,FALL,CLEAR,LIGHT
MANHATTAN,2026-09-18 11:00:00+00:00,22.570002,0.0,15200.0,0.0,0.0,0.0,8.766573,2026-09-18,11,Friday,False,False,False,9,FALL,CLEAR,LIGHT
MANHATTAN,2026-09-18 12:00:00+00:00,23.070002,0.0,16000.0,0.0,0.0,0.0,10.594036,2026-09-18,12,Friday,False,False,False,9,FALL,CLEAR,LIGHT
MANHATTAN,2026-09-18 13:00:00+00:00,23.42,0.0,16600.0,0.0,0.0,0.0,11.874544,2026-09-18,13,Friday,False,False,False,9,FALL,CLEAR,LIGHT
MANHATTAN,2026-09-18 14:00:00+00:00,23.970001,0.0,20700.0,0.0,0.0,0.0,11.013882,2026-09-18,14,Friday,False,False,False,9,FALL,CLEAR,LIGHT
MANHATTAN,2026-09-18 15:00:00+00:00,24.92,0.0,22100.0,0.0,0.0,0.0,14.759999,2026-09-18,15,Friday,False,False,False,9,FALL,CLEAR,LIGHT
MANHATTAN,2026-09-18 16:00:00+00:00,25.62,0.0,25200.0,0.0,0.0,0.0,11.720751,2026-09-18,16,Friday,False,True,False,9,FALL,CLEAR,LIGHT
MANHATTAN,2026-09-18 17:00:00+00:00,26.67,0.0,32900.0,0.0,0.0,0.0,11.570515,2026-09-18,17,Friday,False,True,False,9,FALL,CLEAR,LIGHT
MANHATTAN,2026-09-18 18:00:00+00:00,27.320002,0.0,33300.0,0.0,0.0,0.0,12.313893,2026-09-18,18,Friday,False,True,False,9,FALL,CLEAR,LIGHT
MANHATTAN,2026-09-18 19:00:00+00:00,27.570002,0.0,36400.0,0.0,0.0,0.0,13.084402,2026-09-18,19,Friday,False,False,False,9,FALL,CLEAR,LIGHT
MANHATTAN,2026-09-18 20:00:00+00:00,28.220001,0.0,42500.0,0.0,0.0,0.0,15.158522,2026-09-18,20,Friday,False,False,True,9,FALL,CLEAR,LIGHT
MANHATTAN,2026-09-18 21:00:00+00:00,27.470001,0.0,40900.0,0.0,0.0,0.0,19.881649,2026-09-18,21,Friday,False,False,True,9,FALL,CLEAR,LIGHT
MANHATTAN,2026-09-18 22:00:00+00:00,26.220001,0.0,38100.0,0.0,0.0,0.0,12.6462,2026-09-18,22,Friday,False,False,True,9,FALL,CLEAR,LIGHT
MANHATTAN,2026-09-18 23:00:00+00:00,25.02,0.0,38800.0,0.0,0.0,0.0,10.308831,2026-09-18,23,Friday,False,False,True,9,FALL,CLEAR,LIGHT
MANHATTAN,2026-09-19 00:00:00+00:00,24.37,0.0,36300.0,0.0,0.0,0.0,7.8625183,2026-09-19,0,Saturday,True,False,True,9,FALL,CLEAR,LIGHT
MANHATTAN,2026-09-19 01:00:00+00:00,24.220001,0.0,33400.0,0.0,0.0,0.0,8.647496,2026-09-19,1,Saturday,True,False,True,9,FALL,CLEAR,LIGHT
MANHATTAN,2026-09-19 02:00:00+00:00,23.92,0.0,43400.0,0.0,0.0,0.0,12.599999,2026-09-19,2,Saturday,True,False,True,9,FALL,CLEAR,LIGHT
MANHATTAN,2026-09-19 03:00:00+00:00,23.02,0.0,38500.0,0.0,0.0,0.0,11.183201,2026-09-19,3,Saturday,True,False,True,9,FALL,CLEAR,LIGHT
MANHATTAN,2026-09-19 04:00:00+00:00,21.77,0.0,39400.0,0.0,0.0,0.0,14.512064,2026-09-19,4,Saturday,True,False,True,9,FALL,CLEAR,LIGHT
MANHATTAN,2026-09-19 05:00:00+00:00,20.220001,0.0,36500.0,0.0,0.0,0.0,14.973576,2026-09-19,5,Saturday,True,False,True,9,FALL,CLEAR,LIGHT
MANHATTAN,2026-09-19 06:00:00+00:00,19.87,0.0,33000.0,0.0,0.0,0.0,12.7279215,2026-09-19,6,Saturday,True,False,False,9,FALL,CLEAR,LIGHT
MANHATTAN,2026-09-19 07:00:00+00:00,18.67,0.0,32400.0,0.0,0.0,0.0,12.371645,2026-09-19,7,Saturday,True,True,False,9,FALL,CLEAR,LIGHT
MANHATTAN,2026-09-19 08:00:00+00:00,18.42,0.0,31300.0,0.0,0.0,0.0,14.118243,2026-09-19,8,Saturday,True,True,False,9,FALL,CLEAR,LIGHT
MANHATTAN,2026-09-19 09:00:00+00:00,17.77,0.0,30100.0,0.0,0.0,0.0,13.684735,2026-09-19,9,Saturday,True,True,False,9,FALL,CLEAR,LIGHT
MANHATTAN,2026-09-19 10:00:00+00:00,17.470001,0.0,36100.0,0.0,0.0,0.0,15.496736,2026-09-19,10,Saturday,True,False,False,9,FALL,CLEAR,LIGHT
MANHATTAN,2026-09-19 11:00:00+00:00,18.37,0.0,42600.0,0.0,0.0,0.0,15.7908325,2026-09-19,11,Saturday,True,False,False,9,FALL,CLEAR,LIGHT
MANHATTAN,2026-09-19 12:00:00+00:00,17.62,0.0,44800.0,0.0,0.0,0.0,19.255793,2026-09-19,12,Saturday,True,False,False,9,FALL,CLEAR,LIGHT
MANHATTAN,2026-09-19 13:00:00+00:00,18.27,0.0,40700.0,0.0,0.0,0.0,17.713316,2026-09-19,13,Saturday,True,False,False,9,FALL,CLEAR,LIGHT
MANHATTAN,2026-09-19 14:00:00+00:00,18.62,0.0,37700.0,0.0,0.0,0.0,16.704155,2026-09-19,14,Saturday,True,False,False,9,FALL,CLEAR,LIGHT
MANHATTAN,2026-09-19 15:00:00+00:00,19.42,0.0,34100.0,0.0,0.0,0.0,16.323528,2026-09-19,15,Saturday,True,False,False,9,FALL,CLEAR,LIGHT
MANHATTAN,2026-09-19 16:00:00+00:00,20.17,0.0,34700.0,0.0,0.0,0.0,13.830749,2026-09-19,16,Saturday,True,True,False,9,FALL,CLEAR,LIGHT
MANHATTAN,2026-09-19 17:00:00+00:00,20.570002,0.0,35200.0,0.0,0.0,0.0,11.480557,2026-09-19,17,Saturday,True,True,False,9,FALL,CLEAR,LIGHT
MANHATTAN,2026-09-19 18:00:00+00:00,20.77,0.0,31300.0,0.0,0.0,0.0,11.988594,2026-09-19,18,Saturday,True,True,False,9,FALL,CLEAR,LIGHT
MANHATTAN,2026-09-19 19:00:00+00:00,21.070002,0.0,31200.0,0.0,0.0,0.0,8.435069,2026-09-19,19,Saturday,True,False,False,9,FALL,CLEAR,LIGHT
MANHATTAN,2026-09-19 20:00:00+00:00,21.42,0.0,32400.0,0.0,0.0,0.0,6.519877,2026-09-19,20,Saturday,True,False,True,9,FALL,CLEAR,LIGHT
MANHATTAN,2026-09-19 21:00:00+00:00,20.42,0.0,29800.0,0.0,0.0,0.0,9.114471,2026-09-19,21,Saturday,True,False,True,9,FALL,CLEAR,LIGHT
MANHATTAN,2026-09-19 22:00:00+00:00,19.87,0.0,30200.0,0.0,0.0,0.0,9.726664,2026-09-19,22,Saturday,True,False,True,9,FALL,CLEAR,LIGHT
MANHATTAN,2026-09-19 23:00:00+00:00,18.970001,0.0,29200.0,0.0,0.0,0.0,8.707237,2026-09-19,23,Saturday,True,False,True,9,FALL,CLEAR,LIGHT
MANHATTAN,2026-09-20 00:00:00+00:00,18.37,0.0,26000.0,0.0,0.0,0.0,13.584932,2026-09-20,0,Sunday,True,False,True,9,FALL,CLEAR,LIGHT
MANHATTAN,2026-09-20 01:00:00+00:00,18.070002,0.0,26300.0,0.0,0.0,0.0,11.792404,2026-09-20,1,Sunday,True,False,True,9,FALL,CLEAR,LIGHT
MANHATTAN,2026-09-20 02:00:00+00:00,17.970001,0.0,27700.0,0.0,0.0,0.0,9.693296,2026-09-20,2,Sunday,True,False,True,9,FALL,CLEAR,LIGHT
MANHATTAN,2026-09-20 03:00:00+00:00,17.820002,0.0,27300.0,0.0,0.0,0.0,7.4128532,2026-09-20,3,Sunday,True,False,True,9,FALL,CLEAR,LIGHT
MANHATTAN,2026-09-20 04:00:00+00:00,18.12,0.0,24800.0,0.0,0.0,0.0,12.218805,2026-09-20,4,Sunday,True,False,True,9,FALL,CLEAR,LIGHT
MANHATTAN,2026-09-20 05:00:00+00:00,18.220001,0.0,26100.0,0.0,0.0,0.0,9.983106,2026-09-20,5,Sunday,True,False,True,9,FALL,CLEAR,LIGHT
MANHATTAN,2026-09-20 06:00:00+00:00,18.320002,0.0,31600.0,0.0,0.0,0.0,7.2,2026-09-20,6,Sunday,True,False,False,9,FALL,CLEAR,LIGHT
MANHATTAN,2026-09-20 07:00:00+00:00,18.12,0.0,29800.0,0.0,0.0,0.0,9.693296,2026-09-20,7,Sunday,True,True,False,9,FALL,CLEAR,LIGHT
MANHATTAN,2026-09-20 08:00:00+00:00,17.820002,0.0,23700.0,0.0,0.0,0.0,10.137692,2026-09-20,8,Sunday,True,True,False,9,FALL,CLEAR,LIGHT
MANHATTAN,2026-09-20 09:00:00+00:00,17.570002,0.0,23700.0,0.0,0.0,0.0,8.825508,2026-09-20,9,Sunday,True,True,False,9,FALL,CLEAR,LIGHT
MANHATTAN,2026-09-20 10:00:00+00:00,17.570002,0.0,21500.0,0.0,0.0,0.0,7.69592,2026-09-20,10,Sunday,True,False,False,9,FALL,CLEAR,LIGHT
MANHATTAN,2026-09-20 11:00:00+00:00,17.77,0.0,20700.0,0.0,0.0,0.0,6.4799995,2026-09-20,11,Sunday,True,False,False,9,FALL,CLEAR,LIGHT
MANHATTAN,2026-09-20 12:00:00+00:00,17.42,0.4,14100.0,0.4,0.0,0.0,3.396233,2026-09-20,12,Sunday,True,False,False,9,FALL,RAIN,LIGHT
MANHATTAN,2026-09-20 13:00:00+00:00,17.62,0.7,14100.0,0.7,0.0,0.0,8.557102,2026-09-20,13,Sunday,True,False,False,9,FALL,RAIN,LIGHT
MANHATTAN,2026-09-20 14:00:00+00:00,17.720001,0.0,13600.0,0.0,0.0,0.0,11.212135,2026-09-20,14,Sunday,True,False,False,9,FALL,CLEAR,LIGHT
MANHATTAN,2026-09-20 15:00:00+00:00,17.92,0.0,14700.0,0.0,0.0,0.0,11.4862,2026-09-20,15,Sunday,True,False,False,9,FALL,CLEAR,LIGHT
MANHATTAN,2026-09-20 16:00:00+00:00,19.470001,0.0,16500.0,0.0,0.0,0.0,12.783802,2026-09-20,16,Sunday,True,True,False,9,FALL,CLEAR,LIGHT
MANHATTAN,2026-09-20 17:00:00+00:00,19.37,1.4,16400.0,1.4,0.0,0.0,10.990322,2026-09-20,17,Sunday,True,True,False,9,FALL,RAIN,LIGHT
MANHATTAN,2026-09-20 18:00:00+00:00,19.12,1.1,13600.0,1.1,0.0,0.0,10.948973,2026-09-20,18,Sunday,True,True,False,9,FALL,RAIN,LIGHT
MANHATTAN,2026-09-20 19:00:00+00:00,19.12,2.2,7500.0,2.2,0.0,0.0,10.948973,2026-09-20,19,Sunday,True,False,False,9,FALL,RAIN,LIGHT
MANHATTAN,2026-09-20 20:00:00+00:00,19.720001,0.7,2500.0,0.7,0.0,0.0,11.304229,2026-09-20,20,Sunday,True,False,True,9,FALL,RAIN,LIGHT
MANHATTAN,2026-09-20 21:00:00+00:00,19.820002,0.0,1600.0,0.0,0.0,0.0,5.634891,2026-09-20,21,Sunday,True,False,True,9,FALL,CLEAR,LIGHT
MANHATTAN,2026-09-20 22:00:00+00:00,20.12,0.0,13100.0,0.0,0.0,0.0,2.7416782,2026-09-20,22,Sunday,True,False,True,9,FALL,CLEAR,LIGHT
MANHATTAN,2026-09-20 23:00:00+00:00,20.320002,0.0,13100.0,0.0,0.0,0.0,0.71999997,2026-09-20,23,Sunday,True,False,True,9,FALL,CLEAR,LIGHT
MANHATTAN,2026-09-21 00:00:00+00:00,20.87,0.0,13800.0,0.0,0.0,0.0,3.0758414,2026-09-21,0,Monday,False,False,True,9,FALL,CLEAR,LIGHT
MANHATTAN,2026-09-21 01:00:00+00:00,20.77,0.0,3300.0,0.0,0.0,0.0,8.654986,2026-09-21,1,Monday,False,False,True,9,FALL,CLEAR,LIGHT
MANHATTAN,2026-09-21 02:00:00+00:00,20.42,0.0,13100.0,0.0,0.0,0.0,5.5887027,2026-09-21,2,Monday,False,False,True,9,FALL,CLEAR,LIGHT
MANHATTAN,2026-09-21 03:00:00+00:00,19.820002,0.0,13100.0,0.0,0.0,0.0,7.5942073,2026-09-21,3,Monday,False,False,True,9,FALL,CLEAR,LIGHT
MANHATTAN,2026-09-21 04:00:00+00:00,19.720001,0.4,13900.0,0.4,0.0,0.0,7.172949,2026-09-21,4,Monday,False,False,True,9,FALL,RAIN,LIGHT
MANHATTAN,2026-09-21 05:00:00+00:00,19.02,0.0,14500.0,0.0,0.0,0.0,8.473393,2026-09-21,5,Monday,False,False,True,9,FALL,CLEAR,LIGHT
MANHATTAN,2026-09-21 06:00:00+00:00,18.220001,0.7,14000.0,0.7,0.0,0.0,15.463244,2026-09-21,6,Monday,False,False,False,9,FALL,RAIN,LIGHT
MANHATTAN,2026-09-21 07:00:00+00:00,17.37,0.0,14600.0,0.0,0.0,0.0,14.799459,2026-09-21,7,Monday,False,True,False,9,FALL,CLEAR,LIGHT
MANHATTAN,2026-09-21 08:00:00+00:00,16.820002,0.0,14100.0,0.0,0.0,0.0,16.595179,2026-09-21,8,Monday,False,True,False,9,FALL,CLEAR,LIGHT
MANHATTAN,2026-09-21 09:00:00+00:00,16.570002,0.0,15000.0,0.0,0.0,0.0,14.471821,2026-09-21,9,Monday,False,True,False,9,FALL,CLEAR,LIGHT
MANHATTAN,2026-09-21 10:00:00+00:00,16.27,0.0,15400.0,0.0,0.0,0.0,12.964998,2026-09-21,10,Monday,False,False,False,9,FALL,CLEAR,LIGHT
MANHATTAN,2026-09-21 11:00:00+00:00,16.220001,0.0,16000.0,0.0,0.0,0.0,13.039754,2026-09-21,11,Monday,False,False,False,9,FALL,CLEAR,LIGHT
MANHATTAN,2026-09-21 12:00:00+00:00,16.12,0.0,16900.0,0.0,0.0,0.0,14.471821,2026-09-21,12,Monday,False,False,False,9,FALL,CLEAR,LIGHT
MANHATTAN,2026-09-21 13:00:00+00:00,16.42,0.0,17600.0,0.0,0.0,0.0,16.923828,2026-09-21,13,Monday,False,False,False,9,FALL,CLEAR,LIGHT
MANHATTAN,2026-09-21 14:00:00+00:00,17.220001,0.0,20600.0,0.0,0.0,0.0,17.015474,2026-09-21,14,Monday,False,False,False,9,FALL,CLEAR,LIGHT
MANHATTAN,2026-09-21 15:00:00+00:00,19.220001,0.0,26800.0,0.0,0.0,0.0,18.792551,2026-09-21,15,Monday,False,False,False,9,FALL,CLEAR,LIGHT
MANHATTAN,2026-09-21 16:00:00+00:00,20.77,0.0,33100.0,0.0,0.0,0.0,14.81259,2026-09-21,16,Monday,False,True,False,9,FALL,CLEAR,LIGHT
MANHATTAN,2026-09-21 17:00:00+00:00,22.37,0.0,37700.0,0.0,0.0,0.0,15.379206,2026-09-21,17,Monday,False,True,False,9,FALL,CLEAR,LIGHT
MANHATTAN,2026-09-21 18:00:00+00:00,22.070002,0.0,38400.0,0.0,0.0,0.0,15.349684,2026-09-21,18,Monday,False,True,False,9,FALL,CLEAR,LIGHT
MANHATTAN,2026-09-21 19:00:00+00:00,21.62,0.0,35300.0,0.0,0.0,0.0,14.186923,2026-09-21,19,Monday,False,False,False,9,FALL,CLEAR,LIGHT
MANHATTAN,2026-09-21 20:00:00+00:00,21.77,0.0,32100.0,0.0,0.0,0.0,14.799459,2026-09-21,20,Monday,False,False,True,9,FALL,CLEAR,LIGHT
MANHATTAN,2026-09-21 21:00:00+00:00,21.220001,0.0,31500.0,0.0,0.0,0.0,13.584932,2026-09-21,21,Monday,False,False,True,9,FALL,CLEAR,LIGHT
MANHATTAN,2026-09-21 22:00:00+00:00,20.070002,0.0,32500.0,0.0,0.0,0.0,12.303366,2026-09-21,22,Monday,False,False,True,9,FALL,CLEAR,LIGHT
MANHATTAN,2026-09-21 23:00:00+00:00,18.52,0.0,30300.0,0.0,0.0,0.0,8.557102,2026-09-21,23,Monday,False,False,True,9,FALL,CLEAR,LIGHT
MANHATTAN,2026-09-22 00:00:00+00:00,19.320002,0.0,32800.0,0.0,0.0,0.0,7.386582,2026-09-22,0,Tuesday,False,False,True,9,FALL,CLEAR,LIGHT
MANHATTAN,2026-09-22 01:00:00+00:00,18.42,0.0,29400.0,0.0,0.0,0.0,8.942214,2026-09-22,1,Tuesday,False,False,True,9,FALL,CLEAR,LIGHT
MANHATTAN,2026-09-22 02:00:00+00:00,18.720001,0.0,29700.0,0.0,0.0,0.0,10.464797,2026-09-22,2,Tuesday,False,False,True,9,FALL,CLEAR,LIGHT
MANHATTAN,2026-09-22 03:00:00+00:00,16.62,0.0,24700.0,0.0,0.0,0.0,12.496719,2026-09-22,3,Tuesday,False,False,True,9,FALL,CLEAR,LIGHT
MANHATTAN,2026-09-22 04:00:00+00:00,16.52,0.0,23500.0,0.0,0.0,0.0,7.42159,2026-09-22,4,Tuesday,False,False,True,9,FALL,CLEAR,LIGHT
MANHATTAN,2026-09-22 05:00:00+00:00,15.919999,0.0,22500.0,0.0,0.0,0.0,12.7279215,2026-09-22,5,Tuesday,False,False,True,9,FALL,CLEAR,LIGHT
MANHATTAN,2026-09-22 06:00:00+00:00,15.32,0.0,22000.0,0.0,0.0,0.0,13.32,2026-09-22,6,Tuesday,False,False,False,9,FALL,CLEAR,LIGHT
MANHATTAN,2026-09-22 07:00:00+00:00,14.7699995,0.0,20700.0,0.0,0.0,0.0,12.964998,2026-09-22,7,Tuesday,False,True,False,9,FALL,CLEAR,LIGHT
MANHATTAN,2026-09-22 08:00:00+00:00,14.07,0.0,18300.0,0.0,0.0,0.0,10.086427,2026-09-22,8,Tuesday,False,True,False,9,FALL,CLEAR,LIGHT
MANHATTAN,2026-09-22 09:00:00+00:00,13.62,0.0,18700.0,0.0,0.0,0.0,12.0694,2026-09-22,9,Tuesday,False,True,False,9,FALL,CLEAR,LIGHT
MANHATTAN,2026-09-22 10:00:00+00:00,13.87,0.0,19200.0,0.0,0.0,0.0,13.450708,2026-09-22,10,Tuesday,False,False,False,9,FALL,CLEAR,LIGHT
MANHATTAN,2026-09-22 11:00:00+00:00,13.92,0.0,20700.0,0.0,0.0,0.0,13.1041975,2026-09-22,11,Tuesday,False,False,False,9,FALL,CLEAR,LIGHT
MANHATTAN,2026-09-22 12:00:00+00:00,14.5199995,0.0,20500.0,0.0,0.0,0.0,14.986553,2026-09-22,12,Tuesday,False,False,False,9,FALL,CLEAR,LIGHT
MANHATTAN,2026-09-22 13:00:00+00:00,14.37,0.0,19300.0,0.0,0.0,0.0,14.33234,2026-09-22,13,Tuesday,False,False,False,9,FALL,CLEAR,LIGHT
MANHATTAN,2026-09-22 14:00:00+00:00,14.97,0.0,21900.0,0.0,0.0,0.0,16.45007,2026-09-22,14,Tuesday,False,False,False,9,FALL,CLEAR,LIGHT
MANHATTAN,2026-09-22 15:00:00+00:00,16.42,0.0,24600.0,0.0,0.0,0.0,14.904173,2026-09-22,15,Tuesday,False,False,False,9,FALL,CLEAR,LIGHT
MANHATTAN,2026-09-22 16:00:00+00:00,17.17,0.0,23400.0,0.0,0.0,0.0,16.363178,2026-09-22,16,Tuesday,False,True,False,9,FALL,CLEAR,LIGHT
MANHATTAN,2026-09-22 17:00:00+00:00,18.92,0.0,26900.0,0.0,0.0,0.0,22.45315,2026-09-22,17,Tuesday,False,True,False,9,FALL,CLEAR,LIGHT
MANHATTAN,2026-09-22 18:00:00+00:00,19.67,0.0,26700.0,0.0,0.0,0.0,22.42427,2026-09-22,18,Tuesday,False,True,False,9,FALL,CLEAR,LIGHT
MANHATTAN,2026-09-22 19:00:00+00:00,19.62,0.0,26700.0,0.0,0.0,0.0,23.675303,2026-09-22,19,Tuesday,False,False,False,9,FALL,CLEAR,LIGHT
MANHATTAN,2026-09-22 20:00:00+00:00,19.820002,0.0,32100.0,0.0,0.0,0.0,23.1774,2026-09-22,20,Tuesday,False,False,True,9,FALL,CLEAR,LIGHT
MANHATTAN,2026-09-22 21:00:00+00:00,18.970001,0.0,28000.0,0.0,0.0,0.0,17.373497,2026-09-22,21,Tuesday,False,False,True,9,FALL,CLEAR,LIGHT
MANHATTAN,2026-09-22 22:00:00+00:00,18.17,0.0,32600.0,0.0,0.0,0.0,20.12461,2026-09-22,22,Tuesday,False,False,True,9,FALL,CLEAR,LIGHT
MANHATTAN,2026-09-22 23:00:00+00:00,17.62,0.0,33500.0,0.0,0.0,0.0,18.043148,2026-09-22,23,Tuesday,False,False,True,9,FALL,CLEAR,LIGHT
MANHATTAN,2026-09-23 00:00:00+00:00,18.02,0.0,35700.0,0.0,0.0,0.0,14.904173,2026-09-23,0,Wednesday,False,False,True,9,FALL,CLEAR,LIGHT
MANHATTAN,2026-09-23 01:00:00+00:00,17.52,0.0,32700.0,0.0,0.0,0.0,17.610588,2026-09-23,1,Wednesday,False,False,True,9,FALL,CLEAR,LIGHT
MANHATTAN,2026-09-23 02:00:00+00:00,16.820002,0.0,39800.0,0.0,0.0,0.0,19.134262,2026-09-23,2,Wednesday,False,False,True,9,FALL,CLEAR,LIGHT
MANHATTAN,2026-09-23 03:00:00+00:00,15.37,0.0,35400.0,0.0,0.0,0.0,21.313093,2026-09-23,3,Wednesday,False,False,True,9,FALL,CLEAR,LIGHT
MANHATTAN,2026-09-23 04:00:00+00:00,14.12,0.0,40200.0,0.0,0.0,0.0,19.201874,2026-09-23,4,Wednesday,False,False,True,9,FALL,CLEAR,LIGHT
MANHATTAN,2026-09-23 05:00:00+00:00,13.07,0.0,34500.0,0.0,0.0,0.0,16.854767,2026-09-23,5,Wednesday,False,False,True,9,FALL,CLEAR,LIGHT
MANHATTAN,2026-09-23 06:00:00+00:00,12.47,0.0,32700.0,0.0,0.0,0.0,16.645864,2026-09-23,6,Wednesday,False,False,False,9,FALL,CLEAR,LIGHT
MANHATTAN,2026-09-23 07:00:00+00:00,12.32,0.0,27400.0,0.0,0.0,0.0,17.87718,2026-09-23,7,Wednesday,False,True,False,9,FALL,CLEAR,LIGHT
MANHATTAN,2026-09-23 08:00:00+00:00,12.17,0.0,25100.0,0.0,0.0,0.0,18.204042,2026-09-23,8,Wednesday,False,True,False,9,FALL,CLEAR,LIGHT
MANHATTAN,2026-09-23 09:00:00+00:00,12.12,0.0,26200.0,0.0,0.0,0.0,15.596767,2026-09-23,9,Wednesday,False,True,False,9,FALL,CLEAR,LIGHT
MANHATTAN,2026-09-23 10:00:00+00:00,12.12,0.0,23800.0,0.0,0.0,0.0,18.11841,2026-09-23,10,Wednesday,False,False,False,9,FALL,CLEAR,LIGHT
MANHATTAN,2026-09-23 11:00:00+00:00,12.17,0.0,23700.0,0.0,0.0,0.0,21.096123,2026-09-23,11,Wednesday,False,False,False,9,FALL,CLEAR,LIGHT
MANHATTAN,2026-09-23 12:00:00+00:00,13.42,0.0,22100.0,0.0,0.0,0.0,18.837322,2026-09-23,12,Wednesday,False,False,False,9,FALL,CLEAR,LIGHT
MANHATTAN,2026-09-23 13:00:00+00:00,14.47,0.0,22100.0,0.0,0.0,0.0,21.470612,2026-09-23,13,Wednesday,False,False,False,9,FALL,CLEAR,LIGHT
MANHATTAN,2026-09-23 14:00:00+00:00,16.220001,0.0,25500.0,0.0,0.0,0.0,23.686249,2026-09-23,14,Wednesday,False,False,False,9,FALL,CLEAR,LIGHT
MANHATTAN,2026-09-23 15:00:00+00:00,17.070002,0.0,24900.0,0.0,0.0,0.0,28.1169,2026-09-23,15,Wednesday,False,False,False,9,FALL,CLEAR,LIGHT
MANHATTAN,2026-09-23 16:00:00+00:00,18.12,0.0,26700.0,0.0,0.0,0.0,26.787966,2026-09-23,16,Wednesday,False,True,False,9,FALL,CLEAR,LIGHT
MANHATTAN,2026-09-23 17:00:00+00:00,18.52,0.0,28500.0,0.0,0.0,0.0,28.79325,2026-09-23,17,Wednesday,False,True,False,9,FALL,CLEAR,LIGHT
MANHATTAN,2026-09-23 18:00:00+00:00,19.52,0.0,32200.0,0.0,0.0,0.0,28.00837,2026-09-23,18,Wednesday,False,True,False,9,FALL,CLEAR,LIGHT
MANHATTAN,2026-09-23 19:00:00+00:00,19.92,0.0,34900.0,0.0,0.0,0.0,24.951921,2026-09-23,19,Wednesday,False,False,False,9,FALL,CLEAR,LIGHT
MANHATTAN,2026-09-23 20:00:00+00:00,20.42,0.0,39000.0,0.0,0.0,0.0,22.159746,2026-09-23,20,Wednesday,False,False,True,9,FALL,CLEAR,LIGHT
MANHATTAN,2026-09-23 21:00:00+00:00,20.02,0.0,45400.0,0.0,0.0,0.0,22.159746,2026-09-23,21,Wednesday,False,False,True,9,FALL,CLEAR,LIGHT
MANHATTAN,2026-09-23 22:00:00+00:00,18.970001,0.0,43600.0,0.0,0.0,0.0,21.028437,2026-09-23,22,Wednesday,False,False,True,9,FALL,CLEAR,LIGHT
MANHATTAN,2026-09-23 23:00:00+00:00,17.570002,0.0,42200.0,0.0,0.0,0.0,19.966211,2026-09-23,23,Wednesday,False,False,True,9,FALL,CLEAR,LIGHT
MANHATTAN,2026-09-24 00:00:00+00:00,16.37,0.0,38300.0,0.0,0.0,0.0,18.971008,2026-09-24,0,Thursday,False,False,True,9,FALL,CLEAR,LIGHT
MANHATTAN,2026-09-24 01:00:00+00:00,15.67,0.0,39000.0,0.0,0.0,0.0,17.906157,2026-09-24,1,Thursday,False,False,True,9,FALL,CLEAR,LIGHT
MANHATTAN,2026-09-24 02:00:00+00:00,14.62,0.0,31600.0,0.0,0.0,0.0,21.370783,2026-09-24,2,Thursday,False,False,True,9,FALL,CLEAR,LIGHT
MANHATTAN,2026-09-24 03:00:00+00:00,13.82,0.0,34000.0,0.0,0.0,0.0,21.603,2026-09-24,3,Thursday,False,False,True,9,FALL,CLEAR,LIGHT
MANHATTAN,2026-09-24 04:00:00+00:00,13.0199995,0.0,33000.0,0.0,0.0,0.0,18.678415,2026-09-24,4,Thursday,False,False,True,9,FALL,CLEAR,LIGHT
MANHATTAN,2026-09-24 05:00:00+00:00,12.32,0.0,27500.0,0.0,0.0,0.0,18.204042,2026-09-24,5,Thursday,False,False,True,9,FALL,CLEAR,LIGHT
MANHATTAN,2026-09-24 06:00:00+00:00,11.72,0.0,24600.0,0.0,0.0,0.0,17.114204,2026-09-24,6,Thursday,False,False,False,9,FALL,CLEAR,LIGHT
MANHATTAN,2026-09-24 07:00:00+00:00,11.92,0.0,22100.0,0.0,0.0,0.0,17.902534,2026-09-24,7,Thursday,False,True,False,9,FALL,CLEAR,LIGHT
MANHATTAN,2026-09-24 08:00:00+00:00,11.47,0.0,22400.0,0.0,0.0,0.0,15.484185,2026-09-24,8,Thursday,False,True,False,9,FALL,CLEAR,LIGHT
MANHATTAN,2026-09-24 09:00:00+00:00,11.42,0.0,22200.0,0.0,0.0,0.0,17.208603,2026-09-24,9,Thursday,False,True,False,9,FALL,CLEAR,LIGHT
MANHATTAN,2026-09-24 10:00:00+00:00,11.17,0.0,20000.0,0.0,0.0,0.0,16.171976,2026-09-24,10,Thursday,False,False,False,9,FALL,CLEAR,LIGHT
MANHATTAN,2026-09-24 11:00:00+00:00,11.0199995,0.0,20200.0,0.0,0.0,0.0,18.0,2026-09-24,11,Thursday,False,False,False,9,FALL,CLEAR,LIGHT
MANHATTAN,2026-09-24 12:00:00+00:00,11.72,0.0,17800.0,0.0,0.0,0.0,18.58451,2026-09-24,12,Thursday,False,False,False,9,FALL,CLEAR,LIGHT
MANHATTAN,2026-09-24 13:00:00+00:00,13.12,0.0,20300.0,0.0,0.0,0.0,21.2522,2026-09-24,13,Thursday,False,False,False,9,FALL,CLEAR,LIGHT
MANHATTAN,2026-09-24 14:00:00+00:00,14.67,0.0,23600.0,0.0,0.0,0.0,24.464113,2026-09-24,14,Thursday,False,False,False,9,FALL,CLEAR,LIGHT
MANHATTAN,2026-09-24 15:00:00+00:00,16.12,0.0,26900.0,0.0,0.0,0.0,25.35637,2026-09-24,15,Thursday,False,False,False,9,FALL,CLEAR,LIGHT
MANHATTAN,2026-09-24 16:00:00+00:00,17.320002,0.0,28700.0,0.0,0.0,0.0,19.914215,2026-09-24,16,Thursday,False,True,False,9,FALL,CLEAR,LIGHT
MANHATTAN,2026-09-24 17:00:00+00:00,18.02,0.0,32000.0,0.0,0.0,0.0,20.421871,2026-09-24,17,Thursday,False,True,False,9,FALL,CLEAR,LIGHT
MANHATTAN,2026-09-24 18:00:00+00:00,18.87,0.0,34200.0,0.0,0.0,0.0,18.328207,2026-09-24,18,Thursday,False,True,False,9,FALL,CLEAR,LIGHT
MANHATTAN,2026-09-24 19:00:00+00:00,19.52,0.0,40800.0,0.0,0.0,0.0,15.349684,2026-09-24,19,Thursday,False,False,False,9,FALL,CLEAR,LIGHT
MANHATTAN,2026-09-24 20:00:00+00:00,19.720001,0.0,41700.0,0.0,0.0,0.0,15.807239,2026-09-24,20,Thursday,False,False,True,9,FALL,CLEAR,LIGHT
MANHATTAN,2026-09-24 21:00:00+00:00,19.27,0.0,43700.0,0.0,0.0,0.0,14.88242,2026-09-24,21,Thursday,False,False,True,9,FALL,CLEAR,LIGHT
MANHATTAN,2026-09-24 22:00:00+00:00,18.42,0.0,45000.0,0.0,0.0,0.0,16.418526,2026-09-24,22,Thursday,False,False,True,9,FALL,CLEAR,LIGHT
MANHATTAN,2026-09-24 23:00:00+00:00,17.27,0.0,45700.0,0.0,0.0,0.0,13.358861,2026-09-24,23,Thursday,False,False,True,9,FALL,CLEAR,LIGHT
MANHATTAN,2026-09-25 00:00:00+00:00,17.320002,0.0,46500.0,0.0,0.0,0.0,20.545246,2026-09-25,0,Friday,False,False,True,9,FALL,CLEAR,LIGHT
MANHATTAN,2026-09-25 01:00:00+00:00,16.67,0.0,43100.0,0.0,0.0,0.0,15.990646,2026-09-25,1,Friday,False,False,True,9,FALL,CLEAR,LIGHT
MANHATTAN,2026-09-25 02:00:00+00:00,16.02,0.0,47500.0,0.0,0.0,0.0,18.331741,2026-09-25,2,Friday,False,False,True,9,FALL,CLEAR,LIGHT
MANHATTAN,2026-09-25 03:00:00+00:00,15.32,0.0,42400.0,0.0,0.0,0.0,15.141414,2026-09-25,3,Friday,False,False,True,9,FALL,CLEAR,LIGHT
MANHATTAN,2026-09-25 04:00:00+00:00,14.7699995,0.0,43300.0,0.0,0.0,0.0,18.03237,2026-09-25,4,Friday,False,False,True,9,FALL,CLEAR,LIGHT
MANHATTAN,2026-09-25 05:00:00+00:00,13.87,0.0,44200.0,0.0,0.0,0.0,14.372974,2026-09-25,5,Friday,False,False,True,9,FALL,CLEAR,LIGHT
MANHATTAN,2026-09-25 06:00:00+00:00,13.42,0.0,37900.0,0.0,0.0,0.0,18.0036,2026-09-25,6,Friday,False,False,False,9,FALL,CLEAR,LIGHT
MANHATTAN,2026-09-25 07:00:00+00:00,13.42,0.0,38800.0,0.0,0.0,0.0,16.92383,2026-09-25,7,Friday,False,True,False,9,FALL,CLEAR,LIGHT
MANHATTAN,2026-09-25 08:00:00+00:00,13.42,0.0,35200.0,0.0,0.0,0.0,15.815435,2026-09-25,8,Friday,False,True,False,9,FALL,CLEAR,LIGHT
MANHATTAN,2026-09-25 09:00:00+00:00,13.67,0.0,34000.0,0.0,0.0,0.0,17.414476,2026-09-25,9,Friday,False,True,False,9,FALL,CLEAR,LIGHT
MANHATTAN,2026-09-25 10:00:00+00:00,13.32,0.0,31900.0,0.0,0.0,0.0,19.245697,2026-09-25,10,Friday,False,False,False,9,FALL,CLEAR,LIGHT
MANHATTAN,2026-09-25 11:00:00+00:00,13.5199995,0.0,29700.0,0.0,0.0,0.0,19.08,2026-09-25,11,Friday,False,False,False,9,FALL,CLEAR,LIGHT
MANHATTAN,2026-09-25 12:00:00+00:00,14.22,0.0,30700.0,0.0,0.0,0.0,19.917469,2026-09-25,12,Friday,False,False,False,9,FALL,CLEAR,LIGHT
MANHATTAN,2026-09-25 13:00:00+00:00,15.17,0.0,33600.0,0.0,0.0,0.0,21.841648,2026-09-25,13,Friday,False,False,False,9,FALL,CLEAR,LIGHT
MANHATTAN,2026-09-25 14:00:00+00:00,17.12,0.0,37900.0,0.0,0.0,0.0,23.444265,2026-09-25,14,Friday,False,False,False,9,FALL,CLEAR,LIGHT
MANHATTAN,2026-09-25 15:00:00+00:00,18.320002,0.0,40500.0,0.0,0.0,0.0,25.582806,2026-09-25,15,Friday,False,False,False,9,FALL,CLEAR,LIGHT
MANHATTAN,2026-09-25 16:00:00+00:00,20.02,0.0,46400.0,0.0,0.0,0.0,25.420181,2026-09-25,16,Friday,False,True,False,9,FALL,CLEAR,LIGHT
MANHATTAN,2026-09-25 17:00:00+00:00,20.720001,0.0,46900.0,0.0,0.0,0.0,25.6233,2026-09-25,17,Friday,False,True,False,9,FALL,CLEAR,LIGHT
MANHATTAN,2026-09-25 18:00:00+00:00,21.070002,0.0,45800.0,0.0,0.0,0.0,27.117346,2026-09-25,18,Friday,False,True,False,9,FALL,CLEAR,LIGHT
MANHATTAN,2026-09-25 19:00:00+00:00,21.320002,0.0,44500.0,0.0,0.0,0.0,26.758923,2026-09-25,19,Friday,False,False,False,9,FALL,CLEAR,LIGHT
MANHATTAN,2026-09-25 20:00:00+00:00,21.42,0.0,51200.0,0.0,0.0,0.0,24.842607,2026-09-25,20,Friday,False,False,True,9,FALL,CLEAR,LIGHT
MANHATTAN,2026-09-25 21:00:00+00:00,20.92,0.0,52000.0,0.0,0.0,0.0,26.649727,2026-09-25,21,Friday,False,False,True,9,FALL,CLEAR,LIGHT
MANHATTAN,2026-09-25 22:00:00+00:00,20.320002,0.0,45800.0,0.0,0.0,0.0,25.683926,2026-09-25,22,Friday,False,False,True,9,FALL,CLEAR,LIGHT
MANHATTAN,2026-09-25 23:00:00+00:00,20.820002,0.0,56700.0,0.0,0.0,0.0,23.319553,2026-09-25,23,Friday,False,False,True,9,FALL,CLEAR,LIGHT
MANHATTAN,2026-09-26 00:00:00+00:00,20.37,0.0,55800.0,0.0,0.0,0.0,28.036118,2026-09-26,0,Saturday,True,False,True,9,FALL,CLEAR,LIGHT
MANHATTAN,2026-09-26 01:00:00+00:00,19.470001,0.0,52500.0,0.0,0.0,0.0,25.277025,2026-09-26,1,Saturday,True,False,True,9,FALL,CLEAR,LIGHT
MANHATTAN,2026-09-26 02:00:00+00:00,18.17,0.0,48700.0,0.0,0.0,0.0,25.537172,2026-09-26,2,Saturday,True,False,True,9,FALL,CLEAR,LIGHT
MANHATTAN,2026-09-26 03:00:00+00:00,14.47,0.0,15900.0,0.0,0.0,0.0,18.681883,2026-09-26,3,Saturday,True,False,True,9,FALL,CLEAR,LIGHT
MANHATTAN,2026-09-26 04:00:00+00:00,14.07,0.0,25800.0,0.0,0.0,0.0,28.460497,2026-09-26,4,Saturday,True,False,True,9,FALL,CLEAR,LIGHT
MANHATTAN,2026-09-26 05:00:00+00:00,14.5199995,0.0,29400.0,0.0,0.0,0.0,26.700743,2026-09-26,5,Saturday,True,False,True,9,FALL,CLEAR,LIGHT
MANHATTAN,2026-09-26 06:00:00+00:00,14.72,0.0,32000.0,0.0,0.0,0.0,25.562534,2026-09-26,6,Saturday,True,False,False,9,FALL,CLEAR,LIGHT
MANHATTAN,2026-09-26 07:00:00+00:00,14.22,1.4,14800.0,1.4,0.0,0.0,25.849905,2026-09-26,7,Saturday,True,True,False,9,FALL,RAIN,LIGHT
MANHATTAN,2026-09-26 08:00:00+00:00,13.57,2.9,19900.0,2.9,0.0,0.0,25.959969,2026-09-26,8,Saturday,True,True,False,9,FALL,RAIN,LIGHT
MANHATTAN,2026-09-26 09:00:00+00:00,13.5199995,0.0,17700.0,0.0,0.0,0.0,25.210283,2026-09-26,9,Saturday,True,True,False,9,FALL,CLEAR,LIGHT
MANHATTAN,2026-09-26 10:00:00+00:00,13.22,0.0,12200.0,0.0,0.0,0.0,25.153671,2026-09-26,10,Saturday,True,False,False,9,FALL,CLEAR,LIGHT
MANHATTAN,2026-09-26 11:00:00+00:00,13.17,0.0,17300.0,0.0,0.0,0.0,26.220753,2026-09-26,11,Saturday,True,False,False,9,FALL,CLEAR,LIGHT
MANHATTAN,2026-09-26 12:00:00+00:00,13.07,0.0,14700.0,0.0,0.0,0.0,25.562534,2026-09-26,12,Saturday,True,False,False,9,FALL,CLEAR,LIGHT
MANHATTAN,2026-09-26 13:00:00+00:00,13.42,0.0,15900.0,0.0,0.0,0.0,23.933907,2026-09-26,13,Saturday,True,False,False,9,FALL,CLEAR,LIGHT
MANHATTAN,2026-09-26 14:00:00+00:00,13.92,0.0,16600.0,0.0,0.0,0.0,22.862125,2026-09-26,14,Saturday,True,False,False,9,FALL,CLEAR,LIGHT
MANHATTAN,2026-09-26 15:00:00+00:00,13.42,15.5,16000.0,15.5,0.0,0.0,24.933735,2026-09-26,15,Saturday,True,False,False,9,FALL,RAIN,SEVERE
MANHATTAN,2026-09-26 16:00:00+00:00,14.12,0.0,17500.0,0.0,0.0,0.0,20.532627,2026-09-26,16,Saturday,True,True,False,9,FALL,CLEAR,LIGHT
MANHATTAN,2026-09-26 17:00:00+00:00,14.7699995,0.0,16100.0,0.0,0.0,0.0,24.933735,2026-09-26,17,Saturday,True,True,False,9,FALL,CLEAR,LIGHT
MANHATTAN,2026-09-26 18:00:00+00:00,15.42,0.0,20000.0,0.0,0.0,0.0,26.341572,2026-09-26,18,Saturday,True,True,False,9,FALL,CLEAR,LIGHT
MANHATTAN,2026-09-26 19:00:00+00:00,15.32,0.0,17600.0,0.0,0.0,0.0,24.122683,2026-09-26,19,Saturday,True,False,False,9,FALL,CLEAR,LIGHT
MANHATTAN,2026-09-26 20:00:00+00:00,14.97,0.0,16800.0,0.0,0.0,0.0,21.24,2026-09-26,20,Saturday,True,False,True,9,FALL,CLEAR,LIGHT
MANHATTAN,2026-09-26 21:00:00+00:00,14.42,0.7,17000.0,0.7,0.0,0.0,25.982424,2026-09-26,21,Saturday,True,False,True,9,FALL,RAIN,LIGHT
MANHATTAN,2026-09-26 22:00:00+00:00,14.2699995,0.0,17200.0,0.0,0.0,0.0,23.78453,2026-09-26,22,Saturday,True,False,True,9,FALL,CLEAR,LIGHT
MANHATTAN,2026-09-26 23:00:00+00:00,14.12,0.0,16300.0,0.0,0.0,0.0,21.611998,2026-09-26,23,Saturday,True,False,True,9,FALL,CLEAR,LIGHT
MANHATTAN,2026-09-27 00:00:00+00:00,13.92,2.2,8000.0,2.2,0.0,0.0,22.392462,2026-09-27,0,Sunday,True,False,True,9,FALL,RAIN,LIGHT
MANHATTAN,2026-09-27 01:00:00+00:00,13.92,3.2,7000.0,3.2,0.0,0.0,21.485697,2026-09-27,1,Sunday,True,False,True,9,FALL,RAIN,LIGHT
MANHATTAN,2026-09-27 02:00:00+00:00,13.72,0.7,15500.0,0.7,0.0,0.0,21.707731,2026-09-27,2,Sunday,True,False,True,9,FALL,RAIN,LIGHT
MANHATTAN,2026-09-27 03:00:00+00:00,13.97,1.8,9600.0,1.8,0.0,0.0,23.469128,2026-09-27,3,Sunday,True,False,True,9,FALL,RAIN,LIGHT
MANHATTAN,2026-09-27 04:00:00+00:00,14.22,1.8,16000.0,1.8,0.0,0.0,23.857979,2026-09-27,4,Sunday,True,False,True,9,FALL,RAIN,LIGHT
MANHATTAN,2026-09-27 05:00:00+00:00,14.42,0.7,15600.0,0.7,0.0,0.0,24.216522,2026-09-27,5,Sunday,True,False,True,9,FALL,RAIN,LIGHT
MANHATTAN,2026-09-27 06:00:00+00:00,14.67,2.9,9500.0,2.9,0.0,0.0,26.727423,2026-09-27,6,Sunday,True,False,False,9,FALL,RAIN,LIGHT
MANHATTAN,2026-09-27 07:00:00+00:00,14.47,0.4,14600.0,0.4,0.0,0.0,27.595823,2026-09-27,7,Sunday,True,True,False,9,FALL,RAIN,LIGHT
MANHATTAN,2026-09-27 08:00:00+00:00,14.5199995,2.5,15500.0,2.5,0.0,0.0,28.266306,2026-09-27,8,Sunday,True,True,False,9,FALL,RAIN,LIGHT
MANHATTAN,2026-09-27 09:00:00+00:00,14.5199995,0.0,14800.0,0.0,0.0,0.0,24.84,2026-09-27,9,Sunday,True,True,False,9,FALL,CLEAR,LIGHT
MANHATTAN,2026-09-27 10:00:00+00:00,14.57,3.6,4200.0,3.6,0.0,0.0,29.88217,2026-09-27,10,Sunday,True,False,False,9,FALL,RAIN,LIGHT
MANHATTAN,2026-09-27 11:00:00+00:00,14.5199995,0.0,14400.0,0.0,0.0,0.0,26.700743,2026-09-27,11,Sunday,True,False,False,9,FALL,CLEAR,LIGHT
MANHATTAN,2026-09-27 12:00:00+00:00,15.12,0.0,10600.0,0.0,0.0,0.0,30.472675,2026-09-27,12,Sunday,True,False,False,9,FALL,CLEAR,LIGHT
MANHATTAN,2026-09-27 13:00:00+00:00,15.17,0.0,9700.0,0.0,0.0,0.0,25.944988,2026-09-27,13,Sunday,True,False,False,9,FALL,CLEAR,LIGHT
MANHATTAN,2026-09-27 14:00:00+00:00,15.32,0.4,6200.0,0.4,0.0,0.0,27.841293,2026-09-27,14,Sunday,True,False,False,9,FALL,RAIN,LIGHT
MANHATTAN,2026-09-27 15:00:00+00:00,15.67,0.0,12700.0,0.0,0.0,0.0,26.220753,2026-09-27,15,Sunday,True,False,False,9,FALL,CLEAR,LIGHT
MANHATTAN,2026-09-27 16:00:00+00:00,16.17,0.4,12200.0,0.4,0.0,0.0,23.1774,2026-09-27,16,Sunday,True,True,False,9,FALL,RAIN,LIGHT
MANHATTAN,2026-09-27 17:00:00+00:00,16.720001,0.4,12400.0,0.4,0.0,0.0,22.159746,2026-09-27,17,Sunday,True,True,False,9,FALL,RAIN,LIGHT
MANHATTAN,2026-09-27 18:00:00+00:00,17.220001,0.0,13500.0,0.0,0.0,0.0,21.437386,2026-09-27,18,Sunday,True,True,False,9,FALL,CLEAR,LIGHT
MANHATTAN,2026-09-27 19:00:00+00:00,16.77,0.0,12700.0,0.0,0.0,0.0,20.746122,2026-09-27,19,Sunday,True,False,False,9,FALL,CLEAR,LIGHT
MANHATTAN,2026-09-27 20:00:00+00:00,16.67,0.0,12200.0,0.0,0.0,0.0,22.039528,2026-09-27,20,Sunday,True,False,True,9,FALL,CLEAR,LIGHT
MANHATTAN,2026-09-27 21:00:00+00:00,16.42,1.1,12800.0,1.1,0.0,0.0,16.79314,2026-09-27,21,Sunday,True,False,True,9,FALL,RAIN,LIGHT
MANHATTAN,2026-09-27 22:00:00+00:00,16.070002,0.0,12500.0,0.0,0.0,0.0,16.299694,2026-09-27,22,Sunday,True,False,True,9,FALL,CLEAR,LIGHT
MANHATTAN,2026-09-27 23:00:00+00:00,15.82,0.0,12300.0,0.0,0.0,0.0,16.394829,2026-09-27,23,Sunday,True,False,True,9,FALL,CLEAR,LIGHT
MANHATTAN,2026-09-28 00:00:00+00:00,15.97,0.0,12600.0,0.0,0.0,0.0,18.0036,2026-09-28,0,Monday,False,False,True,9,FALL,CLEAR,LIGHT
MANHATTAN,2026-09-28 01:00:00+00:00,15.57,0.0,12800.0,0.0,0.0,0.0,13.339445,2026-09-28,1,Monday,False,False,True,9,FALL,CLEAR,LIGHT
MANHATTAN,2026-09-28 02:00:00+00:00,15.47,1.4,8100.0,1.4,0.0,0.0,16.167967,2026-09-28,2,Monday,False,False,True,9,FALL,RAIN,LIGHT
MANHATTAN,2026-09-28 03:00:00+00:00,15.47,0.4,14300.0,0.4,0.0,0.0,19.201874,2026-09-28,3,Monday,False,False,True,9,FALL,RAIN,LIGHT
MANHATTAN,2026-09-28 04:00:00+00:00,15.12,0.0,12400.0,0.0,0.0,0.0,18.792551,2026-09-28,4,Monday,False,False,True,9,FALL,CLEAR,LIGHT
MANHATTAN,2026-09-28 05:00:00+00:00,15.07,0.0,13200.0,0.0,0.0,0.0,19.416653,2026-09-28,5,Monday,False,False,True,9,FALL,CLEAR,LIGHT
MANHATTAN,2026-09-28 06:00:00+00:00,14.87,2.5,8500.0,2.5,0.0,0.0,19.48661,2026-09-28,6,Monday,False,False,False,9,FALL,RAIN,LIGHT
MANHATTAN,2026-09-28 07:00:00+00:00,15.12,3.2,6900.0,3.2,0.0,0.0,17.114204,2026-09-28,7,Monday,False,True,False,9,FALL,RAIN,LIGHT
MANHATTAN,2026-09-28 08:00:00+00:00,14.92,1.1,13300.0,1.1,0.0,0.0,17.106628,2026-09-28,8,Monday,False,True,False,9,FALL,RAIN,LIGHT
MANHATTAN,2026-09-28 09:00:00+00:00,14.72,0.0,12800.0,0.0,0.0,0.0,15.725037,2026-09-28,9,Monday,False,True,False,9,FALL,CLEAR,LIGHT
MANHATTAN,2026-09-28 10:00:00+00:00,14.62,3.6,13200.0,3.6,0.0,0.0,15.137133,2026-09-28,10,Monday,False,False,False,9,FALL,RAIN,LIGHT
MANHATTAN,2026-09-28 11:00:00+00:00,14.37,0.0,4100.0,0.0,0.0,0.0,13.708391,2026-09-28,11,Monday,False,False,False,9,FALL,CLEAR,LIGHT
MANHATTAN,2026-09-28 12:00:00+00:00,14.42,0.4,13700.0,0.4,0.0,0.0,18.057508,2026-09-28,12,Monday,False,False,False,9,FALL,RAIN,LIGHT
MANHATTAN,2026-09-28 13:00:00+00:00,14.47,0.0,13900.0,0.0,0.0,0.0,16.595179,2026-09-28,13,Monday,False,False,False,9,FALL,CLEAR,LIGHT
MANHATTAN,2026-09-28 14:00:00+00:00,14.37,0.0,12200.0,0.0,0.0,0.0,13.004921,2026-09-28,14,Monday,False,False,False,9,FALL,CLEAR,LIGHT
MANHATTAN,2026-09-28 15:00:00+00:00,14.72,0.0,13200.0,0.0,0.0,0.0,13.722565,2026-09-28,15,Monday,False,False,False,9,FALL,CLEAR,LIGHT
MANHATTAN,2026-09-28 16:00:00+00:00,14.97,0.0,12600.0,0.0,0.0,0.0,14.264361,2026-09-28,16,Monday,False,True,False,9,FALL,CLEAR,LIGHT
MANHATTAN,2026-09-28 17:00:00+00:00,15.17,0.0,12900.0,0.0,0.0,0.0,12.43434,2026-09-28,17,Monday,False,True,False,9,FALL,CLEAR,LIGHT
MANHATTAN,2026-09-28 18:00:00+00:00,15.7699995,0.0,14000.0,0.0,0.0,0.0,11.525623,2026-09-28,18,Monday,False,True,False,9,FALL,CLEAR,LIGHT
MANHATTAN,2026-09-28 19:00:00+00:00,15.47,0.0,12700.0,0.0,0.0,0.0,12.303366,2026-09-28,19,Monday,False,False,False,9,FALL,CLEAR,LIGHT
MANHATTAN,2026-09-28 20:00:00+00:00,16.42,0.0,16900.0,0.0,0.0,0.0,11.901798,2026-09-28,20,Monday,False,False,True,9,FALL,CLEAR,LIGHT
MANHATTAN,2026-09-28 21:00:00+00:00,16.67,0.0,16700.0,0.0,0.0,0.0,12.181624,2026-09-28,21,Monday,False,False,True,9,FALL,CLEAR,LIGHT
MANHATTAN,2026-09-28 22:00:00+00:00,16.42,0.0,17000.0,0.0,0.0,0.0,8.373386,2026-09-28,22,Monday,False,False,True,9,FALL,CLEAR,LIGHT
MANHATTAN,2026-09-28 23:00:00+00:00,15.919999,0.0,16100.0,0.0,0.0,0.0,8.209263,2026-09-28,23,Monday,False,False,True,9,FALL,CLEAR,LIGHT
MANHATTAN,2026-09-29 00:00:00+00:00,15.37,0.0,15000.0,0.0,0.0,0.0,8.39657,2026-09-29,0,Tuesday,False,False,True,9,FALL,CLEAR,LIGHT
MANHATTAN,2026-09-29 01:00:00+00:00,15.2699995,0.0,14100.0,0.0,0.0,0.0,6.792466,2026-09-29,1,Tuesday,False,False,True,9,FALL,CLEAR,LIGHT
MANHATTAN,2026-09-29 02:00:00+00:00,15.57,0.0,14600.0,0.0,0.0,0.0,5.937272,2026-09-29,2,Tuesday,False,False,True,9,FALL,CLEAR,LIGHT
MANHATTAN,2026-09-29 03:00:00+00:00,15.47,0.0,14300.0,0.0,0.0,0.0,4.5536795,2026-09-29,3,Tuesday,False,False,True,9,FALL,CLEAR,LIGHT
MANHATTAN,2026-09-29 04:00:00+00:00,15.5199995,0.0,14500.0,0.0,0.0,0.0,5.1165614,2026-09-29,4,Tuesday,False,False,True,9,FALL,CLEAR,LIGHT
MANHATTAN,2026-09-29 05:00:00+00:00,15.47,0.0,13900.0,0.0,0.0,0.0,5.8048253,2026-09-29,5,Tuesday,False,False,True,9,FALL,CLEAR,LIGHT
MANHATTAN,2026-09-29 06:00:00+00:00,15.12,0.0,13500.0,0.0,0.0,0.0,4.3349743,2026-09-29,6,Tuesday,False,False,False,9,FALL,CLEAR,LIGHT
MANHATTAN,2026-09-29 07:00:00+00:00,14.97,0.0,13700.0,0.0,0.0,0.0,3.7064266,2026-09-29,7,Tuesday,False,True,False,9,FALL,CLEAR,LIGHT
MANHATTAN,2026-09-29 08:00:00+00:00,14.87,0.0,13300.0,0.0,0.0,0.0,5.315336,2026-09-29,8,Tuesday,False,True,False,9,FALL,CLEAR,LIGHT
MANHATTAN,2026-09-29 09:00:00+00:00,14.7699995,0.0,13600.0,0.0,0.0,0.0,4.5820518,2026-09-29,9,Tuesday,False,True,False,9,FALL,CLEAR,LIGHT
MANHATTAN,2026-09-29 10:00:00+00:00,15.0199995,0.0,13900.0,0.0,0.0,0.0,2.8799999,2026-09-29,10,Tuesday,False,False,False,9,FALL,CLEAR,LIGHT
MANHATTAN,2026-09-29 11:00:00+00:00,15.0199995,0.0,13400.0,0.0,0.0,0.0,1.2979984,2026-09-29,11,Tuesday,False,False,False,9,FALL,CLEAR,LIGHT
MANHATTAN,2026-09-29 12:00:00+00:00,16.02,0.0,13300.0,0.0,0.0,0.0,3.5455887,2026-09-29,12,Tuesday,False,False,False,9,FALL,CLEAR,LIGHT
MANHATTAN,2026-09-29 13:00:00+00:00,17.320002,0.0,16100.0,0.0,0.0,0.0,8.766573,2026-09-29,13,Tuesday,False,False,False,9,FALL,CLEAR,LIGHT
MANHATTAN,2026-09-29 14:00:00+00:00,17.720001,0.0,17000.0,0.0,0.0,0.0,8.913181,2026-09-29,14,Tuesday,False,False,False,9,FALL,CLEAR,LIGHT
MANHATTAN,2026-09-29 15:00:00+00:00,18.970001,0.0,19400.0,0.0,0.0,0.0,10.383987,2026-09-29,15,Tuesday,False,False,False,9,FALL,CLEAR,LIGHT
MANHATTAN,2026-09-29 16:00:00+00:00,20.52,0.0,23900.0,0.0,0.0,0.0,8.404285,2026-09-29,16,Tuesday,False,True,False,9,FALL,CLEAR,LIGHT
MANHATTAN,2026-09-29 17:00:00+00:00,21.220001,0.0,26100.0,0.0,0.0,0.0,6.792466,2026-09-29,17,Tuesday,False,True,False,9,FALL,CLEAR,LIGHT
MANHATTAN,2026-09-29 18:00:00+00:00,20.220001,0.0,26500.0,0.0,0.0,0.0,7.8954163,2026-09-29,18,Tuesday,False,True,False,9,FALL,CLEAR,LIGHT
MANHATTAN,2026-09-29 19:00:00+00:00,20.12,0.0,26800.0,0.0,0.0,0.0,8.373386,2026-09-29,19,Tuesday,False,False,False,9,FALL,CLEAR,LIGHT
MANHATTAN,2026-09-29 20:00:00+00:00,19.820002,0.0,24100.0,0.0,0.0,0.0,12.55879,2026-09-29,20,Tuesday,False,False,True,9,FALL,CLEAR,LIGHT
MANHATTAN,2026-09-29 21:00:00+00:00,19.570002,0.0,24700.0,0.0,0.0,0.0,10.883676,2026-09-29,21,Tuesday,False,False,True,9,FALL,CLEAR,LIGHT
MANHATTAN,2026-09-29 22:00:00+00:00,18.970001,0.0,25300.0,0.0,0.0,0.0,11.212135,2026-09-29,22,Tuesday,False,False,True,9,FALL,CLEAR,LIGHT
MANHATTAN,2026-09-29 23:00:00+00:00,18.27,0.0,22300.0,0.0,0.0,0.0,8.854829,2026-09-29,23,Tuesday,False,False,True,9,FALL,CLEAR,LIGHT
MANHATTAN,2026-09-30 00:00:00+00:00,17.720001,0.0,22300.0,0.0,0.0,0.0,10.630672,2026-09-30,0,Wednesday,False,False,True,9,FALL,CLEAR,LIGHT
MANHATTAN,2026-09-30 01:00:00+00:00,17.67,0.0,21200.0,0.0,0.0,0.0,8.473393,2026-09-30,1,Wednesday,False,False,True,9,FALL,CLEAR,LIGHT
MANHATTAN,2026-09-30 02:00:00+00:00,17.27,0.0,21400.0,0.0,0.0,0.0,6.763786,2026-09-30,2,Wednesday,False,False,True,9,FALL,CLEAR,LIGHT
MANHATTAN,2026-09-30 03:00:00+00:00,17.52,0.0,21100.0,0.0,0.0,0.0,5.8048253,2026-09-30,3,Wednesday,False,False,True,9,FALL,CLEAR,LIGHT
MANHATTAN,2026-09-30 04:00:00+00:00,17.27,0.0,20700.0,0.0,0.0,0.0,7.2,2026-09-30,4,Wednesday,False,False,True,9,FALL,CLEAR,LIGHT
MANHATTAN,2026-09-30 05:00:00+00:00,17.37,0.0,18200.0,0.0,0.0,0.0,6.989936,2026-09-30,5,Wednesday,False,False,True,9,FALL,CLEAR,LIGHT
MANHATTAN,2026-09-30 06:00:00+00:00,17.320002,0.0,16500.0,0.0,0.0,0.0,4.8433046,2026-09-30,6,Wednesday,False,False,False,9,FALL,CLEAR,LIGHT
MANHATTAN,2026-09-30 07:00:00+00:00,16.970001,0.0,15500.0,0.0,0.0,0.0,2.5959969,2026-09-30,7,Wednesday,False,True,False,9,FALL,CLEAR,LIGHT
MANHATTAN,2026-09-30 08:00:00+00:00,16.87,0.0,16000.0,0.0,0.0,0.0,3.4152596,2026-09-30,8,Wednesday,False,True,False,9,FALL,CLEAR,LIGHT
MANHATTAN,2026-09-30 09:00:00+00:00,16.820002,0.0,16000.0,0.0,0.0,0.0,5.937272,2026-09-30,9,Wednesday,False,True,False,9,FALL,CLEAR,LIGHT
MANHATTAN,2026-09-30 10:00:00+00:00,16.77,0.0,17100.0,0.0,0.0,0.0,3.4152596,2026-09-30,10,Wednesday,False,False,False,9,FALL,CLEAR,LIGHT
MANHATTAN,2026-09-30 11:00:00+00:00,16.17,0.0,16400.0,0.0,0.0,0.0,5.3517847,2026-09-30,11,Wednesday,False,False,False,9,FALL,CLEAR,LIGHT
MANHATTAN,2026-09-30 12:00:00+00:00,16.17,0.0,16400.0,0.0,0.0,0.0,5.1544156,2026-09-30,12,Wednesday,False,False,False,9,FALL,CLEAR,LIGHT
MANHATTAN,2026-09-30 13:00:00+00:00,17.320002,0.0,18600.0,0.0,0.0,0.0,7.24486,2026-09-30,13,Wednesday,False,False,False,9,FALL,CLEAR,LIGHT
MANHATTAN,2026-09-30 14:00:00+00:00,18.12,0.0,24100.0,0.0,0.0,0.0,4.5536795,2026-09-30,14,Wednesday,False,False,False,9,FALL,CLEAR,LIGHT
MANHATTAN,2026-09-30 15:00:00+00:00,19.52,0.0,26400.0,0.0,0.0,0.0,5.904439,2026-09-30,15,Wednesday,False,False,False,9,FALL,CLEAR,LIGHT
MANHATTAN,2026-09-30 16:00:00+00:00,20.77,0.0,27000.0,0.0,0.0,0.0,6.379216,2026-09-30,16,Wednesday,False,True,False,9,FALL,CLEAR,LIGHT
MANHATTAN,2026-09-30 17:00:00+00:00,22.42,0.0,29000.0,0.0,0.0,0.0,5.8048253,2026-09-30,17,Wednesday,False,True,False,9,FALL,CLEAR,LIGHT
MANHATTAN,2026-09-30 18:00:00+00:00,23.970001,0.0,31200.0,0.0,0.0,0.0,5.3517847,2026-09-30,18,Wednesday,False,True,False,9,FALL,CLEAR,LIGHT
MANHATTAN,2026-09-30 19:00:00+00:00,24.320002,0.0,30500.0,0.0,0.0,0.0,4.6938257,2026-09-30,19,Wednesday,False,False,False,9,FALL,CLEAR,LIGHT
MANHATTAN,2026-09-30 20:00:00+00:00,24.02,0.0,31500.0,0.0,0.0,0.0,2.7416782,2026-09-30,20,Wednesday,False,False,True,9,FALL,CLEAR,LIGHT
MANHATTAN,2026-09-30 21:00:00+00:00,23.62,0.0,27300.0,0.0,0.0,0.0,6.519877,2026-09-30,21,Wednesday,False,False,True,9,FALL,CLEAR,LIGHT
MANHATTAN,2026-09-30 22:00:00+00:00,22.720001,0.0,25800.0,0.0,0.0,0.0,8.942214,2026-09-30,22,Wednesday,False,False,True,9,FALL,CLEAR,LIGHT
MANHATTAN,2026-09-30 23:00:00+00:00,20.220001,0.0,20700.0,0.0,0.0,0.0,8.049845,2026-09-30,23,Wednesday,False,False,True,9,FALL,CLEAR,LIGHT
MANHATTAN,2026-10-01 00:00:00+00:00,18.87,0.0,16900.0,0.0,0.0,0.0,5.4833565,2026-10-01,0,Thursday,False,False,True,10,FALL,CLEAR,LIGHT
MANHATTAN,2026-10-01 01:00:00+00:00,18.27,0.0,14800.0,0.0,0.0,0.0,3.9763298,2026-10-01,1,Thursday,False,False,True,10,FALL,CLEAR,LIGHT
MANHATTAN,2026-10-01 02:00:00+00:00,17.52,0.0,13100.0,0.0,0.0,0.0,3.4152596,2026-10-01,2,Thursday,False,False,True,10,FALL,CLEAR,LIGHT
MANHATTAN,2026-10-01 03:00:00+00:00,17.42,0.0,12200.0,0.0,0.0,0.0,1.835647,2026-10-01,3,Thursday,False,False,True,10,FALL,CLEAR,LIGHT
MANHATTAN,2026-10-01 04:00:00+00:00,17.220001,0.0,12300.0,0.0,0.0,0.0,3.0758414,2026-10-01,4,Thursday,False,False,True,10,FALL,CLEAR,LIGHT
MANHATTAN,2026-10-01 05:00:00+00:00,17.52,0.0,13100.0,0.0,0.0,0.0,3.096837,2026-10-01,5,Thursday,False,False,True,10,FALL,CLEAR,LIGHT
MANHATTAN,2026-10-01 06:00:00+00:00,17.970001,0.0,14700.0,0.0,0.0,0.0,5.1165614,2026-10-01,6,Thursday,False,False,False,10,FALL,CLEAR,LIGHT
MANHATTAN,2026-10-01 07:00:00+00:00,18.12,0.0,14600.0,0.0,0.0,0.0,5.0911684,2026-10-01,7,Thursday,False,True,False,10,FALL,CLEAR,LIGHT
MANHATTAN,2026-10-01 08:00:00+00:00,18.02,0.0,14700.0,0.0,0.0,0.0,6.28713,2026-10-01,8,Thursday,False,True,False,10,FALL,CLEAR,LIGHT
MANHATTAN,2026-10-01 09:00:00+00:00,18.37,0.0,15400.0,0.0,0.0,0.0,4.2136917,2026-10-01,9,Thursday,False,True,False,10,FALL,CLEAR,LIGHT
MANHATTAN,2026-10-01 10:00:00+00:00,18.320002,0.0,14800.0,0.0,0.0,0.0,5.3517847,2026-10-01,10,Thursday,False,False,False,10,FALL,CLEAR,LIGHT
MANHATTAN,2026-10-01 11:00:00+00:00,18.12,0.0,15400.0,0.0,0.0,0.0,5.815978,2026-10-01,11,Thursday,False,False,False,10,FALL,CLEAR,LIGHT
MANHATTAN,2026-10-01 12:00:00+00:00,18.820002,0.0,15500.0,0.0,0.0,0.0,5.5887027,2026-10-01,12,Thursday,False,False,False,10,FALL,CLEAR,LIGHT
MANHATTAN,2026-10-01 13:00:00+00:00,19.37,0.0,16700.0,0.0,0.0,0.0,8.350138,2026-10-01,13,Thursday,False,False,False,10,FALL,CLEAR,LIGHT
MANHATTAN,2026-10-01 14:00:00+00:00,20.470001,0.0,17200.0,0.0,0.0,0.0,9.659814,2026-10-01,14,Thursday,False,False,False,10,FALL,CLEAR,LIGHT
MANHATTAN,2026-10-01 15:00:00+00:00,21.17,0.0,18000.0,0.0,0.0,0.0,10.495713,2026-10-01,15,Thursday,False,False,False,10,FALL,CLEAR,LIGHT
MANHATTAN,2026-10-01 16:00:00+00:00,22.02,0.0,21500.0,0.0,0.0,0.0,7.7879906,2026-10-01,16,Thursday,False,True,False,10,FALL,CLEAR,LIGHT
MANHATTAN,2026-10-01 17:00:00+00:00,24.220001,0.0,22700.0,0.0,0.0,0.0,9.659814,2026-10-01,17,Thursday,False,True,False,10,FALL,CLEAR,LIGHT
MANHATTAN,2026-10-01 18:00:00+00:00,25.970001,0.0,25600.0,0.0,0.0,0.0,8.891344,2026-10-01,18,Thursday,False,True,False,10,FALL,CLEAR,LIGHT
MANHATTAN,2026-10-01 19:00:00+00:00,25.720001,0.0,25300.0,0.0,0.0,0.0,11.720751,2026-10-01,19,Thursday,False,False,False,10,FALL,CLEAR,LIGHT
MANHATTAN,2026-10-01 20:00:00+00:00,24.820002,0.0,24700.0,0.0,0.0,0.0,10.182337,2026-10-01,20,Thursday,False,False,True,10,FALL,CLEAR,LIGHT
MANHATTAN,2026-10-01 21:00:00+00:00,24.570002,0.0,28100.0,0.0,0.0,0.0,9.746631,2026-10-01,21,Thursday,False,False,True,10,FALL,CLEAR,LIGHT
MANHATTAN,2026-10-01 22:00:00+00:00,23.970001,0.0,27100.0,0.0,0.0,0.0,10.538843,2026-10-01,22,Thursday,False,False,True,10,FALL,CLEAR,LIGHT
MANHATTAN,2026-10-01 23:00:00+00:00,22.720001,0.0,20700.0,0.0,0.0,0.0,7.42159,2026-10-01,23,Thursday,False,False,True,10,FALL,CLEAR,LIGHT
MANHATTAN,2026-10-02 00:00:00+00:00,22.52,0.0,20300.0,0.0,0.0,0.0,5.3517847,2026-10-02,0,Friday,False,False,True,10,FALL,CLEAR,LIGHT
MANHATTAN,2026-10-02 01:00:00+00:00,22.12,0.0,20300.0,0.0,0.0,0.0,6.519877,2026-10-02,1,Friday,False,False,True,10,FALL,CLEAR,LIGHT
MANHATTAN,2026-10-02 02:00:00+00:00,21.52,0.0,17800.0,0.0,0.0,0.0,8.28,2026-10-02,2,Friday,False,False,True,10,FALL,CLEAR,LIGHT
MANHATTAN,2026-10-02 03:00:00+00:00,21.320002,0.0,15700.0,0.0,0.0,0.0,3.319036,2026-10-02,3,Friday,False,False,True,10,FALL,CLEAR,LIGHT
MANHATTAN,2026-10-02 04:00:00+00:00,21.12,0.0,14900.0,0.0,0.0,0.0,5.904439,2026-10-02,4,Friday,False,False,True,10,FALL,CLEAR,LIGHT
MANHATTAN,2026-10-02 05:00:00+00:00,21.02,0.0,16500.0,0.0,0.0,0.0,9.227524,2026-10-02,5,Friday,False,False,True,10,FALL,CLEAR,LIGHT
MANHATTAN,2026-10-02 06:00:00+00:00,20.820002,0.0,15900.0,0.0,0.0,0.0,7.653705,2026-10-02,6,Friday,False,False,False,10,FALL,CLEAR,LIGHT
MANHATTAN,2026-10-02 07:00:00+00:00,20.320002,0.0,15600.0,0.0,0.0,0.0,6.193674,2026-10-02,7,Friday,False,True,False,10,FALL,CLEAR,LIGHT
MANHATTAN,2026-10-02 08:00:00+00:00,19.720001,0.0,14700.0,0.0,0.0,0.0,5.5887027,2026-10-02,8,Friday,False,True,False,10,FALL,CLEAR,LIGHT
MANHATTAN,2026-10-02 09:00:00+00:00,19.37,0.0,14200.0,0.0,0.0,0.0,6.0347,2026-10-02,9,Friday,False,True,False,10,FALL,CLEAR,LIGHT
MANHATTAN,2026-10-02 10:00:00+00:00,19.02,0.0,14400.0,0.0,0.0,0.0,5.4833565,2026-10-02,10,Friday,False,False,False,10,FALL,CLEAR,LIGHT
MANHATTAN,2026-10-02 11:00:00+00:00,18.67,0.0,14700.0,0.0,0.0,0.0,6.0347,2026-10-02,11,Friday,False,False,False,10,FALL,CLEAR,LIGHT
MANHATTAN,2026-10-02 12:00:00+00:00,19.320002,0.0,14700.0,0.0,0.0,0.0,8.373386,2026-10-02,12,Friday,False,False,False,10,FALL,CLEAR,LIGHT
MANHATTAN,2026-10-02 13:00:00+00:00,20.970001,0.0,16800.0,0.0,0.0,0.0,10.00256,2026-10-02,13,Friday,False,False,False,10,FALL,CLEAR,LIGHT
MANHATTAN,2026-10-02 14:00:00+00:00,22.970001,0.0,21400.0,0.0,0.0,0.0,13.397612,2026-10-02,14,Friday,False,False,False,10,FALL,CLEAR,LIGHT
MANHATTAN,2026-10-02 15:00:00+00:00,24.820002,0.0,27300.0,0.0,0.0,0.0,14.578888,2026-10-02,15,Friday,False,False,False,10,FALL,CLEAR,LIGHT
MANHATTAN,2026-10-02 16:00:00+00:00,27.17,0.0,34500.0,0.0,0.0,0.0,18.03237,2026-10-02,16,Friday,False,True,False,10,FALL,CLEAR,LIGHT
MANHATTAN,2026-10-02 17:00:00+00:00,29.220001,0.0,35500.0,0.0,0.0,0.0,18.359999,2026-10-02,17,Friday,False,True,False,10,FALL,CLEAR,LIGHT
MANHATTAN,2026-10-02 18:00:00+00:00,30.070002,0.0,35500.0,0.0,0.0,0.0,20.380579,2026-10-02,18,Friday,False,True,False,10,FALL,CLEAR,LIGHT
MANHATTAN,2026-10-02 19:00:00+00:00,30.320002,0.0,37700.0,0.0,0.0,0.0,20.150354,2026-10-02,19,Friday,False,False,False,10,FALL,CLEAR,LIGHT
MANHATTAN,2026-10-02 20:00:00+00:00,30.27,0.0,40700.0,0.0,0.0,0.0,17.654688,2026-10-02,20,Friday,False,False,True,10,FALL,CLEAR,LIGHT
MANHATTAN,2026-10-02 21:00:00+00:00,29.37,0.0,38800.0,0.0,0.0,0.0,15.617529,2026-10-02,21,Friday,False,False,True,10,FALL,CLEAR,LIGHT
MANHATTAN,2026-10-02 22:00:00+00:00,26.87,0.0,30800.0,0.0,0.0,0.0,18.888851,2026-10-02,22,Friday,False,False,True,10,FALL,CLEAR,LIGHT
MANHATTAN,2026-10-02 23:00:00+00:00,24.570002,0.0,22800.0,0.0,0.0,0.0,12.904882,2026-10-02,23,Friday,False,False,True,10,FALL,CLEAR,LIGHT
MANHATTAN,2026-10-03 00:00:00+00:00,23.220001,0.0,24600.0,0.0,0.0,0.0,15.072783,2026-10-03,0,Saturday,True,False,True,10,FALL,CLEAR,LIGHT
MANHATTAN,2026-10-03 01:00:00+00:00,23.220001,0.0,25900.0,0.0,0.0,0.0,12.88981,2026-10-03,1,Saturday,True,False,True,10,FALL,CLEAR,LIGHT
MANHATTAN,2026-10-03 02:00:00+00:00,22.52,0.0,24700.0,0.0,0.0,0.0,11.457958,2026-10-03,2,Saturday,True,False,True,10,FALL,CLEAR,LIGHT
MANHATTAN,2026-10-03 03:00:00+00:00,21.62,0.0,24000.0,0.0,0.0,0.0,16.039202,2026-10-03,3,Saturday,True,False,True,10,FALL,CLEAR,LIGHT
MANHATTAN,2026-10-03 04:00:00+00:00,20.37,0.0,24300.0,0.0,0.0,0.0,11.592894,2026-10-03,4,Saturday,True,False,True,10,FALL,CLEAR,LIGHT
MANHATTAN,2026-10-03 05:00:00+00:00,20.02,0.0,26300.0,0.0,0.0,0.0,12.783802,2026-10-03,5,Saturday,True,False,True,10,FALL,CLEAR,LIGHT
MANHATTAN,2026-10-03 06:00:00+00:00,18.970001,0.0,30800.0,0.0,0.0,0.0,16.42247,2026-10-03,6,Saturday,True,False,False,10,FALL,CLEAR,LIGHT
MANHATTAN,2026-10-03 07:00:00+00:00,17.42,0.0,29300.0,0.0,0.0,0.0,10.495713,2026-10-03,7,Saturday,True,True,False,10,FALL,CLEAR,LIGHT
MANHATTAN,2026-10-03 08:00:00+00:00,16.52,0.0,26300.0,0.0,0.0,0.0,11.4862,2026-10-03,8,Saturday,True,True,False,10,FALL,CLEAR,LIGHT
MANHATTAN,2026-10-03 09:00:00+00:00,15.7699995,0.0,22300.0,0.0,0.0,0.0,3.671294,2026-10-03,9,Saturday,True,True,False,10,FALL,CLEAR,LIGHT
MANHATTAN,2026-10-03 10:00:00+00:00,15.47,0.0,21900.0,0.0,0.0,0.0,6.638072,2026-10-03,10,Saturday,True,False,False,10,FALL,CLEAR,LIGHT
MANHATTAN,2026-10-03 11:00:00+00:00,14.82,0.0,21200.0,0.0,0.0,0.0,5.4833565,2026-10-03,11,Saturday,True,False,False,10,FALL,CLEAR,LIGHT
MANHATTAN,2026-10-03 12:00:00+00:00,15.62,0.0,19700.0,0.0,0.0,0.0,14.113653,2026-10-03,12,Saturday,True,False,False,10,FALL,CLEAR,LIGHT
MANHATTAN,2026-10-03 13:00:00+00:00,16.720001,0.0,23500.0,0.0,0.0,0.0,15.188415,2026-10-03,13,Saturday,True,False,False,10,FALL,CLEAR,LIGHT
MANHATTAN,2026-10-03 14:00:00+00:00,18.970001,0.0,34300.0,0.0,0.0,0.0,17.026896,2026-10-03,14,Saturday,True,False,False,10,FALL,CLEAR,LIGHT
MANHATTAN,2026-10-03 15:00:00+00:00,20.52,0.0,37100.0,0.0,0.0,0.0,16.42247,2026-10-03,15,Saturday,True,False,False,10,FALL,CLEAR,LIGHT
MANHATTAN,2026-10-03 16:00:00+00:00,21.42,0.0,41300.0,0.0,0.0,0.0,19.878391,2026-10-03,16,Saturday,True,True,False,10,FALL,CLEAR,LIGHT
MANHATTAN,2026-10-03 17:00:00+00:00,21.720001,0.0,41700.0,0.0,0.0,0.0,18.079027,2026-10-03,17,Saturday,True,True,False,10,FALL,CLEAR,LIGHT
MANHATTAN,2026-10-03 18:00:00+00:00,22.17,0.0,43300.0,0.0,0.0,0.0,16.08761,2026-10-03,18,Saturday,True,True,False,10,FALL,CLEAR,LIGHT
MANHATTAN,2026-10-03 19:00:00+00:00,22.42,0.0,45800.0,0.0,0.0,0.0,14.84318,2026-10-03,19,Saturday,True,False,False,10,FALL,CLEAR,LIGHT
MANHATTAN,2026-10-03 20:00:00+00:00,22.42,0.0,47500.0,0.0,0.0,0.0,13.979871,2026-10-03,20,Saturday,True,False,True,10,FALL,CLEAR,LIGHT
MANHATTAN,2026-10-03 21:00:00+00:00,21.87,0.0,49600.0,0.0,0.0,0.0,11.592895,2026-10-03,21,Saturday,True,False,True,10,FALL,CLEAR,LIGHT
MANHATTAN,2026-10-03 22:00:00+00:00,21.220001,0.0,51300.0,0.0,0.0,0.0,8.350138,2026-10-03,22,Saturday,True,False,True,10,FALL,CLEAR,LIGHT
MANHATTAN,2026-10-03 23:00:00+00:00,18.720001,0.0,41800.0,0.0,0.0,0.0,2.5455842,2026-10-03,23,Saturday,True,False,True,10,FALL,CLEAR,LIGHT
MANHATTAN,2026-10-04 00:00:00+00:00,17.37,0.0,34200.0,0.0,0.0,0.0,5.00128,2026-10-04,0,Sunday,True,False,True,10,FALL,CLEAR,LIGHT
MANHATTAN,2026-10-04 01:00:00+00:00,16.42,0.0,30200.0,0.0,0.0,0.0,2.5455842,2026-10-04,1,Sunday,True,False,True,10,FALL,CLEAR,LIGHT
MANHATTAN,2026-10-04 02:00:00+00:00,15.97,0.0,28600.0,0.0,0.0,0.0,5.0911684,2026-10-04,2,Sunday,True,False,True,10,FALL,CLEAR,LIGHT
MANHATTAN,2026-10-04 03:00:00+00:00,15.0199995,0.0,21400.0,0.0,0.0,0.0,5.3517847,2026-10-04,3,Sunday,True,False,True,10,FALL,CLEAR,LIGHT
MANHATTAN,2026-10-04 04:00:00+00:00,14.2699995,0.0,17400.0,0.0,0.0,0.0,2.9024127,2026-10-04,4,Sunday,True,False,True,10,FALL,CLEAR,LIGHT
MANHATTAN,2026-10-04 05:00:00+00:00,14.12,0.0,15500.0,0.0,0.0,0.0,3.6179552,2026-10-04,5,Sunday,True,False,True,10,FALL,CLEAR,LIGHT
MANHATTAN,2026-10-04 06:00:00+00:00,13.62,0.0,12200.0,0.0,0.0,0.0,4.452954,2026-10-04,6,Sunday,True,False,False,10,FALL,CLEAR,LIGHT
MANHATTAN,2026-10-04 07:00:00+00:00,13.7699995,0.0,12900.0,0.0,0.0,0.0,6.28713,2026-10-04,7,Sunday,True,True,False,10,FALL,CLEAR,LIGHT
MANHATTAN,2026-10-04 08:00:00+00:00,13.62,0.0,13500.0,0.0,0.0,0.0,6.439876,2026-10-04,8,Sunday,True,True,False,10,FALL,CLEAR,LIGHT
MANHATTAN,2026-10-04 09:00:00+00:00,13.62,0.0,13900.0,0.0,0.0,0.0,8.161764,2026-10-04,9,Sunday,True,True,False,10,FALL,CLEAR,LIGHT
MANHATTAN,2026-10-04 10:00:00+00:00,13.72,0.0,13900.0,0.0,0.0,0.0,9.290511,2026-10-04,10,Sunday,True,False,False,10,FALL,CLEAR,LIGHT
MANHATTAN,2026-10-04 11:00:00+00:00,13.67,0.0,13600.0,0.0,0.0,0.0,9.585739,2026-10-04,11,Sunday,True,False,False,10,FALL,CLEAR,LIGHT
MANHATTAN,2026-10-04 12:00:00+00:00,14.82,0.0,15100.0,0.0,0.0,0.0,12.496718,2026-10-04,12,Sunday,True,False,False,10,FALL,CLEAR,LIGHT
MANHATTAN,2026-10-04 13:00:00+00:00,14.92,0.0,17700.0,0.0,0.0,0.0,14.512064,2026-10-04,13,Sunday,True,False,False,10,FALL,CLEAR,LIGHT
MANHATTAN,2026-10-04 14:00:00+00:00,15.57,0.0,19400.0,0.0,0.0,0.0,15.629971,2026-10-04,14,Sunday,True,False,False,10,FALL,CLEAR,LIGHT
MANHATTAN,2026-10-04 15:00:00+00:00,16.570002,0.0,28100.0,0.0,0.0,0.0,12.72283,2026-10-04,15,Sunday,True,False,False,10,FALL,CLEAR,LIGHT
MANHATTAN,2026-10-04 16:00:00+00:00,15.72,0.0,21300.0,0.0,0.0,0.0,12.313894,2026-10-04,16,Sunday,True,True,False,10,FALL,CLEAR,LIGHT
MANHATTAN,2026-10-04 17:00:00+00:00,15.42,0.0,19200.0,0.0,0.0,0.0,7.42159,2026-10-04,17,Sunday,True,True,False,10,FALL,CLEAR,LIGHT
MANHATTAN,2026-10-04 18:00:00+00:00,14.72,0.7,13200.0,0.7,0.0,0.0,9.693296,2026-10-04,18,Sunday,True,True,False,10,FALL,RAIN,LIGHT
MANHATTAN,2026-10-04 19:00:00+00:00,14.62,0.0,16000.0,0.0,0.0,0.0,8.209263,2026-10-04,19,Sunday,True,False,False,10,FALL,CLEAR,LIGHT
MANHATTAN,2026-10-04 20:00:00+00:00,13.47,0.0,13400.0,0.0,0.0,0.0,11.681987,2026-10-04,20,Sunday,True,False,True,10,FALL,CLEAR,LIGHT
MANHATTAN,2026-10-04 21:00:00+00:00,13.62,0.0,13200.0,0.0,0.0,0.0,13.044722,2026-10-04,21,Sunday,True,False,True,10,FALL,CLEAR,LIGHT
MANHATTAN,2026-10-04 22:00:00+00:00,13.42,0.0,7800.0,0.0,0.0,0.0,9.793059,2026-10-04,22,Sunday,True,False,True,10,FALL,CLEAR,LIGHT
MANHATTAN,2026-10-04 23:00:00+00:00,13.67,0.0,13700.0,0.0,0.0,0.0,10.829958,2026-10-04,23,Sunday,True,False,True,10,FALL,CLEAR,LIGHT
MANHATTAN,2026-10-05 00:00:00+00:00,13.5199995,0.0,12600.0,0.0,0.0,0.0,10.464797,2026-10-05,0,Monday,False,False,True,10,FALL,CLEAR,LIGHT
MANHATTAN,2026-10-05 01:00:00+00:00,13.47,0.0,13200.0,0.0,0.0,0.0,9.0,2026-10-05,1,Monday,False,False,True,10,FALL,CLEAR,LIGHT
MANHATTAN,2026-10-05 02:00:00+00:00,13.57,0.0,14100.0,0.0,0.0,0.0,8.427383,2026-10-05,2,Monday,False,False,True,10,FALL,CLEAR,LIGHT
MANHATTAN,2026-10-05 03:00:00+00:00,13.37,0.0,14100.0,0.0,0.0,0.0,7.10031,2026-10-05,3,Monday,False,False,True,10,FALL,CLEAR,LIGHT
MANHATTAN,2026-10-05 04:00:00+00:00,12.87,0.0,12500.0,0.0,0.0,0.0,9.220499,2026-10-05,4,Monday,False,False,True,10,FALL,CLEAR,LIGHT
MANHATTAN,2026-10-05 05:00:00+00:00,13.07,0.0,12200.0,0.0,0.0,0.0,5.634891,2026-10-05,5,Monday,False,False,True,10,FALL,CLEAR,LIGHT
MANHATTAN,2026-10-05 06:00:00+00:00,12.72,0.0,12400.0,0.0,0.0,0.0,5.0911684,2026-10-05,6,Monday,False,False,False,10,FALL,CLEAR,LIGHT
MANHATTAN,2026-10-05 07:00:00+00:00,12.72,0.0,12800.0,0.0,0.0,0.0,6.297428,2026-10-05,7,Monday,False,True,False,10,FALL,CLEAR,LIGHT
MANHATTAN,2026-10-05 08:00:00+00:00,12.57,0.0,12900.0,0.0,0.0,0.0,5.8048253,2026-10-05,8,Monday,False,True,False,10,FALL,CLEAR,LIGHT
MANHATTAN,2026-10-05 09:00:00+00:00,12.37,0.0,12800.0,0.0,0.0,0.0,5.0911684,2026-10-05,9,Monday,False,True,False,10,FALL,CLEAR,LIGHT
MANHATTAN,2026-10-05 10:00:00+00:00,12.37,0.0,13000.0,0.0,0.0,0.0,5.1919937,2026-10-05,10,Monday,False,False,False,10,FALL,CLEAR,LIGHT
MANHATTAN,2026-10-05 11:00:00+00:00,13.0199995,0.0,13000.0,0.0,0.0,0.0,6.12,2026-10-05,11,Monday,False,False,False,10,FALL,CLEAR,LIGHT
MANHATTAN,2026-10-05 12:00:00+00:00,13.42,0.0,13900.0,0.0,0.0,0.0,9.957108,2026-10-05,12,Monday,False,False,False,10,FALL,CLEAR,LIGHT
MANHATTAN,2026-10-05 13:00:00+00:00,14.22,0.0,13400.0,0.0,0.0,0.0,11.792404,2026-10-05,13,Monday,False,False,False,10,FALL,CLEAR,LIGHT
MANHATTAN,2026-10-05 14:00:00+00:00,16.12,0.0,16000.0,0.0,0.0,0.0,12.7279215,2026-10-05,14,Monday,False,False,False,10,FALL,CLEAR,LIGHT
MANHATTAN,2026-10-05 15:00:00+00:00,18.470001,0.0,20600.0,0.0,0.0,0.0,11.212135,2026-10-05,15,Monday,False,False,False,10,FALL,CLEAR,LIGHT
MANHATTAN,2026-10-05 16:00:00+00:00,19.970001,0.0,29300.0,0.0,0.0,0.0,19.35314,2026-10-05,16,Monday,False,True,False,10,FALL,CLEAR,LIGHT
MANHATTAN,2026-10-05 17:00:00+00:00,21.070002,0.0,38900.0,0.0,0.0,0.0,22.668568,2026-10-05,17,Monday,False,True,False,10,FALL,CLEAR,LIGHT
MANHATTAN,2026-10-05 18:00:00+00:00,21.12,0.0,52900.0,0.0,0.0,0.0,24.967499,2026-10-05,18,Monday,False,True,False,10,FALL,CLEAR,LIGHT
MANHATTAN,2026-10-05 19:00:00+00:00,21.52,0.0,58300.0,0.0,0.0,0.0,24.36325,2026-10-05,19,Monday,False,False,False,10,FALL,CLEAR,LIGHT
MANHATTAN,2026-10-05 20:00:00+00:00,20.87,0.0,59200.0,0.0,0.0,0.0,29.144438,2026-10-05,20,Monday,False,False,True,10,FALL,CLEAR,LIGHT
MANHATTAN,2026-10-05 21:00:00+00:00,20.470001,0.0,59300.0,0.0,0.0,0.0,24.735432,2026-10-05,21,Monday,False,False,True,10,FALL,CLEAR,LIGHT
MANHATTAN,2026-10-05 22:00:00+00:00,18.67,0.0,58100.0,0.0,0.0,0.0,19.05281,2026-10-05,22,Monday,False,False,True,10,FALL,CLEAR,LIGHT
MANHATTAN,2026-10-05 23:00:00+00:00,17.470001,0.0,60700.0,0.0,0.0,0.0,13.392774,2026-10-05,23,Monday,False,False,True,10,FALL,CLEAR,LIGHT
MANHATTAN,2026-10-06 00:00:00+00:00,16.570002,0.0,60600.0,0.0,0.0,0.0,14.4,2026-10-06,0,Tuesday,False,False,True,10,FALL,CLEAR,LIGHT
MANHATTAN,2026-10-06 01:00:00+00:00,15.12,0.0,58400.0,0.0,0.0,0.0,13.392774,2026-10-06,1,Tuesday,False,False,True,10,FALL,CLEAR,LIGHT
MANHATTAN,2026-10-06 02:00:00+00:00,14.2699995,0.0,56800.0,0.0,0.0,0.0,9.504272,2026-10-06,2,Tuesday,False,False,True,10,FALL,CLEAR,LIGHT
MANHATTAN,2026-10-06 03:00:00+00:00,12.92,0.0,50800.0,0.0,0.0,0.0,11.480557,2026-10-06,3,Tuesday,False,False,True,10,FALL,CLEAR,LIGHT
MANHATTAN,2026-10-06 04:00:00+00:00,11.87,0.0,45900.0,0.0,0.0,0.0,10.739832,2026-10-06,4,Tuesday,False,False,True,10,FALL,CLEAR,LIGHT
MANHATTAN,2026-10-06 05:00:00+00:00,11.0199995,0.0,42500.0,0.0,0.0,0.0,6.924738,2026-10-06,5,Tuesday,False,False,True,10,FALL,CLEAR,LIGHT
MANHATTAN,2026-10-06 06:00:00+00:00,11.0199995,0.0,42700.0,0.0,0.0,0.0,11.841756,2026-10-06,6,Tuesday,False,False,False,10,FALL,CLEAR,LIGHT
MANHATTAN,2026-10-06 07:00:00+00:00,10.62,0.0,37900.0,0.0,0.0,0.0,13.441071,2026-10-06,7,Tuesday,False,True,False,10,FALL,CLEAR,LIGHT
MANHATTAN,2026-10-06 08:00:00+00:00,10.17,0.0,33600.0,0.0,0.0,0.0,13.608762,2026-10-06,8,Tuesday,False,True,False,10,FALL,CLEAR,LIGHT
MANHATTAN,2026-10-06 09:00:00+00:00,9.47,0.0,32300.0,0.0,0.0,0.0,9.693296,2026-10-06,9,Tuesday,False,True,False,10,FALL,CLEAR,LIGHT
MANHATTAN,2026-10-06 10:00:00+00:00,8.97,0.0,31600.0,0.0,0.0,0.0,7.7879906,2026-10-06,10,Tuesday,False,False,False,10,FALL,CLEAR,LIGHT
MANHATTAN,2026-10-06 11:00:00+00:00,8.37,0.0,30900.0,0.0,0.0,0.0,5.95906,2026-10-06,11,Tuesday,False,False,False,10,FALL,CLEAR,LIGHT
MANHATTAN,2026-10-06 12:00:00+00:00,9.5199995,0.0,31000.0,0.0,0.0,0.0,10.1887,2026-10-06,12,Tuesday,False,False,False,10,FALL,CLEAR,LIGHT
MANHATTAN,2026-10-06 13:00:00+00:00,10.42,0.0,33700.0,0.0,0.0,0.0,14.982228,2026-10-06,13,Tuesday,False,False,False,10,FALL,CLEAR,LIGHT
MANHATTAN,2026-10-06 14:00:00+00:00,12.17,0.0,42400.0,0.0,0.0,0.0,18.11841,2026-10-06,14,Tuesday,False,False,False,10,FALL,CLEAR,LIGHT
MANHATTAN,2026-10-06 15:00:00+00:00,13.47,0.0,46800.0,0.0,0.0,0.0,20.08916,2026-10-06,15,Tuesday,False,False,False,10,FALL,CLEAR,LIGHT
MANHATTAN,2026-10-06 16:00:00+00:00,14.82,0.0,52500.0,0.0,0.0,0.0,17.429354,2026-10-06,16,Tuesday,False,True,False,10,FALL,CLEAR,LIGHT
MANHATTAN,2026-10-06 17:00:00+00:00,15.919999,0.0,55100.0,0.0,0.0,0.0,15.778516,2026-10-06,17,Tuesday,False,True,False,10,FALL,CLEAR,LIGHT
MANHATTAN,2026-10-06 18:00:00+00:00,16.77,0.0,56800.0,0.0,0.0,0.0,17.068707,2026-10-06,18,Tuesday,False,True,False,10,FALL,CLEAR,LIGHT
MANHATTAN,2026-10-06 19:00:00+00:00,17.52,0.0,61000.0,0.0,0.0,0.0,15.509274,2026-10-06,19,Tuesday,False,False,False,10,FALL,CLEAR,LIGHT
MANHATTAN,2026-10-06 20:00:00+00:00,17.720001,0.0,60100.0,0.0,0.0,0.0,15.137133,2026-10-06,20,Tuesday,False,False,True,10,FALL,CLEAR,LIGHT
MANHATTAN,2026-10-06 21:00:00+00:00,17.27,0.0,62900.0,0.0,0.0,0.0,13.37825,2026-10-06,21,Tuesday,False,False,True,10,FALL,CLEAR,LIGHT
MANHATTAN,2026-10-06 22:00:00+00:00,16.17,0.0,61300.0,0.0,0.0,0.0,10.365251,2026-10-06,22,Tuesday,False,False,True,10,FALL,CLEAR,LIGHT
MANHATTAN,2026-10-06 23:00:00+00:00,13.7699995,0.0,53300.0,0.0,0.0,0.0,5.815978,2026-10-06,23,Tuesday,False,False,True,10,FALL,CLEAR,LIGHT
MANHATTAN,2026-10-07 00:00:00+00:00,12.37,0.0,44900.0,0.0,0.0,0.0,5.771239,2026-10-07,0,Wednesday,False,False,True,10,FALL,CLEAR,LIGHT
MANHATTAN,2026-10-07 01:00:00+00:00,11.5199995,0.0,42400.0,0.0,0.0,0.0,6.87779,2026-10-07,1,Wednesday,False,False,True,10,FALL,CLEAR,LIGHT
MANHATTAN,2026-10-07 02:00:00+00:00,10.62,0.0,39300.0,0.0,0.0,0.0,2.8116899,2026-10-07,2,Wednesday,False,False,True,10,FALL,CLEAR,LIGHT
MANHATTAN,2026-10-07 03:00:00+00:00,9.47,0.0,34800.0,0.0,0.0,0.0,3.671294,2026-10-07,3,Wednesday,False,False,True,10,FALL,CLEAR,LIGHT
MANHATTAN,2026-10-07 04:00:00+00:00,8.97,0.0,34500.0,0.0,0.0,0.0,3.396233,2026-10-07,4,Wednesday,False,False,True,10,FALL,CLEAR,LIGHT
MANHATTAN,2026-10-07 05:00:00+00:00,8.47,0.0,32600.0,0.0,0.0,0.0,3.0758414,2026-10-07,5,Wednesday,False,False,True,10,FALL,CLEAR,LIGHT
MANHATTAN,2026-10-07 06:00:00+00:00,8.5199995,0.0,32200.0,0.0,0.0,0.0,2.3051248,2026-10-07,6,Wednesday,False,False,False,10,FALL,CLEAR,LIGHT
MANHATTAN,2026-10-07 07:00:00+00:00,7.87,0.0,27200.0,0.0,0.0,0.0,1.609969,2026-10-07,7,Wednesday,False,True,False,10,FALL,CLEAR,LIGHT
MANHATTAN,2026-10-07 08:00:00+00:00,7.67,0.0,27100.0,0.0,0.0,0.0,2.2768397,2026-10-07,8,Wednesday,False,True,False,10,FALL,CLEAR,LIGHT
MANHATTAN,2026-10-07 09:00:00+00:00,7.62,0.0,29000.0,0.0,0.0,0.0,5.4833565,2026-10-07,9,Wednesday,False,True,False,10,FALL,CLEAR,LIGHT
MANHATTAN,2026-10-07 10:00:00+00:00,7.62,0.0,28200.0,0.0,0.0,0.0,1.8,2026-10-07,10,Wednesday,False,False,False,10,FALL,CLEAR,LIGHT
MANHATTAN,2026-10-07 11:00:00+00:00,7.47,0.0,22100.0,0.0,0.0,0.0,0.5091169,2026-10-07,11,Wednesday,False,False,False,10,FALL,CLEAR,LIGHT
MANHATTAN,2026-10-07 12:00:00+00:00,9.0199995,0.0,20500.0,0.0,0.0,0.0,2.5455842,2026-10-07,12,Wednesday,False,False,False,10,FALL,CLEAR,LIGHT
MANHATTAN,2026-10-07 13:00:00+00:00,11.42,0.0,24100.0,0.0,0.0,0.0,1.8,2026-10-07,13,Wednesday,False,False,False,10,FALL,CLEAR,LIGHT
MANHATTAN,2026-10-07 14:00:00+00:00,14.72,0.0,35500.0,0.0,0.0,0.0,6.151683,2026-10-07,14,Wednesday,False,False,False,10,FALL,CLEAR,LIGHT
MANHATTAN,2026-10-07 15:00:00+00:00,16.67,0.0,46500.0,0.0,0.0,0.0,10.799999,2026-10-07,15,Wednesday,False,False,False,10,FALL,CLEAR,LIGHT
MANHATTAN,2026-10-07 16:00:00+00:00,18.12,0.0,48600.0,0.0,0.0,0.0,15.629972,2026-10-07,16,Wednesday,False,True,False,10,FALL,CLEAR,LIGHT
MANHATTAN,2026-10-07 17:00:00+00:00,18.77,0.0,53800.0,0.0,0.0,0.0,16.808569,2026-10-07,17,Wednesday,False,True,False,10,FALL,CLEAR,LIGHT
MANHATTAN,2026-10-07 18:00:00+00:00,19.070002,0.0,47600.0,0.0,0.0,0.0,17.283749,2026-10-07,18,Wednesday,False,True,False,10,FALL,CLEAR,LIGHT
MANHATTAN,2026-10-07 19:00:00+00:00,19.37,0.0,55800.0,0.0,0.0,0.0,18.0,2026-10-07,19,Wednesday,False,False,False,10,FALL,CLEAR,LIGHT
MANHATTAN,2026-10-07 20:00:00+00:00,19.52,0.0,52200.0,0.0,0.0,0.0,17.298738,2026-10-07,20,Wednesday,False,False,True,10,FALL,CLEAR,LIGHT
MANHATTAN,2026-10-07 21:00:00+00:00,18.67,0.0,35700.0,0.0,0.0,0.0,19.161337,2026-10-07,21,Wednesday,False,False,True,10,FALL,CLEAR,LIGHT
MANHATTAN,2026-10-07 22:00:00+00:00,16.970001,0.0,29900.0,0.0,0.0,0.0,17.068707,2026-10-07,22,Wednesday,False,False,True,10,FALL,CLEAR,LIGHT
MANHATTAN,2026-10-07 23:00:00+00:00,15.7699995,0.0,24000.0,0.0,0.0,0.0,10.495713,2026-10-07,23,Wednesday,False,False,True,10,FALL,CLEAR,LIGHT
MANHATTAN,2026-10-08 00:00:00+00:00,15.2699995,0.0,21600.0,0.0,0.0,0.0,13.084402,2026-10-08,0,Thursday,False,False,True,10,FALL,CLEAR,LIGHT
MANHATTAN,2026-10-08 01:00:00+00:00,14.97,0.0,24100.0,0.0,0.0,0.0,10.948973,2026-10-08,1,Thursday,False,False,True,10,FALL,CLEAR,LIGHT
MANHATTAN,2026-10-08 02:00:00+00:00,14.22,0.0,21600.0,0.0,0.0,0.0,11.792404,2026-10-08,2,Thursday,False,False,True,10,FALL,CLEAR,LIGHT
MANHATTAN,2026-10-08 03:00:00+00:00,14.0199995,0.0,21600.0,0.0,0.0,0.0,10.8955765,2026-10-08,3,Thursday,False,False,True,10,FALL,CLEAR,LIGHT
MANHATTAN,2026-10-08 04:00:00+00:00,13.42,0.0,18600.0,0.0,0.0,0.0,9.3876505,2026-10-08,4,Thursday,False,False,True,10,FALL,CLEAR,LIGHT
MANHATTAN,2026-10-08 05:00:00+00:00,13.2699995,0.0,18800.0,0.0,0.0,0.0,8.373386,2026-10-08,5,Thursday,False,False,True,10,FALL,CLEAR,LIGHT
MANHATTAN,2026-10-08 06:00:00+00:00,13.32,0.0,19600.0,0.0,0.0,0.0,10.636766,2026-10-08,6,Thursday,False,False,False,10,FALL,CLEAR,LIGHT
MANHATTAN,2026-10-08 07:00:00+00:00,12.67,0.0,16500.0,0.0,0.0,0.0,6.9527545,2026-10-08,7,Thursday,False,True,False,10,FALL,CLEAR,LIGHT
MANHATTAN,2026-10-08 08:00:00+00:00,12.32,0.0,14000.0,0.0,0.0,0.0,6.379216,2026-10-08,8,Thursday,False,True,False,10,FALL,CLEAR,LIGHT
MANHATTAN,2026-10-08 09:00:00+00:00,12.57,0.0,15200.0,0.0,0.0,0.0,6.28713,2026-10-08,9,Thursday,False,True,False,10,FALL,CLEAR,LIGHT
MANHATTAN,2026-10-08 10:00:00+00:00,12.67,0.0,15100.0,0.0,0.0,0.0,6.725354,2026-10-08,10,Thursday,False,False,False,10,FALL,CLEAR,LIGHT
MANHATTAN,2026-10-08 11:00:00+00:00,12.12,0.0,14400.0,0.0,0.0,0.0,6.5693827,2026-10-08,11,Thursday,False,False,False,10,FALL,CLEAR,LIGHT
MANHATTAN,2026-10-08 12:00:00+00:00,13.92,0.0,15400.0,0.0,0.0,0.0,10.703569,2026-10-08,12,Thursday,False,False,False,10,FALL,CLEAR,LIGHT
MANHATTAN,2026-10-08 13:00:00+00:00,15.0199995,0.0,15800.0,0.0,0.0,0.0,12.475961,2026-10-08,13,Thursday,False,False,False,10,FALL,CLEAR,LIGHT
MANHATTAN,2026-10-08 14:00:00+00:00,17.820002,0.0,19400.0,0.0,0.0,0.0,13.979872,2026-10-08,14,Thursday,False,False,False,10,FALL,CLEAR,LIGHT
MANHATTAN,2026-10-08 15:00:00+00:00,21.42,0.0,30800.0,0.0,0.0,0.0,16.595179,2026-10-08,15,Thursday,False,False,False,10,FALL,CLEAR,LIGHT
MANHATTAN,2026-10-08 16:00:00+00:00,22.77,0.0,39400.0,0.0,0.0,0.0,19.881649,2026-10-08,16,Thursday,False,True,False,10,FALL,CLEAR,LIGHT
MANHATTAN,2026-10-08 17:00:00+00:00,24.320002,0.0,52600.0,0.0,0.0,0.0,20.957443,2026-10-08,17,Thursday,False,True,False,10,FALL,CLEAR,LIGHT
MANHATTAN,2026-10-08 18:00:00+00:00,23.820002,0.0,50200.0,0.0,0.0,0.0,22.530937,2026-10-08,18,Thursday,False,True,False,10,FALL,CLEAR,LIGHT
MANHATTAN,2026-10-08 19:00:00+00:00,24.320002,0.0,60900.0,0.0,0.0,0.0,20.833395,2026-10-08,19,Thursday,False,False,False,10,FALL,CLEAR,LIGHT
MANHATTAN,2026-10-08 20:00:00+00:00,24.12,0.0,63200.0,0.0,0.0,0.0,20.176065,2026-10-08,20,Thursday,False,False,True,10,FALL,CLEAR,LIGHT
MANHATTAN,2026-10-08 21:00:00+00:00,23.320002,0.0,59400.0,0.0,0.0,0.0,22.461807,2026-10-08,21,Thursday,False,False,True,10,FALL,CLEAR,LIGHT
MANHATTAN,2026-10-08 22:00:00+00:00,22.02,0.0,59200.0,0.0,0.0,0.0,17.373497,2026-10-08,22,Thursday,False,False,True,10,FALL,CLEAR,LIGHT
MANHATTAN,2026-10-08 23:00:00+00:00,20.27,0.0,56100.0,0.0,0.0,0.0,7.928178,2026-10-08,23,Thursday,False,False,True,10,FALL,CLEAR,LIGHT
MANHATTAN,2026-10-09 00:00:00+00:00,18.970001,0.0,49400.0,0.0,0.0,0.0,7.5685663,2026-10-09,0,Friday,False,False,True,10,FALL,CLEAR,LIGHT
MANHATTAN,2026-10-09 01:00:00+00:00,17.67,0.0,44100.0,0.0,0.0,0.0,6.489992,2026-10-09,1,Friday,False,False,True,10,FALL,CLEAR,LIGHT
MANHATTAN,2026-10-09 02:00:00+00:00,16.52,0.0,44400.0,0.0,0.0,0.0,4.510787,2026-10-09,2,Friday,False,False,True,10,FALL,CLEAR,LIGHT
MANHATTAN,2026-10-09 03:00:00+00:00,15.0199995,0.0,38400.0,0.0,0.0,0.0,7.9932976,2026-10-09,3,Friday,False,False,True,10,FALL,CLEAR,LIGHT
MANHATTAN,2026-10-09 04:00:00+00:00,14.72,0.0,39200.0,0.0,0.0,0.0,4.0249224,2026-10-09,4,Friday,False,False,True,10,FALL,CLEAR,LIGHT
MANHATTAN,2026-10-09 05:00:00+00:00,13.22,0.0,31500.0,0.0,0.0,0.0,3.2599385,2026-10-09,5,Friday,False,False,True,10,FALL,CLEAR,LIGHT
MANHATTAN,2026-10-09 06:00:00+00:00,12.82,0.0,33300.0,0.0,0.0,0.0,5.6920996,2026-10-09,6,Friday,False,False,False,10,FALL,CLEAR,LIGHT
MANHATTAN,2026-10-09 07:00:00+00:00,11.82,0.0,30500.0,0.0,0.0,0.0,4.802999,2026-10-09,7,Friday,False,True,False,10,FALL,CLEAR,LIGHT
MANHATTAN,2026-10-09 08:00:00+00:00,11.32,0.0,29000.0,0.0,0.0,0.0,3.2599385,2026-10-09,8,Friday,False,True,False,10,FALL,CLEAR,LIGHT
MANHATTAN,2026-10-09 09:00:00+00:00,10.82,0.0,28600.0,0.0,0.0,0.0,3.0758414,2026-10-09,9,Friday,False,True,False,10,FALL,CLEAR,LIGHT
MANHATTAN,2026-10-09 10:00:00+00:00,10.5199995,0.0,29100.0,0.0,0.0,0.0,3.8939953,2026-10-09,10,Friday,False,False,False,10,FALL,CLEAR,LIGHT
MANHATTAN,2026-10-09 11:00:00+00:00,10.37,0.0,30200.0,0.0,0.0,0.0,5.991594,2026-10-09,11,Friday,False,False,False,10,FALL,CLEAR,LIGHT
MANHATTAN,2026-10-09 12:00:00+00:00,11.5199995,0.0,25200.0,0.0,0.0,0.0,3.396233,2026-10-09,12,Friday,False,False,False,10,FALL,CLEAR,LIGHT
MANHATTAN,2026-10-09 13:00:00+00:00,14.0199995,0.0,28200.0,0.0,0.0,0.0,8.4042845,2026-10-09,13,Friday,False,False,False,10,FALL,CLEAR,LIGHT
MANHATTAN,2026-10-09 14:00:00+00:00,17.070002,0.0,39500.0,0.0,0.0,0.0,7.771331,2026-10-09,14,Friday,False,False,False,10,FALL,CLEAR,LIGHT
MANHATTAN,2026-10-09 15:00:00+00:00,19.320002,0.0,46100.0,0.0,0.0,0.0,8.225035,2026-10-09,15,Friday,False,False,False,10,FALL,CLEAR,LIGHT
MANHATTAN,2026-10-09 16:00:00+00:00,21.87,0.0,55600.0,0.0,0.0,0.0,17.106628,2026-10-09,16,Friday,False,True,False,10,FALL,CLEAR,LIGHT
MANHATTAN,2026-10-09 17:00:00+00:00,22.470001,0.0,55800.0,0.0,0.0,0.0,23.411074,2026-10-09,17,Friday,False,True,False,10,FALL,CLEAR,LIGHT
MANHATTAN,2026-10-09 18:00:00+00:00,22.62,0.0,58700.0,0.0,0.0,0.0,22.862125,2026-10-09,18,Friday,False,True,False,10,FALL,CLEAR,LIGHT
MANHATTAN,2026-10-09 19:00:00+00:00,23.070002,0.0,63000.0,0.0,0.0,0.0,18.079027,2026-10-09,19,Friday,False,False,False,10,FALL,CLEAR,LIGHT
MANHATTAN,2026-10-09 20:00:00+00:00,22.62,0.0,63400.0,0.0,0.0,0.0,18.35647,2026-10-09,20,Friday,False,False,True,10,FALL,CLEAR,LIGHT
MANHATTAN,2026-10-09 21:00:00+00:00,21.67,0.0,62900.0,0.0,0.0,0.0,16.73516,2026-10-09,21,Friday,False,False,True,10,FALL,CLEAR,LIGHT
MANHATTAN,2026-10-09 22:00:00+00:00,20.27,0.0,63500.0,0.0,0.0,0.0,10.383987,2026-10-09,22,Friday,False,False,True,10,FALL,CLEAR,LIGHT
MANHATTAN,2026-10-09 23:00:00+00:00,17.87,0.0,56800.0,0.0,0.0,0.0,4.829907,2026-10-09,23,Friday,False,False,True,10,FALL,CLEAR,LIGHT
MANHATTAN,2026-10-10 00:00:00+00:00,17.42,0.0,54000.0,0.0,0.0,0.0,5.315336,2026-10-10,0,Saturday,True,False,True,10,FALL,CLEAR,LIGHT
MANHATTAN,2026-10-10 01:00:00+00:00,16.220001,0.0,47200.0,0.0,0.0,0.0,4.379589,2026-10-10,1,Saturday,True,False,True,10,FALL,CLEAR,LIGHT
MANHATTAN,2026-10-10 02:00:00+00:00,14.7699995,0.0,42000.0,0.0,0.0,0.0,3.8773184,2026-10-10,2,Saturday,True,False,True,10,FALL,CLEAR,LIGHT
MANHATTAN,2026-10-10 03:00:00+00:00,14.17,0.0,40000.0,0.0,0.0,0.0,4.829907,2026-10-10,3,Saturday,True,False,True,10,FALL,CLEAR,LIGHT
BROOKLYN,2026-09-11 04:00:00+00:00,24.1415,0.0,25000.0,0.0,0.0,0.0,9.0,2026-09-11,4,Friday,False,False,True,9,FALL,CLEAR,LIGHT
BROOKLYN,2026-09-11 05:00:00+00:00,23.741499,0.0,26300.0,0.0,0.0,0.0,10.685391,2026-09-11,5,Friday,False,False,True,9,FALL,CLEAR,LIGHT
BROOKLYN,2026-09-11 06:00:00+00:00,23.0415,0.0,29600.0,0.0,0.0,0.0,10.24578,2026-09-11,6,Friday,False,False,False,9,FALL,CLEAR,LIGHT
BROOKLYN,2026-09-11 07:00:00+00:00,21.6415,0.0,24900.0,0.0,0.0,0.0,7.69592,2026-09-11,7,Friday,False,True,False,9,FALL,CLEAR,LIGHT
BROOKLYN,2026-09-11 08:00:00+00:00,21.0415,0.0,23200.0,0.0,0.0,0.0,6.12,2026-09-11,8,Friday,False,True,False,9,FALL,CLEAR,LIGHT
BROOKLYN,2026-09-11 09:00:00+00:00,20.741499,0.0,25200.0,0.0,0.0,0.0,7.0911775,2026-09-11,9,Friday,False,True,False,9,FALL,CLEAR,LIGHT
BROOKLYN,2026-09-11 10:00:00+00:00,20.8415,0.0,28600.0,0.0,0.0,0.0,6.297428,2026-09-11,10,Friday,False,False,False,9,FALL,CLEAR,LIGHT
BROOKLYN,2026-09-11 11:00:00+00:00,20.0415,0.0,29700.0,0.0,0.0,0.0,8.905908,2026-09-11,11,Friday,False,False,False,9,FALL,CLEAR,LIGHT
BROOKLYN,2026-09-11 12:00:00+00:00,21.241499,0.0,31900.0,0.0,0.0,0.0,10.009036,2026-09-11,12,Friday,False,False,False,9,FALL,CLEAR,LIGHT
BROOKLYN,2026-09-11 13:00:00+00:00,21.5915,0.0,34900.0,0.0,0.0,0.0,10.483357,2026-09-11,13,Friday,False,False,False,9,FALL,CLEAR,LIGHT
BROOKLYN,2026-09-11 14:00:00+00:00,22.0915,0.0,30700.0,0.0,0.0,0.0,11.269782,2026-09-11,14,Friday,False,False,False,9,FALL,CLEAR,LIGHT
BROOKLYN,2026-09-11 15:00:00+00:00,22.8915,0.0,35300.0,0.0,0.0,0.0,10.805998,2026-09-11,15,Friday,False,False,False,9,FALL,CLEAR,LIGHT
BROOKLYN,2026-09-11 16:00:00+00:00,23.741499,0.0,39100.0,0.0,0.0,0.0,7.2,2026-09-11,16,Friday,False,True,False,9,FALL,CLEAR,LIGHT
BROOKLYN,2026-09-11 17:00:00+00:00,25.241499,0.0,42500.0,0.0,0.0,0.0,10.00256,2026-09-11,17,Friday,False,True,False,9,FALL,CLEAR,LIGHT
BROOKLYN,2026-09-11 18:00:00+00:00,26.0415,0.0,41000.0,0.0,0.0,0.0,9.47012,2026-09-11,18,Friday,False,True,False,9,FALL,CLEAR,LIGHT
BROOKLYN,2026-09-11 19:00:00+00:00,26.8415,0.0,43900.0,0.0,0.0,0.0,7.5685663,2026-09-11,19,Friday,False,False,False,9,FALL,CLEAR,LIGHT
BROOKLYN,2026-09-11 20:00:00+00:00,27.4415,0.0,46200.0,0.0,0.0,0.0,7.771331,2026-09-11,20,Friday,False,False,True,9,FALL,CLEAR,LIGHT
BROOKLYN,2026-09-11 21:00:00+00:00,27.5415,0.0,59000.0,0.0,0.0,0.0,11.709688,2026-09-11,21,Friday,False,False,True,9,FALL,CLEAR,LIGHT
BROOKLYN,2026-09-11 22:00:00+00:00,26.5415,0.0,54300.0,0.0,0.0,0.0,10.24578,2026-09-11,22,Friday,False,False,True,9,FALL,CLEAR,LIGHT
BROOKLYN,2026-09-11 23:00:00+00:00,24.2915,0.0,51000.0,0.0,0.0,0.0,3.6,2026-09-11,23,Friday,False,False,True,9,FALL,CLEAR,LIGHT
BROOKLYN,2026-09-12 00:00:00+00:00,22.3415,0.0,44100.0,0.0,0.0,0.0,5.8048253,2026-09-12,0,Saturday,True,False,True,9,FALL,CLEAR,LIGHT
BROOKLYN,2026-09-12 01:00:00+00:00,21.7915,0.0,34800.0,0.0,0.0,0.0,6.519877,2026-09-12,1,Saturday,True,False,True,9,FALL,CLEAR,LIGHT
BROOKLYN,2026-09-12 02:00:00+00:00,20.6415,0.0,25200.0,0.0,0.0,0.0,6.9527545,2026-09-12,2,Saturday,True,False,True,9,FALL,CLEAR,LIGHT
BROOKLYN,2026-09-12 03:00:00+00:00,19.241499,0.0,19200.0,0.0,0.0,0.0,0.71999997,2026-09-12,3,Saturday,True,False,True,9,FALL,CLEAR,LIGHT
BROOKLYN,2026-09-12 04:00:00+00:00,18.8915,0.0,21900.0,0.0,0.0,0.0,7.491114,2026-09-12,4,Saturday,True,False,True,9,FALL,CLEAR,LIGHT
BROOKLYN,2026-09-12 05:00:00+00:00,18.7915,0.0,31200.0,0.0,0.0,0.0,7.0911775,2026-09-12,5,Saturday,True,False,True,9,FALL,CLEAR,LIGHT
BROOKLYN,2026-09-12 06:00:00+00:00,17.1915,0.0,21400.0,0.0,0.0,0.0,5.634891,2026-09-12,6,Saturday,True,False,False,9,FALL,CLEAR,LIGHT
BROOKLYN,2026-09-12 07:00:00+00:00,16.491499,0.0,16000.0,0.0,0.0,0.0,6.6185193,2026-09-12,7,Saturday,True,True,False,9,FALL,CLEAR,LIGHT
BROOKLYN,2026-09-12 08:00:00+00:00,16.8415,0.0,15400.0,0.0,0.0,0.0,5.904439,2026-09-12,8,Saturday,True,True,False,9,FALL,CLEAR,LIGHT
BROOKLYN,2026-09-12 09:00:00+00:00,16.3915,0.0,14500.0,0.0,0.0,0.0,5.904439,2026-09-12,9,Saturday,True,True,False,9,FALL,CLEAR,LIGHT
BROOKLYN,2026-09-12 10:00:00+00:00,16.3415,0.0,15900.0,0.0,0.0,0.0,3.563818,2026-09-12,10,Saturday,True,False,False,9,FALL,CLEAR,LIGHT
BROOKLYN,2026-09-12 11:00:00+00:00,16.8415,0.0,19100.0,0.0,0.0,0.0,6.28713,2026-09-12,11,Saturday,True,False,False,9,FALL,CLEAR,LIGHT
BROOKLYN,2026-09-12 12:00:00+00:00,18.741499,0.0,19700.0,0.0,0.0,0.0,4.829907,2026-09-12,12,Saturday,True,False,False,9,FALL,CLEAR,LIGHT
BROOKLYN,2026-09-12 13:00:00+00:00,21.5915,0.0,21300.0,0.0,0.0,0.0,6.638072,2026-09-12,13,Saturday,True,False,False,9,FALL,CLEAR,LIGHT
BROOKLYN,2026-09-12 14:00:00+00:00,23.3915,0.0,22100.0,0.0,0.0,0.0,5.3517847,2026-09-12,14,Saturday,True,False,False,9,FALL,CLEAR,LIGHT
BROOKLYN,2026-09-12 15:00:00+00:00,24.8915,0.0,25600.0,0.0,0.0,0.0,8.217153,2026-09-12,15,Saturday,True,False,False,9,FALL,CLEAR,LIGHT
BROOKLYN,2026-09-12 16:00:00+00:00,25.2915,0.0,24300.0,0.0,0.0,0.0,13.551501,2026-09-12,16,Saturday,True,True,False,9,FALL,CLEAR,LIGHT
BROOKLYN,2026-09-12 17:00:00+00:00,25.0415,0.0,20100.0,0.0,0.0,0.0,14.512064,2026-09-12,17,Saturday,True,True,False,9,FALL,CLEAR,LIGHT
BROOKLYN,2026-09-12 18:00:00+00:00,25.4415,0.0,29000.0,0.0,0.0,0.0,18.289274,2026-09-12,18,Saturday,True,True,False,9,FALL,CLEAR,LIGHT
BROOKLYN,2026-09-12 19:00:00+00:00,25.4415,0.0,31100.0,0.0,0.0,0.0,16.418526,2026-09-12,19,Saturday,True,False,False,9,FALL,CLEAR,LIGHT
BROOKLYN,2026-09-12 20:00:00+00:00,24.8415,0.0,26400.0,0.0,0.0,0.0,19.373219,2026-09-12,20,Saturday,True,False,True,9,FALL,CLEAR,LIGHT
BROOKLYN,2026-09-12 21:00:00+00:00,24.1915,0.0,27200.0,0.0,0.0,0.0,17.610588,2026-09-12,21,Saturday,True,False,True,9,FALL,CLEAR,LIGHT
BROOKLYN,2026-09-12 22:00:00+00:00,23.6415,0.0,26900.0,0.0,0.0,0.0,16.641972,2026-09-12,22,Saturday,True,False,True,9,FALL,CLEAR,LIGHT
BROOKLYN,2026-09-12 23:00:00+00:00,22.741499,0.0,28700.0,0.0,0.0,0.0,11.592894,2026-09-12,23,Saturday,True,False,True,9,FALL,CLEAR,LIGHT
BROOKLYN,2026-09-13 00:00:00+00:00,22.3915,0.0,29000.0,0.0,0.0,0.0,9.1641035,2026-09-13,0,Sunday,True,False,True,9,FALL,CLEAR,LIGHT
BROOKLYN,2026-09-13 01:00:00+00:00,21.741499,0.0,26200.0,0.0,0.0,0.0,6.9153743,2026-09-13,1,Sunday,True,False,True,9,FALL,CLEAR,LIGHT
BROOKLYN,2026-09-13 02:00:00+00:00,21.3915,0.0,23800.0,0.0,0.0,0.0,8.161764,2026-09-13,2,Sunday,True,False,True,9,FALL,CLEAR,LIGHT
BROOKLYN,2026-09-13 03:00:00+00:00,20.6915,0.0,19300.0,0.0,0.0,0.0,7.145796,2026-09-13,3,Sunday,True,False,True,9,FALL,CLEAR,LIGHT
BROOKLYN,2026-09-13 04:00:00+00:00,21.491499,0.0,21200.0,0.0,0.0,0.0,5.937272,2026-09-13,4,Sunday,True,False,True,9,FALL,CLEAR,LIGHT
BROOKLYN,2026-09-13 05:00:00+00:00,20.491499,0.0,17000.0,0.0,0.0,0.0,7.754637,2026-09-13,5,Sunday,True,False,True,9,FALL,CLEAR,LIGHT
BROOKLYN,2026-09-13 06:00:00+00:00,20.3415,0.0,16900.0,0.0,0.0,0.0,6.763786,2026-09-13,6,Sunday,True,False,False,9,FALL,CLEAR,LIGHT
BROOKLYN,2026-09-13 07:00:00+00:00,20.1415,0.0,14700.0,0.0,0.0,0.0,6.193674,2026-09-13,7,Sunday,True,True,False,9,FALL,CLEAR,LIGHT
BROOKLYN,2026-09-13 08:00:00+00:00,20.491499,0.0,14400.0,0.0,0.0,0.0,5.154415,2026-09-13,8,Sunday,True,True,False,9,FALL,CLEAR,LIGHT
BROOKLYN,2026-09-13 09:00:00+00:00,21.0415,0.0,8700.0,0.0,0.0,0.0,6.151683,2026-09-13,9,Sunday,True,True,False,9,FALL,CLEAR,LIGHT
BROOKLYN,2026-09-13 10:00:00+00:00,21.5415,0.0,13200.0,0.0,0.0,0.0,2.52,2026-09-13,10,Sunday,True,False,False,9,FALL,CLEAR,LIGHT
BROOKLYN,2026-09-13 11:00:00+00:00,21.6415,0.0,12200.0,0.0,0.0,0.0,9.605998,2026-09-13,11,Sunday,True,False,False,9,FALL,CLEAR,LIGHT
BROOKLYN,2026-09-13 12:00:00+00:00,21.8415,0.0,12200.0,0.0,0.0,0.0,6.638072,2026-09-13,12,Sunday,True,False,False,9,FALL,CLEAR,LIGHT
BROOKLYN,2026-09-13 13:00:00+00:00,21.491499,3.2,6500.0,3.2,0.0,0.0,9.0645685,2026-09-13,13,Sunday,True,False,False,9,FALL,RAIN,LIGHT
BROOKLYN,2026-09-13 14:00:00+00:00,21.3415,0.0,5200.0,0.0,0.0,0.0,2.5455842,2026-09-13,14,Sunday,True,False,False,9,FALL,CLEAR,LIGHT
BROOKLYN,2026-09-13 15:00:00+00:00,21.741499,0.7,12200.0,0.7,0.0,0.0,4.6800003,2026-09-13,15,Sunday,True,False,False,9,FALL,RAIN,LIGHT
BROOKLYN,2026-09-13 16:00:00+00:00,21.991499,0.4,12200.0,0.4,0.0,0.0,5.937272,2026-09-13,16,Sunday,True,True,False,9,FALL,RAIN,LIGHT
BROOKLYN,2026-09-13 17:00:00+00:00,21.5915,1.1,12200.0,1.1,0.0,0.0,7.4128532,2026-09-13,17,Sunday,True,True,False,9,FALL,RAIN,LIGHT
BROOKLYN,2026-09-13 18:00:00+00:00,22.991499,0.0,15200.0,0.0,0.0,0.0,4.8965297,2026-09-13,18,Sunday,True,True,False,9,FALL,CLEAR,LIGHT
BROOKLYN,2026-09-13 19:00:00+00:00,25.0415,0.0,16100.0,0.0,0.0,0.0,4.3349743,2026-09-13,19,Sunday,True,False,False,9,FALL,CLEAR,LIGHT
BROOKLYN,2026-09-13 20:00:00+00:00,25.8415,0.0,19000.0,0.0,0.0,0.0,7.491114,2026-09-13,20,Sunday,True,False,True,9,FALL,CLEAR,LIGHT
BROOKLYN,2026-09-13 21:00:00+00:00,26.241499,0.0,19600.0,0.0,0.0,0.0,3.6179552,2026-09-13,21,Sunday,True,False,True,9,FALL,CLEAR,LIGHT
BROOKLYN,2026-09-13 22:00:00+00:00,25.8915,0.0,18700.0,0.0,0.0,0.0,2.0991426,2026-09-13,22,Sunday,True,False,True,9,FALL,CLEAR,LIGHT
BROOKLYN,2026-09-13 23:00:00+00:00,24.5915,0.0,16500.0,0.0,0.0,0.0,5.95906,2026-09-13,23,Sunday,True,False,True,9,FALL,CLEAR,LIGHT
BROOKLYN,2026-09-14 00:00:00+00:00,23.741499,0.0,16500.0,0.0,0.0,0.0,9.178235,2026-09-14,0,Monday,False,False,True,9,FALL,CLEAR,LIGHT
BROOKLYN,2026-09-14 01:00:00+00:00,22.991499,0.0,13700.0,0.0,0.0,0.0,5.00128,2026-09-14,1,Monday,False,False,True,9,FALL,CLEAR,LIGHT
BROOKLYN,2026-09-14 02:00:00+00:00,22.6415,0.0,12900.0,0.0,0.0,0.0,4.3349743,2026-09-14,2,Monday,False,False,True,9,FALL,CLEAR,LIGHT
BROOKLYN,2026-09-14 03:00:00+00:00,22.5415,0.0,15500.0,0.0,0.0,0.0,6.151683,2026-09-14,3,Monday,False,False,True,9,FALL,CLEAR,LIGHT
BROOKLYN,2026-09-14 04:00:00+00:00,22.241499,0.0,16300.0,0.0,0.0,0.0,5.815978,2026-09-14,4,Monday,False,False,True,9,FALL,CLEAR,LIGHT
BROOKLYN,2026-09-14 05:00:00+00:00,21.741499,0.0,13000.0,0.0,0.0,0.0,4.73506,2026-09-14,5,Monday,False,False,True,9,FALL,CLEAR,LIGHT
BROOKLYN,2026-09-14 06:00:00+00:00,22.3915,0.0,16500.0,0.0,0.0,0.0,14.118243,2026-09-14,6,Monday,False,False,False,9,FALL,CLEAR,LIGHT
BROOKLYN,2026-09-14 07:00:00+00:00,21.991499,0.0,14200.0,0.0,0.0,0.0,8.64,2026-09-14,7,Monday,False,True,False,9,FALL,CLEAR,LIGHT
BROOKLYN,2026-09-14 08:00:00+00:00,21.7915,0.0,18400.0,0.0,0.0,0.0,11.988594,2026-09-14,8,Monday,False,True,False,9,FALL,CLEAR,LIGHT
BROOKLYN,2026-09-14 09:00:00+00:00,20.9415,0.0,20100.0,0.0,0.0,0.0,13.392774,2026-09-14,9,Monday,False,True,False,9,FALL,CLEAR,LIGHT
BROOKLYN,2026-09-14 10:00:00+00:00,20.6915,0.0,20500.0,0.0,0.0,0.0,11.808878,2026-09-14,10,Monday,False,False,False,9,FALL,CLEAR,LIGHT
BROOKLYN,2026-09-14 11:00:00+00:00,20.9415,0.0,22700.0,0.0,0.0,0.0,12.819235,2026-09-14,11,Monday,False,False,False,9,FALL,CLEAR,LIGHT
BROOKLYN,2026-09-14 12:00:00+00:00,19.991499,0.0,28100.0,0.0,0.0,0.0,14.81259,2026-09-14,12,Monday,False,False,False,9,FALL,CLEAR,LIGHT
BROOKLYN,2026-09-14 13:00:00+00:00,19.6915,0.0,32200.0,0.0,0.0,0.0,16.704155,2026-09-14,13,Monday,False,False,False,9,FALL,CLEAR,LIGHT
BROOKLYN,2026-09-14 14:00:00+00:00,21.1915,0.0,33600.0,0.0,0.0,0.0,18.971008,2026-09-14,14,Monday,False,False,False,9,FALL,CLEAR,LIGHT
BROOKLYN,2026-09-14 15:00:00+00:00,22.4415,0.0,38300.0,0.0,0.0,0.0,20.808498,2026-09-14,15,Monday,False,False,False,9,FALL,CLEAR,LIGHT
BROOKLYN,2026-09-14 16:00:00+00:00,23.8915,0.0,48800.0,0.0,0.0,0.0,21.94524,2026-09-14,16,Monday,False,True,False,9,FALL,CLEAR,LIGHT
BROOKLYN,2026-09-14 17:00:00+00:00,25.1915,0.0,44300.0,0.0,0.0,0.0,20.140705,2026-09-14,17,Monday,False,True,False,9,FALL,CLEAR,LIGHT
BROOKLYN,2026-09-14 18:00:00+00:00,24.8915,0.0,49000.0,0.0,0.0,0.0,21.611996,2026-09-14,18,Monday,False,True,False,9,FALL,CLEAR,LIGHT
BROOKLYN,2026-09-14 19:00:00+00:00,25.491499,0.0,58100.0,0.0,0.0,0.0,20.523157,2026-09-14,19,Monday,False,False,False,9,FALL,CLEAR,LIGHT
BROOKLYN,2026-09-14 20:00:00+00:00,25.241499,0.0,63500.0,0.0,0.0,0.0,21.897945,2026-09-14,20,Monday,False,False,True,9,FALL,CLEAR,LIGHT
BROOKLYN,2026-09-14 21:00:00+00:00,24.7915,0.0,64300.0,0.0,0.0,0.0,17.58481,2026-09-14,21,Monday,False,False,True,9,FALL,CLEAR,LIGHT
BROOKLYN,2026-09-14 22:00:00+00:00,24.0915,0.0,66000.0,0.0,0.0,0.0,17.555307,2026-09-14,22,Monday,False,False,True,9,FALL,CLEAR,LIGHT
BROOKLYN,2026-09-14 23:00:00+00:00,22.491499,0.0,65300.0,0.0,0.0,0.0,13.849477,2026-09-14,23,Monday,False,False,True,9,FALL,CLEAR,LIGHT
BROOKLYN,2026-09-15 00:00:00+00:00,20.241499,0.0,51300.0,0.0,0.0,0.0,9.931042,2026-09-15,0,Tuesday,False,False,True,9,FALL,CLEAR,LIGHT
BROOKLYN,2026-09-15 01:00:00+00:00,19.741499,0.0,51200.0,0.0,0.0,0.0,4.8433046,2026-09-15,1,Tuesday,False,False,True,9,FALL,CLEAR,LIGHT
BROOKLYN,2026-09-15 02:00:00+00:00,18.0915,0.0,42700.0,0.0,0.0,0.0,8.534353,2026-09-15,2,Tuesday,False,False,True,9,FALL,CLEAR,LIGHT
BROOKLYN,2026-09-15 03:00:00+00:00,17.0915,0.0,39400.0,0.0,0.0,0.0,6.87779,2026-09-15,3,Tuesday,False,False,True,9,FALL,CLEAR,LIGHT
BROOKLYN,2026-09-15 04:00:00+00:00,15.7915,0.0,34600.0,0.0,0.0,0.0,8.311245,2026-09-15,4,Tuesday,False,False,True,9,FALL,CLEAR,LIGHT
BROOKLYN,2026-09-15 05:00:00+00:00,14.6414995,0.0,26800.0,0.0,0.0,0.0,7.928177,2026-09-15,5,Tuesday,False,False,True,9,FALL,CLEAR,LIGHT
BROOKLYN,2026-09-15 06:00:00+00:00,14.3914995,0.0,26800.0,0.0,0.0,0.0,7.8954163,2026-09-15,6,Tuesday,False,False,False,9,FALL,CLEAR,LIGHT
BROOKLYN,2026-09-15 07:00:00+00:00,13.591499,0.0,28800.0,0.0,0.0,0.0,8.759178,2026-09-15,7,Tuesday,False,True,False,9,FALL,CLEAR,LIGHT
BROOKLYN,2026-09-15 08:00:00+00:00,12.8914995,0.0,23800.0,0.0,0.0,0.0,6.4799995,2026-09-15,8,Tuesday,False,True,False,9,FALL,CLEAR,LIGHT
BROOKLYN,2026-09-15 09:00:00+00:00,12.591499,0.0,22700.0,0.0,0.0,0.0,5.506941,2026-09-15,9,Tuesday,False,True,False,9,FALL,CLEAR,LIGHT
BROOKLYN,2026-09-15 10:00:00+00:00,12.5415,0.0,20900.0,0.0,0.0,0.0,7.2805495,2026-09-15,10,Tuesday,False,False,False,9,FALL,CLEAR,LIGHT
BROOKLYN,2026-09-15 11:00:00+00:00,12.6915,0.0,20300.0,0.0,0.0,0.0,6.162207,2026-09-15,11,Tuesday,False,False,False,9,FALL,CLEAR,LIGHT
BROOKLYN,2026-09-15 12:00:00+00:00,14.841499,0.0,22800.0,0.0,0.0,0.0,8.891343,2026-09-15,12,Tuesday,False,False,False,9,FALL,CLEAR,LIGHT
BROOKLYN,2026-09-15 13:00:00+00:00,17.0415,0.0,26600.0,0.0,0.0,0.0,9.726664,2026-09-15,13,Tuesday,False,False,False,9,FALL,CLEAR,LIGHT
BROOKLYN,2026-09-15 14:00:00+00:00,18.6915,0.0,30700.0,0.0,0.0,0.0,10.086427,2026-09-15,14,Tuesday,False,False,False,9,FALL,CLEAR,LIGHT
BROOKLYN,2026-09-15 15:00:00+00:00,20.1915,0.0,36200.0,0.0,0.0,0.0,6.439876,2026-09-15,15,Tuesday,False,False,False,9,FALL,CLEAR,LIGHT
BROOKLYN,2026-09-15 16:00:00+00:00,21.3415,0.0,38900.0,0.0,0.0,0.0,3.319036,2026-09-15,16,Tuesday,False,True,False,9,FALL,CLEAR,LIGHT
BROOKLYN,2026-09-15 17:00:00+00:00,21.6915,0.0,34700.0,0.0,0.0,0.0,7.8954163,2026-09-15,17,Tuesday,False,True,False,9,FALL,CLEAR,LIGHT
BROOKLYN,2026-09-15 18:00:00+00:00,22.4415,0.0,35600.0,0.0,0.0,0.0,10.495713,2026-09-15,18,Tuesday,False,True,False,9,FALL,CLEAR,LIGHT
BROOKLYN,2026-09-15 19:00:00+00:00,22.491499,0.0,34100.0,0.0,0.0,0.0,10.1887,2026-09-15,19,Tuesday,False,False,False,9,FALL,CLEAR,LIGHT
BROOKLYN,2026-09-15 20:00:00+00:00,22.1915,0.0,32200.0,0.0,0.0,0.0,7.4128532,2026-09-15,20,Tuesday,False,False,True,9,FALL,CLEAR,LIGHT
BROOKLYN,2026-09-15 21:00:00+00:00,21.4415,0.0,31700.0,0.0,0.0,0.0,10.1887,2026-09-15,21,Tuesday,False,False,True,9,FALL,CLEAR,LIGHT
BROOKLYN,2026-09-15 22:00:00+00:00,20.491499,0.0,32000.0,0.0,0.0,0.0,10.296251,2026-09-15,22,Tuesday,False,False,True,9,FALL,CLEAR,LIGHT
BROOKLYN,2026-09-15 23:00:00+00:00,18.9415,0.0,29500.0,0.0,0.0,0.0,8.654987,2026-09-15,23,Tuesday,False,False,True,9,FALL,CLEAR,LIGHT
BROOKLYN,2026-09-16 00:00:00+00:00,18.3415,0.0,29400.0,0.0,0.0,0.0,7.7043357,2026-09-16,0,Wednesday,False,False,True,9,FALL,CLEAR,LIGHT
BROOKLYN,2026-09-16 01:00:00+00:00,17.0415,0.0,23600.0,0.0,0.0,0.0,7.5685663,2026-09-16,1,Wednesday,False,False,True,9,FALL,CLEAR,LIGHT
BROOKLYN,2026-09-16 02:00:00+00:00,17.241499,0.0,23300.0,0.0,0.0,0.0,6.489992,2026-09-16,2,Wednesday,False,False,True,9,FALL,CLEAR,LIGHT
BROOKLYN,2026-09-16 03:00:00+00:00,16.741499,0.0,24700.0,0.0,0.0,0.0,4.198285,2026-09-16,3,Wednesday,False,False,True,9,FALL,CLEAR,LIGHT
BROOKLYN,2026-09-16 04:00:00+00:00,16.3915,0.0,25500.0,0.0,0.0,0.0,4.379589,2026-09-16,4,Wednesday,False,False,True,9,FALL,CLEAR,LIGHT
BROOKLYN,2026-09-16 05:00:00+00:00,16.0915,0.0,25200.0,0.0,0.0,0.0,2.5455842,2026-09-16,5,Wednesday,False,False,True,9,FALL,CLEAR,LIGHT
BROOKLYN,2026-09-16 06:00:00+00:00,15.841499,0.0,22900.0,0.0,0.0,0.0,9.511088,2026-09-16,6,Wednesday,False,False,False,9,FALL,CLEAR,LIGHT
BROOKLYN,2026-09-16 07:00:00+00:00,15.1915,0.0,15100.0,0.0,0.0,0.0,3.6179552,2026-09-16,7,Wednesday,False,True,False,9,FALL,CLEAR,LIGHT
BROOKLYN,2026-09-16 08:00:00+00:00,15.2415,0.0,16400.0,0.0,0.0,0.0,4.5536795,2026-09-16,8,Wednesday,False,True,False,9,FALL,CLEAR,LIGHT
BROOKLYN,2026-09-16 09:00:00+00:00,15.3914995,0.0,18300.0,0.0,0.0,0.0,5.1544156,2026-09-16,9,Wednesday,False,True,False,9,FALL,CLEAR,LIGHT
BROOKLYN,2026-09-16 10:00:00+00:00,15.3914995,0.0,17500.0,0.0,0.0,0.0,7.8625183,2026-09-16,10,Wednesday,False,False,False,9,FALL,CLEAR,LIGHT
BROOKLYN,2026-09-16 11:00:00+00:00,15.4415,0.0,17000.0,0.0,0.0,0.0,4.8965297,2026-09-16,11,Wednesday,False,False,False,9,FALL,CLEAR,LIGHT
BROOKLYN,2026-09-16 12:00:00+00:00,17.6415,0.0,17100.0,0.0,0.0,0.0,1.8,2026-09-16,12,Wednesday,False,False,False,9,FALL,CLEAR,LIGHT
BROOKLYN,2026-09-16 13:00:00+00:00,18.991499,0.0,22400.0,0.0,0.0,0.0,6.28713,2026-09-16,13,Wednesday,False,False,False,9,FALL,CLEAR,LIGHT
BROOKLYN,2026-09-16 14:00:00+00:00,19.491499,0.0,21300.0,0.0,0.0,0.0,7.289444,2026-09-16,14,Wednesday,False,False,False,9,FALL,CLEAR,LIGHT
BROOKLYN,2026-09-16 15:00:00+00:00,21.241499,0.0,23200.0,0.0,0.0,0.0,11.720751,2026-09-16,15,Wednesday,False,False,False,9,FALL,CLEAR,LIGHT
BROOKLYN,2026-09-16 16:00:00+00:00,22.5415,0.0,20800.0,0.0,0.0,0.0,7.729527,2026-09-16,16,Wednesday,False,True,False,9,FALL,CLEAR,LIGHT
BROOKLYN,2026-09-16 17:00:00+00:00,24.2915,0.0,26300.0,0.0,0.0,0.0,12.661564,2026-09-16,17,Wednesday,False,True,False,9,FALL,CLEAR,LIGHT
BROOKLYN,2026-09-16 18:00:00+00:00,25.1915,0.0,28300.0,0.0,0.0,0.0,14.408997,2026-09-16,18,Wednesday,False,True,False,9,FALL,CLEAR,LIGHT
BROOKLYN,2026-09-16 19:00:00+00:00,24.1915,0.0,23300.0,0.0,0.0,0.0,14.578888,2026-09-16,19,Wednesday,False,False,False,9,FALL,CLEAR,LIGHT
BROOKLYN,2026-09-16 20:00:00+00:00,24.5915,0.0,22000.0,0.0,0.0,0.0,17.238699,2026-09-16,20,Wednesday,False,False,True,9,FALL,CLEAR,LIGHT
BROOKLYN,2026-09-16 21:00:00+00:00,24.5415,0.0,22000.0,0.0,0.0,0.0,13.684735,2026-09-16,21,Wednesday,False,False,True,9,FALL,CLEAR,LIGHT
BROOKLYN,2026-09-16 22:00:00+00:00,23.2915,0.0,19600.0,0.0,0.0,0.0,12.979984,2026-09-16,22,Wednesday,False,False,True,9,FALL,CLEAR,LIGHT
BROOKLYN,2026-09-16 23:00:00+00:00,23.0415,0.0,19000.0,0.0,0.0,0.0,10.086427,2026-09-16,23,Wednesday,False,False,True,9,FALL,CLEAR,LIGHT
BROOKLYN,2026-09-17 00:00:00+00:00,22.4415,0.0,17900.0,0.0,0.0,0.0,4.6102495,2026-09-17,0,Thursday,False,False,True,9,FALL,CLEAR,LIGHT
BROOKLYN,2026-09-17 01:00:00+00:00,21.8415,0.0,16600.0,0.0,0.0,0.0,5.3517847,2026-09-17,1,Thursday,False,False,True,9,FALL,CLEAR,LIGHT
BROOKLYN,2026-09-17 02:00:00+00:00,21.4415,0.0,15900.0,0.0,0.0,0.0,1.484318,2026-09-17,2,Thursday,False,False,True,9,FALL,CLEAR,LIGHT
BROOKLYN,2026-09-17 03:00:00+00:00,21.4415,0.0,14500.0,0.0,0.0,0.0,3.563818,2026-09-17,3,Thursday,False,False,True,9,FALL,CLEAR,LIGHT
BROOKLYN,2026-09-17 04:00:00+00:00,21.2915,0.0,14700.0,0.0,0.0,0.0,4.73506,2026-09-17,4,Thursday,False,False,True,9,FALL,CLEAR,LIGHT
BROOKLYN,2026-09-17 05:00:00+00:00,21.1915,0.0,16500.0,0.0,0.0,0.0,5.154415,2026-09-17,5,Thursday,False,False,True,9,FALL,CLEAR,LIGHT
BROOKLYN,2026-09-17 06:00:00+00:00,21.0415,0.0,15800.0,0.0,0.0,0.0,4.3349743,2026-09-17,6,Thursday,False,False,False,9,FALL,CLEAR,LIGHT
BROOKLYN,2026-09-17 07:00:00+00:00,20.9415,0.0,14100.0,0.0,0.0,0.0,4.3349743,2026-09-17,7,Thursday,False,True,False,9,FALL,CLEAR,LIGHT
BROOKLYN,2026-09-17 08:00:00+00:00,20.741499,0.0,16100.0,0.0,0.0,0.0,5.0911684,2026-09-17,8,Thursday,False,True,False,9,FALL,CLEAR,LIGHT
BROOKLYN,2026-09-17 09:00:00+00:00,20.6415,0.0,15500.0,0.0,0.0,0.0,1.5273507,2026-09-17,9,Thursday,False,True,False,9,FALL,CLEAR,LIGHT
BROOKLYN,2026-09-17 10:00:00+00:00,20.241499,0.0,13700.0,0.0,0.0,0.0,3.8773184,2026-09-17,10,Thursday,False,False,False,9,FALL,CLEAR,LIGHT
BROOKLYN,2026-09-17 11:00:00+00:00,20.1915,0.0,15300.0,0.0,0.0,0.0,3.2599385,2026-09-17,11,Thursday,False,False,False,9,FALL,CLEAR,LIGHT
BROOKLYN,2026-09-17 12:00:00+00:00,21.8415,0.0,15600.0,0.0,0.0,0.0,2.52,2026-09-17,12,Thursday,False,False,False,9,FALL,CLEAR,LIGHT
BROOKLYN,2026-09-17 13:00:00+00:00,23.2915,0.0,15100.0,0.0,0.0,0.0,7.42159,2026-09-17,13,Thursday,False,False,False,9,FALL,CLEAR,LIGHT
BROOKLYN,2026-09-17 14:00:00+00:00,23.6915,0.0,15600.0,0.0,0.0,0.0,13.450708,2026-09-17,14,Thursday,False,False,False,9,FALL,CLEAR,LIGHT
BROOKLYN,2026-09-17 15:00:00+00:00,25.4415,0.0,22800.0,0.0,0.0,0.0,10.495713,2026-09-17,15,Thursday,False,False,False,9,FALL,CLEAR,LIGHT
BROOKLYN,2026-09-17 16:00:00+00:00,26.991499,0.0,23100.0,0.0,0.0,0.0,9.3669195,2026-09-17,16,Thursday,False,True,False,9,FALL,CLEAR,LIGHT
BROOKLYN,2026-09-17 17:00:00+00:00,27.7915,0.0,20600.0,0.0,0.0,0.0,13.779114,2026-09-17,17,Thursday,False,True,False,9,FALL,CLEAR,LIGHT
BROOKLYN,2026-09-17 18:00:00+00:00,27.3415,0.0,19900.0,0.0,0.0,0.0,16.981165,2026-09-17,18,Thursday,False,True,False,9,FALL,CLEAR,LIGHT
BROOKLYN,2026-09-17 19:00:00+00:00,25.491499,0.0,19400.0,0.0,0.0,0.0,18.204042,2026-09-17,19,Thursday,False,False,False,9,FALL,CLEAR,LIGHT
BROOKLYN,2026-09-17 20:00:00+00:00,26.5915,0.0,19600.0,0.0,0.0,0.0,16.58346,2026-09-17,20,Thursday,False,False,True,9,FALL,CLEAR,LIGHT
BROOKLYN,2026-09-17 21:00:00+00:00,26.7915,0.0,20800.0,0.0,0.0,0.0,12.413476,2026-09-17,21,Thursday,False,False,True,9,FALL,CLEAR,LIGHT
BROOKLYN,2026-09-17 22:00:00+00:00,25.8415,0.0,20900.0,0.0,0.0,0.0,9.9571085,2026-09-17,22,Thursday,False,False,True,9,FALL,CLEAR,LIGHT
BROOKLYN,2026-09-17 23:00:00+00:00,25.4415,0.0,20900.0,0.0,0.0,0.0,8.654986,2026-09-17,23,Thursday,False,False,True,9,FALL,CLEAR,LIGHT
BROOKLYN,2026-09-18 00:00:00+00:00,25.241499,0.4,19700.0,0.4,0.0,0.0,5.6233797,2026-09-18,0,Friday,False,False,True,9,FALL,RAIN,LIGHT
BROOKLYN,2026-09-18 01:00:00+00:00,24.5415,0.0,17300.0,0.0,0.0,0.0,5.6920996,2026-09-18,1,Friday,False,False,True,9,FALL,CLEAR,LIGHT
BROOKLYN,2026-09-18 02:00:00+00:00,24.3415,0.0,18400.0,0.0,0.0,0.0,5.0142193,2026-09-18,2,Friday,False,False,True,9,FALL,CLEAR,LIGHT
BROOKLYN,2026-09-18 03:00:00+00:00,23.2915,0.0,14100.0,0.0,0.0,0.0,10.636766,2026-09-18,3,Friday,False,False,True,9,FALL,CLEAR,LIGHT
BROOKLYN,2026-09-18 04:00:00+00:00,23.5915,0.0,14900.0,0.0,0.0,0.0,7.928178,2026-09-18,4,Friday,False,False,True,9,FALL,CLEAR,LIGHT
BROOKLYN,2026-09-18 05:00:00+00:00,23.491499,0.0,17900.0,0.0,0.0,0.0,6.9899354,2026-09-18,5,Friday,False,False,True,9,FALL,CLEAR,LIGHT
BROOKLYN,2026-09-18 06:00:00+00:00,22.991499,0.0,16500.0,0.0,0.0,0.0,8.311245,2026-09-18,6,Friday,False,False,False,9,FALL,CLEAR,LIGHT
BROOKLYN,2026-09-18 07:00:00+00:00,22.7915,0.0,15500.0,0.0,0.0,0.0,7.42159,2026-09-18,7,Friday,False,True,False,9,FALL,CLEAR,LIGHT
BROOKLYN,2026-09-18 08:00:00+00:00,22.5915,0.0,14900.0,0.0,0.0,0.0,5.95906,2026-09-18,8,Friday,False,True,False,9,FALL,CLEAR,LIGHT
BROOKLYN,2026-09-18 09:00:00+00:00,22.2915,0.0,14600.0,0.0,0.0,0.0,5.0528407,2026-09-18,9,Friday,False,True,False,9,FALL,CLEAR,LIGHT
BROOKLYN,2026-09-18 10:00:00+00:00,22.3415,0.0,15000.0,0.0,0.0,0.0,6.638072,2026-09-18,10,Friday,False,False,False,9,FALL,CLEAR,LIGHT
BROOKLYN,2026-09-18 11:00:00+00:00,22.3915,0.0,15700.0,0.0,0.0,0.0,9.6932955,2026-09-18,11,Friday,False,False,False,9,FALL,CLEAR,LIGHT
BROOKLYN,2026-09-18 12:00:00+00:00,23.1415,0.0,15400.0,0.0,0.0,0.0,12.429127,2026-09-18,12,Friday,False,False,False,9,FALL,CLEAR,LIGHT
BROOKLYN,2026-09-18 13:00:00+00:00,23.6415,0.0,15600.0,0.0,0.0,0.0,11.27553,2026-09-18,13,Friday,False,False,False,9,FALL,CLEAR,LIGHT
BROOKLYN,2026-09-18 14:00:00+00:00,23.8915,0.0,17900.0,0.0,0.0,0.0,8.427383,2026-09-18,14,Friday,False,False,False,9,FALL,CLEAR,LIGHT
BROOKLYN,2026-09-18 15:00:00+00:00,24.6415,0.0,19700.0,0.0,0.0,0.0,13.708391,2026-09-18,15,Friday,False,False,False,9,FALL,CLEAR,LIGHT
BROOKLYN,2026-09-18 16:00:00+00:00,25.9415,0.0,22900.0,0.0,0.0,0.0,12.43434,2026-09-18,16,Friday,False,True,False,9,FALL,CLEAR,LIGHT
BROOKLYN,2026-09-18 17:00:00+00:00,27.1915,0.0,35200.0,0.0,0.0,0.0,10.483357,2026-09-18,17,Friday,False,True,False,9,FALL,CLEAR,LIGHT
BROOKLYN,2026-09-18 18:00:00+00:00,28.1415,0.0,44100.0,0.0,0.0,0.0,13.32,2026-09-18,18,Friday,False,True,False,9,FALL,CLEAR,LIGHT
BROOKLYN,2026-09-18 19:00:00+00:00,27.991499,0.0,39500.0,0.0,0.0,0.0,12.287555,2026-09-18,19,Friday,False,False,False,9,FALL,CLEAR,LIGHT
BROOKLYN,2026-09-18 20:00:00+00:00,28.241499,0.0,39200.0,0.0,0.0,0.0,13.5515,2026-09-18,20,Friday,False,False,True,9,FALL,CLEAR,LIGHT
BROOKLYN,2026-09-18 21:00:00+00:00,28.2915,0.0,46800.0,0.0,0.0,0.0,14.404499,2026-09-18,21,Friday,False,False,True,9,FALL,CLEAR,LIGHT
BROOKLYN,2026-09-18 22:00:00+00:00,26.7915,0.0,40500.0,0.0,0.0,0.0,11.177405,2026-09-18,22,Friday,False,False,True,9,FALL,CLEAR,LIGHT
BROOKLYN,2026-09-18 23:00:00+00:00,25.1915,0.0,40300.0,0.0,0.0,0.0,12.979984,2026-09-18,23,Friday,False,False,True,9,FALL,CLEAR,LIGHT
BROOKLYN,2026-09-19 00:00:00+00:00,23.741499,0.0,33600.0,0.0,0.0,0.0,9.449572,2026-09-19,0,Saturday,True,False,True,9,FALL,CLEAR,LIGHT
BROOKLYN,2026-09-19 01:00:00+00:00,22.991499,0.0,32800.0,0.0,0.0,0.0,4.68,2026-09-19,1,Saturday,True,False,True,9,FALL,CLEAR,LIGHT
BROOKLYN,2026-09-19 02:00:00+00:00,22.8415,0.0,37000.0,0.0,0.0,0.0,12.605142,2026-09-19,2,Saturday,True,False,True,9,FALL,CLEAR,LIGHT
BROOKLYN,2026-09-19 03:00:00+00:00,22.8415,0.0,44700.0,0.0,0.0,0.0,11.885453,2026-09-19,3,Saturday,True,False,True,9,FALL,CLEAR,LIGHT
BROOKLYN,2026-09-19 04:00:00+00:00,21.0915,0.0,36600.0,0.0,0.0,0.0,9.565437,2026-09-19,4,Saturday,True,False,True,9,FALL,CLEAR,LIGHT
BROOKLYN,2026-09-19 05:00:00+00:00,20.1415,0.0,36200.0,0.0,0.0,0.0,11.252519,2026-09-19,5,Saturday,True,False,True,9,FALL,CLEAR,LIGHT
BROOKLYN,2026-09-19 06:00:00+00:00,19.5415,0.0,36800.0,0.0,0.0,0.0,13.039754,2026-09-19,6,Saturday,True,False,False,9,FALL,CLEAR,LIGHT
BROOKLYN,2026-09-19 07:00:00+00:00,18.8915,0.0,32300.0,0.0,0.0,0.0,12.979984,2026-09-19,7,Saturday,True,True,False,9,FALL,CLEAR,LIGHT
BROOKLYN,2026-09-19 08:00:00+00:00,18.4415,0.0,31200.0,0.0,0.0,0.0,10.464797,2026-09-19,8,Saturday,True,True,False,9,FALL,CLEAR,LIGHT
BROOKLYN,2026-09-19 09:00:00+00:00,18.0915,0.0,30500.0,0.0,0.0,0.0,11.592894,2026-09-19,9,Saturday,True,True,False,9,FALL,CLEAR,LIGHT
BROOKLYN,2026-09-19 10:00:00+00:00,17.491499,0.0,33900.0,0.0,0.0,0.0,13.891522,2026-09-19,10,Saturday,True,False,False,9,FALL,CLEAR,LIGHT
BROOKLYN,2026-09-19 11:00:00+00:00,17.4415,0.0,40000.0,0.0,0.0,0.0,11.013882,2026-09-19,11,Saturday,True,False,False,9,FALL,CLEAR,LIGHT
BROOKLYN,2026-09-19 12:00:00+00:00,17.5915,0.0,35500.0,0.0,0.0,0.0,11.709688,2026-09-19,12,Saturday,True,False,False,9,FALL,CLEAR,LIGHT
BROOKLYN,2026-09-19 13:00:00+00:00,18.491499,0.0,41500.0,0.0,0.0,0.0,14.654254,2026-09-19,13,Saturday,True,False,False,9,FALL,CLEAR,LIGHT
BROOKLYN,2026-09-19 14:00:00+00:00,18.9415,0.0,37000.0,0.0,0.0,0.0,12.7279215,2026-09-19,14,Saturday,True,False,False,9,FALL,CLEAR,LIGHT
BROOKLYN,2026-09-19 15:00:00+00:00,20.1915,0.0,32400.0,0.0,0.0,0.0,14.773164,2026-09-19,15,Saturday,True,False,False,9,FALL,CLEAR,LIGHT
BROOKLYN,2026-09-19 16:00:00+00:00,20.9415,0.0,35000.0,0.0,0.0,0.0,10.239453,2026-09-19,16,Saturday,True,True,False,9,FALL,CLEAR,LIGHT
BROOKLYN,2026-09-19 17:00:00+00:00,21.3915,0.0,36100.0,0.0,0.0,0.0,7.2359104,2026-09-19,17,Saturday,True,True,False,9,FALL,CLEAR,LIGHT
BROOKLYN,2026-09-19 18:00:00+00:00,21.2915,0.0,30800.0,0.0,0.0,0.0,9.6932955,2026-09-19,18,Saturday,True,True,False,9,FALL,CLEAR,LIGHT
BROOKLYN,2026-09-19 19:00:00+00:00,20.991499,0.0,29800.0,0.0,0.0,0.0,14.618837,2026-09-19,19,Saturday,True,False,False,9,FALL,CLEAR,LIGHT
BROOKLYN,2026-09-19 20:00:00+00:00,20.0415,0.0,25200.0,0.0,0.0,0.0,16.055355,2026-09-19,20,Saturday,True,False,True,9,FALL,CLEAR,LIGHT
BROOKLYN,2026-09-19 21:00:00+00:00,19.491499,0.0,24400.0,0.0,0.0,0.0,11.681987,2026-09-19,21,Saturday,True,False,True,9,FALL,CLEAR,LIGHT
BROOKLYN,2026-09-19 22:00:00+00:00,18.741499,0.0,28300.0,0.0,0.0,0.0,10.799999,2026-09-19,22,Saturday,True,False,True,9,FALL,CLEAR,LIGHT
BROOKLYN,2026-09-19 23:00:00+00:00,17.8415,0.0,24800.0,0.0,0.0,0.0,7.24486,2026-09-19,23,Saturday,True,False,True,9,FALL,CLEAR,LIGHT
BROOKLYN,2026-09-20 00:00:00+00:00,17.7915,0.0,24200.0,0.0,0.0,0.0,10.495713,2026-09-20,0,Sunday,True,False,True,9,FALL,CLEAR,LIGHT
BROOKLYN,2026-09-20 01:00:00+00:00,17.8915,0.0,22300.0,0.0,0.0,0.0,11.384199,2026-09-20,1,Sunday,True,False,True,9,FALL,CLEAR,LIGHT
BROOKLYN,2026-09-20 02:00:00+00:00,17.5915,0.0,24300.0,0.0,0.0,0.0,10.446206,2026-09-20,2,Sunday,True,False,True,9,FALL,CLEAR,LIGHT
BROOKLYN,2026-09-20 03:00:00+00:00,17.1415,0.0,22200.0,0.0,0.0,0.0,9.339208,2026-09-20,3,Sunday,True,False,True,9,FALL,CLEAR,LIGHT
BROOKLYN,2026-09-20 04:00:00+00:00,17.3915,0.0,24600.0,0.0,0.0,0.0,9.983106,2026-09-20,4,Sunday,True,False,True,9,FALL,CLEAR,LIGHT
BROOKLYN,2026-09-20 05:00:00+00:00,17.5415,0.0,23100.0,0.0,0.0,0.0,8.534353,2026-09-20,5,Sunday,True,False,True,9,FALL,CLEAR,LIGHT
BROOKLYN,2026-09-20 06:00:00+00:00,17.741499,0.0,23400.0,0.0,0.0,0.0,4.6938252,2026-09-20,6,Sunday,True,False,False,9,FALL,CLEAR,LIGHT
BROOKLYN,2026-09-20 07:00:00+00:00,17.4415,0.0,23100.0,0.0,0.0,0.0,8.557102,2026-09-20,7,Sunday,True,True,False,9,FALL,CLEAR,LIGHT
BROOKLYN,2026-09-20 08:00:00+00:00,17.6915,0.0,22200.0,0.0,0.0,0.0,9.3669195,2026-09-20,8,Sunday,True,True,False,9,FALL,CLEAR,LIGHT
BROOKLYN,2026-09-20 09:00:00+00:00,17.3915,0.0,20100.0,0.0,0.0,0.0,6.87779,2026-09-20,9,Sunday,True,True,False,9,FALL,CLEAR,LIGHT
BROOKLYN,2026-09-20 10:00:00+00:00,17.8415,0.0,21100.0,0.0,0.0,0.0,8.373386,2026-09-20,10,Sunday,True,False,False,9,FALL,CLEAR,LIGHT
BROOKLYN,2026-09-20 11:00:00+00:00,18.1415,0.0,20700.0,0.0,0.0,0.0,10.315115,2026-09-20,11,Sunday,True,False,False,9,FALL,CLEAR,LIGHT
BROOKLYN,2026-09-20 12:00:00+00:00,18.1915,0.4,13900.0,0.4,0.0,0.0,4.3498964,2026-09-20,12,Sunday,True,False,False,9,FALL,RAIN,LIGHT
BROOKLYN,2026-09-20 13:00:00+00:00,17.6915,0.0,13000.0,0.0,0.0,0.0,9.47012,2026-09-20,13,Sunday,True,False,False,9,FALL,CLEAR,LIGHT
BROOKLYN,2026-09-20 14:00:00+00:00,18.2915,0.0,15600.0,0.0,0.0,0.0,11.457958,2026-09-20,14,Sunday,True,False,False,9,FALL,CLEAR,LIGHT
BROOKLYN,2026-09-20 15:00:00+00:00,18.991499,0.0,15800.0,0.0,0.0,0.0,14.689588,2026-09-20,15,Sunday,True,False,False,9,FALL,CLEAR,LIGHT
BROOKLYN,2026-09-20 16:00:00+00:00,19.4415,0.0,17000.0,0.0,0.0,0.0,14.264361,2026-09-20,16,Sunday,True,True,False,9,FALL,CLEAR,LIGHT
BROOKLYN,2026-09-20 17:00:00+00:00,19.491499,0.7,17400.0,0.7,0.0,0.0,11.090103,2026-09-20,17,Sunday,True,True,False,9,FALL,RAIN,LIGHT
BROOKLYN,2026-09-20 18:00:00+00:00,19.7915,0.0,17300.0,0.0,0.0,0.0,9.360001,2026-09-20,18,Sunday,True,True,False,9,FALL,CLEAR,LIGHT
BROOKLYN,2026-09-20 19:00:00+00:00,19.491499,0.0,14700.0,0.0,0.0,0.0,5.2416787,2026-09-20,19,Sunday,True,False,False,9,FALL,CLEAR,LIGHT
BROOKLYN,2026-09-20 20:00:00+00:00,20.1415,0.0,15000.0,0.0,0.0,0.0,8.0899935,2026-09-20,20,Sunday,True,False,True,9,FALL,CLEAR,LIGHT
BROOKLYN,2026-09-20 21:00:00+00:00,20.0415,10.4,13300.0,10.4,0.0,0.0,7.754637,2026-09-20,21,Sunday,True,False,True,9,FALL,RAIN,SEVERE
BROOKLYN,2026-09-20 22:00:00+00:00,20.3915,0.0,13700.0,0.0,0.0,0.0,2.9024127,2026-09-20,22,Sunday,True,False,True,9,FALL,CLEAR,LIGHT
BROOKLYN,2026-09-20 23:00:00+00:00,20.3415,0.0,13100.0,0.0,0.0,0.0,1.9386592,2026-09-20,23,Sunday,True,False,True,9,FALL,CLEAR,LIGHT
BROOKLYN,2026-09-21 00:00:00+00:00,20.6415,0.0,13900.0,0.0,0.0,0.0,2.52,2026-09-21,0,Monday,False,False,True,9,FALL,CLEAR,LIGHT
BROOKLYN,2026-09-21 01:00:00+00:00,20.4415,0.0,14500.0,0.0,0.0,0.0,6.830519,2026-09-21,1,Monday,False,False,True,9,FALL,CLEAR,LIGHT
BROOKLYN,2026-09-21 02:00:00+00:00,20.0415,0.4,12700.0,0.4,0.0,0.0,5.937272,2026-09-21,2,Monday,False,False,True,9,FALL,RAIN,LIGHT
BROOKLYN,2026-09-21 03:00:00+00:00,20.0415,0.7,13100.0,0.7,0.0,0.0,4.379589,2026-09-21,3,Monday,False,False,True,9,FALL,RAIN,LIGHT
BROOKLYN,2026-09-21 04:00:00+00:00,19.8915,1.8,13400.0,1.8,0.0,0.0,6.193674,2026-09-21,4,Monday,False,False,True,9,FALL,RAIN,LIGHT
BROOKLYN,2026-09-21 05:00:00+00:00,19.3415,0.0,14100.0,0.0,0.0,0.0,11.183201,2026-09-21,5,Monday,False,False,True,9,FALL,CLEAR,LIGHT
BROOKLYN,2026-09-21 06:00:00+00:00,18.5915,0.0,13500.0,0.0,0.0,0.0,16.520823,2026-09-21,6,Monday,False,False,False,9,FALL,CLEAR,LIGHT
BROOKLYN,2026-09-21 07:00:00+00:00,17.7915,0.0,14500.0,0.0,0.0,0.0,16.700275,2026-09-21,7,Monday,False,True,False,9,FALL,CLEAR,LIGHT
BROOKLYN,2026-09-21 08:00:00+00:00,17.3415,0.0,15500.0,0.0,0.0,0.0,18.511143,2026-09-21,8,Monday,False,True,False,9,FALL,CLEAR,LIGHT
BROOKLYN,2026-09-21 09:00:00+00:00,16.6915,0.0,14900.0,0.0,0.0,0.0,16.87398,2026-09-21,9,Monday,False,True,False,9,FALL,CLEAR,LIGHT
BROOKLYN,2026-09-21 10:00:00+00:00,16.3415,0.0,15300.0,0.0,0.0,0.0,13.75558,2026-09-21,10,Monday,False,False,False,9,FALL,CLEAR,LIGHT
BROOKLYN,2026-09-21 11:00:00+00:00,16.241499,0.0,15500.0,0.0,0.0,0.0,14.332341,2026-09-21,11,Monday,False,False,False,9,FALL,CLEAR,LIGHT
BROOKLYN,2026-09-21 12:00:00+00:00,16.241499,0.0,15600.0,0.0,0.0,0.0,15.84409,2026-09-21,12,Monday,False,False,False,9,FALL,CLEAR,LIGHT
BROOKLYN,2026-09-21 13:00:00+00:00,16.6415,0.0,17100.0,0.0,0.0,0.0,14.4,2026-09-21,13,Monday,False,False,False,9,FALL,CLEAR,LIGHT
BROOKLYN,2026-09-21 14:00:00+00:00,17.6415,0.0,20300.0,0.0,0.0,0.0,15.542662,2026-09-21,14,Monday,False,False,False,9,FALL,CLEAR,LIGHT
BROOKLYN,2026-09-21 15:00:00+00:00,18.4415,0.0,25100.0,0.0,0.0,0.0,17.22742,2026-09-21,15,Monday,False,False,False,9,FALL,CLEAR,LIGHT
BROOKLYN,2026-09-21 16:00:00+00:00,19.8415,0.0,26100.0,0.0,0.0,0.0,15.141414,2026-09-21,16,Monday,False,True,False,9,FALL,CLEAR,LIGHT
BROOKLYN,2026-09-21 17:00:00+00:00,20.991499,0.0,31400.0,0.0,0.0,0.0,18.847641,2026-09-21,17,Monday,False,True,False,9,FALL,CLEAR,LIGHT
BROOKLYN,2026-09-21 18:00:00+00:00,21.9415,0.0,33700.0,0.0,0.0,0.0,13.896187,2026-09-21,18,Monday,False,True,False,9,FALL,CLEAR,LIGHT
BROOKLYN,2026-09-21 19:00:00+00:00,22.3915,0.0,34800.0,0.0,0.0,0.0,12.599998,2026-09-21,19,Monday,False,False,False,9,FALL,CLEAR,LIGHT
BROOKLYN,2026-09-21 20:00:00+00:00,22.241499,0.0,39100.0,0.0,0.0,0.0,15.349684,2026-09-21,20,Monday,False,False,True,9,FALL,CLEAR,LIGHT
BROOKLYN,2026-09-21 21:00:00+00:00,21.241499,0.0,33500.0,0.0,0.0,0.0,11.808878,2026-09-21,21,Monday,False,False,True,9,FALL,CLEAR,LIGHT
BROOKLYN,2026-09-21 22:00:00+00:00,20.491499,0.0,33400.0,0.0,0.0,0.0,11.457958,2026-09-21,22,Monday,False,False,True,9,FALL,CLEAR,LIGHT
BROOKLYN,2026-09-21 23:00:00+00:00,19.2915,0.0,33100.0,0.0,0.0,0.0,7.289444,2026-09-21,23,Monday,False,False,True,9,FALL,CLEAR,LIGHT
BROOKLYN,2026-09-22 00:00:00+00:00,18.991499,0.0,34900.0,0.0,0.0,0.0,6.9899354,2026-09-22,0,Tuesday,False,False,True,9,FALL,CLEAR,LIGHT
BROOKLYN,2026-09-22 01:00:00+00:00,17.8915,0.0,25700.0,0.0,0.0,0.0,7.145796,2026-09-22,1,Tuesday,False,False,True,9,FALL,CLEAR,LIGHT
BROOKLYN,2026-09-22 02:00:00+00:00,17.5415,0.0,25600.0,0.0,0.0,0.0,7.8954163,2026-09-22,2,Tuesday,False,False,True,9,FALL,CLEAR,LIGHT
BROOKLYN,2026-09-22 03:00:00+00:00,17.3415,0.0,18700.0,0.0,0.0,0.0,6.763786,2026-09-22,3,Tuesday,False,False,True,9,FALL,CLEAR,LIGHT
BROOKLYN,2026-09-22 04:00:00+00:00,17.0915,0.0,22900.0,0.0,0.0,0.0,8.4963045,2026-09-22,4,Tuesday,False,False,True,9,FALL,CLEAR,LIGHT
BROOKLYN,2026-09-22 05:00:00+00:00,15.8914995,0.0,23700.0,0.0,0.0,0.0,12.181624,2026-09-22,5,Tuesday,False,False,True,9,FALL,CLEAR,LIGHT
BROOKLYN,2026-09-22 06:00:00+00:00,15.7415,0.0,21200.0,0.0,0.0,0.0,8.435069,2026-09-22,6,Tuesday,False,False,False,9,FALL,CLEAR,LIGHT
BROOKLYN,2026-09-22 07:00:00+00:00,15.2415,0.0,17100.0,0.0,0.0,0.0,8.350138,2026-09-22,7,Tuesday,False,True,False,9,FALL,CLEAR,LIGHT
BROOKLYN,2026-09-22 08:00:00+00:00,15.0415,0.0,16600.0,0.0,0.0,0.0,10.239453,2026-09-22,8,Tuesday,False,True,False,9,FALL,CLEAR,LIGHT
BROOKLYN,2026-09-22 09:00:00+00:00,14.1915,0.0,17000.0,0.0,0.0,0.0,11.659777,2026-09-22,9,Tuesday,False,True,False,9,FALL,CLEAR,LIGHT
BROOKLYN,2026-09-22 10:00:00+00:00,14.5415,0.0,16900.0,0.0,0.0,0.0,11.966954,2026-09-22,10,Tuesday,False,False,False,9,FALL,CLEAR,LIGHT
BROOKLYN,2026-09-22 11:00:00+00:00,14.7415,0.0,18700.0,0.0,0.0,0.0,12.24,2026-09-22,11,Tuesday,False,False,False,9,FALL,CLEAR,LIGHT
BROOKLYN,2026-09-22 12:00:00+00:00,14.7915,0.0,18200.0,0.0,0.0,0.0,12.72283,2026-09-22,12,Tuesday,False,False,False,9,FALL,CLEAR,LIGHT
BROOKLYN,2026-09-22 13:00:00+00:00,15.341499,0.0,16200.0,0.0,0.0,0.0,11.726277,2026-09-22,13,Tuesday,False,False,False,9,FALL,CLEAR,LIGHT
BROOKLYN,2026-09-22 14:00:00+00:00,15.4415,0.0,22900.0,0.0,0.0,0.0,19.969458,2026-09-22,14,Tuesday,False,False,False,9,FALL,CLEAR,LIGHT
BROOKLYN,2026-09-22 15:00:00+00:00,16.0915,0.0,22600.0,0.0,0.0,0.0,19.881649,2026-09-22,15,Tuesday,False,False,False,9,FALL,CLEAR,LIGHT
BROOKLYN,2026-09-22 16:00:00+00:00,17.6415,0.0,22600.0,0.0,0.0,0.0,16.299694,2026-09-22,16,Tuesday,False,True,False,9,FALL,CLEAR,LIGHT
BROOKLYN,2026-09-22 17:00:00+00:00,18.3415,0.0,26300.0,0.0,0.0,0.0,19.107151,2026-09-22,17,Tuesday,False,True,False,9,FALL,CLEAR,LIGHT
BROOKLYN,2026-09-22 18:00:00+00:00,18.991499,0.0,28600.0,0.0,0.0,0.0,17.884428,2026-09-22,18,Tuesday,False,True,False,9,FALL,CLEAR,LIGHT
BROOKLYN,2026-09-22 19:00:00+00:00,19.6415,0.0,30100.0,0.0,0.0,0.0,20.188908,2026-09-22,19,Tuesday,False,False,False,9,FALL,CLEAR,LIGHT
BROOKLYN,2026-09-22 20:00:00+00:00,19.5415,0.0,29900.0,0.0,0.0,0.0,17.81909,2026-09-22,20,Tuesday,False,False,True,9,FALL,CLEAR,LIGHT
BROOKLYN,2026-09-22 21:00:00+00:00,19.0415,0.0,31400.0,0.0,0.0,0.0,15.484185,2026-09-22,21,Tuesday,False,False,True,9,FALL,CLEAR,LIGHT
BROOKLYN,2026-09-22 22:00:00+00:00,18.8415,0.0,31800.0,0.0,0.0,0.0,16.676977,2026-09-22,22,Tuesday,False,False,True,9,FALL,CLEAR,LIGHT
BROOKLYN,2026-09-22 23:00:00+00:00,17.8915,0.0,33600.0,0.0,0.0,0.0,15.815435,2026-09-22,23,Tuesday,False,False,True,9,FALL,CLEAR,LIGHT
BROOKLYN,2026-09-23 00:00:00+00:00,17.3915,0.0,40000.0,0.0,0.0,0.0,15.484185,2026-09-23,0,Wednesday,False,False,True,9,FALL,CLEAR,LIGHT
BROOKLYN,2026-09-23 01:00:00+00:00,17.5415,0.0,43000.0,0.0,0.0,0.0,12.181624,2026-09-23,1,Wednesday,False,False,True,9,FALL,CLEAR,LIGHT
BROOKLYN,2026-09-23 02:00:00+00:00,16.491499,0.0,33100.0,0.0,0.0,0.0,16.039202,2026-09-23,2,Wednesday,False,False,True,9,FALL,CLEAR,LIGHT
BROOKLYN,2026-09-23 03:00:00+00:00,15.5415,0.0,24200.0,0.0,0.0,0.0,10.233123,2026-09-23,3,Wednesday,False,False,True,9,FALL,CLEAR,LIGHT
BROOKLYN,2026-09-23 04:00:00+00:00,14.7915,0.0,34800.0,0.0,0.0,0.0,17.551615,2026-09-23,4,Wednesday,False,False,True,9,FALL,CLEAR,LIGHT
BROOKLYN,2026-09-23 05:00:00+00:00,13.6915,0.0,30600.0,0.0,0.0,0.0,12.387348,2026-09-23,5,Wednesday,False,False,True,9,FALL,CLEAR,LIGHT
BROOKLYN,2026-09-23 06:00:00+00:00,13.2415,0.0,25000.0,0.0,0.0,0.0,14.707222,2026-09-23,6,Wednesday,False,False,False,9,FALL,CLEAR,LIGHT
BROOKLYN,2026-09-23 07:00:00+00:00,13.3914995,0.0,24100.0,0.0,0.0,0.0,15.629971,2026-09-23,7,Wednesday,False,True,False,9,FALL,CLEAR,LIGHT
BROOKLYN,2026-09-23 08:00:00+00:00,13.591499,0.0,24900.0,0.0,0.0,0.0,15.463246,2026-09-23,8,Wednesday,False,True,False,9,FALL,CLEAR,LIGHT
BROOKLYN,2026-09-23 09:00:00+00:00,12.8914995,0.0,22900.0,0.0,0.0,0.0,16.610792,2026-09-23,9,Wednesday,False,True,False,9,FALL,CLEAR,LIGHT
BROOKLYN,2026-09-23 10:00:00+00:00,13.1414995,0.0,22000.0,0.0,0.0,0.0,17.727943,2026-09-23,10,Wednesday,False,False,False,9,FALL,CLEAR,LIGHT
BROOKLYN,2026-09-23 11:00:00+00:00,12.7915,0.0,21800.0,0.0,0.0,0.0,18.709612,2026-09-23,11,Wednesday,False,False,False,9,FALL,CLEAR,LIGHT
BROOKLYN,2026-09-23 12:00:00+00:00,13.7915,0.0,20800.0,0.0,0.0,0.0,24.023088,2026-09-23,12,Wednesday,False,False,False,9,FALL,CLEAR,LIGHT
BROOKLYN,2026-09-23 13:00:00+00:00,15.5415,0.0,22900.0,0.0,0.0,0.0,21.94524,2026-09-23,13,Wednesday,False,False,False,9,FALL,CLEAR,LIGHT
BROOKLYN,2026-09-23 14:00:00+00:00,16.741499,0.0,26100.0,0.0,0.0,0.0,24.442913,2026-09-23,14,Wednesday,False,False,False,9,FALL,CLEAR,LIGHT
BROOKLYN,2026-09-23 15:00:00+00:00,17.991499,0.0,27600.0,0.0,0.0,0.0,23.686249,2026-09-23,15,Wednesday,False,False,False,9,FALL,CLEAR,LIGHT
BROOKLYN,2026-09-23 16:00:00+00:00,19.3915,0.0,34900.0,0.0,0.0,0.0,23.686249,2026-09-23,16,Wednesday,False,True,False,9,FALL,CLEAR,LIGHT
BROOKLYN,2026-09-23 17:00:00+00:00,19.741499,0.0,35100.0,0.0,0.0,0.0,26.250393,2026-09-23,17,Wednesday,False,True,False,9,FALL,CLEAR,LIGHT
BROOKLYN,2026-09-23 18:00:00+00:00,20.3915,0.0,36200.0,0.0,0.0,0.0,26.758923,2026-09-23,18,Wednesday,False,True,False,9,FALL,CLEAR,LIGHT
BROOKLYN,2026-09-23 19:00:00+00:00,20.8415,0.0,42500.0,0.0,0.0,0.0,23.277834,2026-09-23,19,Wednesday,False,False,False,9,FALL,CLEAR,LIGHT
BROOKLYN,2026-09-23 20:00:00+00:00,20.491499,0.0,37900.0,0.0,0.0,0.0,23.051247,2026-09-23,20,Wednesday,False,False,True,9,FALL,CLEAR,LIGHT
BROOKLYN,2026-09-23 21:00:00+00:00,20.2915,0.0,49700.0,0.0,0.0,0.0,22.148046,2026-09-23,21,Wednesday,False,False,True,9,FALL,CLEAR,LIGHT
BROOKLYN,2026-09-23 22:00:00+00:00,19.0915,0.0,45700.0,0.0,0.0,0.0,20.018072,2026-09-23,22,Wednesday,False,False,True,9,FALL,CLEAR,LIGHT
BROOKLYN,2026-09-23 23:00:00+00:00,17.5915,0.0,43200.0,0.0,0.0,0.0,16.363178,2026-09-23,23,Wednesday,False,False,True,9,FALL,CLEAR,LIGHT
BROOKLYN,2026-09-24 00:00:00+00:00,16.4415,0.0,37500.0,0.0,0.0,0.0,13.979872,2026-09-24,0,Thursday,False,False,True,9,FALL,CLEAR,LIGHT
BROOKLYN,2026-09-24 01:00:00+00:00,15.3914995,0.0,35600.0,0.0,0.0,0.0,17.373497,2026-09-24,1,Thursday,False,False,True,9,FALL,CLEAR,LIGHT
BROOKLYN,2026-09-24 02:00:00+00:00,14.841499,0.0,35400.0,0.0,0.0,0.0,18.089775,2026-09-24,2,Thursday,False,False,True,9,FALL,CLEAR,LIGHT
BROOKLYN,2026-09-24 03:00:00+00:00,14.091499,0.0,38300.0,0.0,0.0,0.0,20.288164,2026-09-24,3,Thursday,False,False,True,9,FALL,CLEAR,LIGHT
BROOKLYN,2026-09-24 04:00:00+00:00,13.091499,0.0,33500.0,0.0,0.0,0.0,16.1198,2026-09-24,4,Thursday,False,False,True,9,FALL,CLEAR,LIGHT
BROOKLYN,2026-09-24 05:00:00+00:00,12.7415,0.0,29600.0,0.0,0.0,0.0,13.089354,2026-09-24,5,Thursday,False,False,True,9,FALL,CLEAR,LIGHT
BROOKLYN,2026-09-24 06:00:00+00:00,12.2915,0.0,23000.0,0.0,0.0,0.0,12.904882,2026-09-24,6,Thursday,False,False,False,9,FALL,CLEAR,LIGHT
BROOKLYN,2026-09-24 07:00:00+00:00,12.8914995,0.0,19700.0,0.0,0.0,0.0,11.304229,2026-09-24,7,Thursday,False,True,False,9,FALL,CLEAR,LIGHT
BROOKLYN,2026-09-24 08:00:00+00:00,12.6915,0.0,20400.0,0.0,0.0,0.0,12.72283,2026-09-24,8,Thursday,False,True,False,9,FALL,CLEAR,LIGHT
BROOKLYN,2026-09-24 09:00:00+00:00,12.7415,0.0,18500.0,0.0,0.0,0.0,11.013882,2026-09-24,9,Thursday,False,True,False,9,FALL,CLEAR,LIGHT
BROOKLYN,2026-09-24 10:00:00+00:00,12.2915,0.0,17800.0,0.0,0.0,0.0,15.042659,2026-09-24,10,Thursday,False,False,False,9,FALL,CLEAR,LIGHT
BROOKLYN,2026-09-24 11:00:00+00:00,12.3914995,0.0,18700.0,0.0,0.0,0.0,15.94601,2026-09-24,11,Thursday,False,False,False,9,FALL,CLEAR,LIGHT
BROOKLYN,2026-09-24 12:00:00+00:00,12.7915,0.0,19200.0,0.0,0.0,0.0,16.516901,2026-09-24,12,Thursday,False,False,False,9,FALL,CLEAR,LIGHT
BROOKLYN,2026-09-24 13:00:00+00:00,13.5415,0.0,19900.0,0.0,0.0,0.0,19.64228,2026-09-24,13,Thursday,False,False,False,9,FALL,CLEAR,LIGHT
BROOKLYN,2026-09-24 14:00:00+00:00,13.6915,0.0,20300.0,0.0,0.0,0.0,23.507753,2026-09-24,14,Thursday,False,False,False,9,FALL,CLEAR,LIGHT
BROOKLYN,2026-09-24 15:00:00+00:00,15.7415,0.0,24700.0,0.0,0.0,0.0,22.415602,2026-09-24,15,Thursday,False,False,False,9,FALL,CLEAR,LIGHT
BROOKLYN,2026-09-24 16:00:00+00:00,16.8915,0.0,26700.0,0.0,0.0,0.0,20.3774,2026-09-24,16,Thursday,False,True,False,9,FALL,CLEAR,LIGHT
BROOKLYN,2026-09-24 17:00:00+00:00,18.0915,0.0,31100.0,0.0,0.0,0.0,22.077717,2026-09-24,17,Thursday,False,True,False,9,FALL,CLEAR,LIGHT
BROOKLYN,2026-09-24 18:00:00+00:00,18.4415,0.0,36100.0,0.0,0.0,0.0,21.096123,2026-09-24,18,Thursday,False,True,False,9,FALL,CLEAR,LIGHT
BROOKLYN,2026-09-24 19:00:00+00:00,18.8415,0.0,34800.0,0.0,0.0,0.0,19.05281,2026-09-24,19,Thursday,False,False,False,9,FALL,CLEAR,LIGHT
BROOKLYN,2026-09-24 20:00:00+00:00,19.1415,0.0,39400.0,0.0,0.0,0.0,19.721298,2026-09-24,20,Thursday,False,False,True,9,FALL,CLEAR,LIGHT
BROOKLYN,2026-09-24 21:00:00+00:00,19.0415,0.0,44200.0,0.0,0.0,0.0,18.947083,2026-09-24,21,Thursday,False,False,True,9,FALL,CLEAR,LIGHT
BROOKLYN,2026-09-24 22:00:00+00:00,18.0415,0.0,40200.0,0.0,0.0,0.0,16.167967,2026-09-24,22,Thursday,False,False,True,9,FALL,CLEAR,LIGHT
BROOKLYN,2026-09-24 23:00:00+00:00,16.8915,0.0,41900.0,0.0,0.0,0.0,13.722565,2026-09-24,23,Thursday,False,False,True,9,FALL,CLEAR,LIGHT
BROOKLYN,2026-09-25 00:00:00+00:00,16.5415,0.0,43800.0,0.0,0.0,0.0,20.478907,2026-09-25,0,Friday,False,False,True,9,FALL,CLEAR,LIGHT
BROOKLYN,2026-09-25 01:00:00+00:00,15.591499,0.0,34800.0,0.0,0.0,0.0,17.193533,2026-09-25,1,Friday,False,False,True,9,FALL,CLEAR,LIGHT
BROOKLYN,2026-09-25 02:00:00+00:00,14.7915,0.0,38900.0,0.0,0.0,0.0,16.179985,2026-09-25,2,Friday,False,False,True,9,FALL,CLEAR,LIGHT
BROOKLYN,2026-09-25 03:00:00+00:00,14.0415,0.0,38900.0,0.0,0.0,0.0,15.463246,2026-09-25,3,Friday,False,False,True,9,FALL,CLEAR,LIGHT
BROOKLYN,2026-09-25 04:00:00+00:00,13.1414995,0.0,39000.0,0.0,0.0,0.0,14.973576,2026-09-25,4,Friday,False,False,True,9,FALL,CLEAR,LIGHT
BROOKLYN,2026-09-25 05:00:00+00:00,12.8914995,0.0,41100.0,0.0,0.0,0.0,19.245697,2026-09-25,5,Friday,False,False,True,9,FALL,CLEAR,LIGHT
BROOKLYN,2026-09-25 06:00:00+00:00,12.9915,0.0,35900.0,0.0,0.0,0.0,24.842607,2026-09-25,6,Friday,False,False,False,9,FALL,CLEAR,LIGHT
BROOKLYN,2026-09-25 07:00:00+00:00,12.2415,0.0,30800.0,0.0,0.0,0.0,17.31746,2026-09-25,7,Friday,False,True,False,9,FALL,CLEAR,LIGHT
BROOKLYN,2026-09-25 08:00:00+00:00,12.3914995,0.0,33600.0,0.0,0.0,0.0,16.700275,2026-09-25,8,Friday,False,True,False,9,FALL,CLEAR,LIGHT
BROOKLYN,2026-09-25 09:00:00+00:00,12.591499,0.0,29600.0,0.0,0.0,0.0,14.869351,2026-09-25,9,Friday,False,True,False,9,FALL,CLEAR,LIGHT
BROOKLYN,2026-09-25 10:00:00+00:00,12.4415,0.0,29700.0,0.0,0.0,0.0,18.089775,2026-09-25,10,Friday,False,False,False,9,FALL,CLEAR,LIGHT
BROOKLYN,2026-09-25 11:00:00+00:00,12.1414995,0.0,25900.0,0.0,0.0,0.0,11.609651,2026-09-25,11,Friday,False,False,False,9,FALL,CLEAR,LIGHT
BROOKLYN,2026-09-25 12:00:00+00:00,13.1414995,0.0,28800.0,0.0,0.0,0.0,21.38897,2026-09-25,12,Friday,False,False,False,9,FALL,CLEAR,LIGHT
BROOKLYN,2026-09-25 13:00:00+00:00,14.7915,0.0,30100.0,0.0,0.0,0.0,19.959719,2026-09-25,13,Friday,False,False,False,9,FALL,CLEAR,LIGHT
BROOKLYN,2026-09-25 14:00:00+00:00,16.1915,0.0,34500.0,0.0,0.0,0.0,25.86494,2026-09-25,14,Friday,False,False,False,9,FALL,CLEAR,LIGHT
BROOKLYN,2026-09-25 15:00:00+00:00,17.5915,0.0,39700.0,0.0,0.0,0.0,27.067116,2026-09-25,15,Friday,False,False,False,9,FALL,CLEAR,LIGHT
BROOKLYN,2026-09-25 16:00:00+00:00,18.8915,0.0,41400.0,0.0,0.0,0.0,27.155552,2026-09-25,16,Friday,False,True,False,9,FALL,CLEAR,LIGHT
BROOKLYN,2026-09-25 17:00:00+00:00,20.1415,0.0,46000.0,0.0,0.0,0.0,27.248457,2026-09-25,17,Friday,False,True,False,9,FALL,CLEAR,LIGHT
BROOKLYN,2026-09-25 18:00:00+00:00,20.7915,0.0,47200.0,0.0,0.0,0.0,26.987997,2026-09-25,18,Friday,False,True,False,9,FALL,CLEAR,LIGHT
BROOKLYN,2026-09-25 19:00:00+00:00,21.491499,0.0,44500.0,0.0,0.0,0.0,24.884306,2026-09-25,19,Friday,False,False,False,9,FALL,CLEAR,LIGHT
BROOKLYN,2026-09-25 20:00:00+00:00,21.0915,0.0,50500.0,0.0,0.0,0.0,24.627787,2026-09-25,20,Friday,False,False,True,9,FALL,CLEAR,LIGHT
BROOKLYN,2026-09-25 21:00:00+00:00,20.991499,0.0,52600.0,0.0,0.0,0.0,25.582806,2026-09-25,21,Friday,False,False,True,9,FALL,CLEAR,LIGHT
BROOKLYN,2026-09-25 22:00:00+00:00,19.991499,0.0,46900.0,0.0,0.0,0.0,25.210283,2026-09-25,22,Friday,False,False,True,9,FALL,CLEAR,LIGHT
BROOKLYN,2026-09-25 23:00:00+00:00,19.8415,0.0,55100.0,0.0,0.0,0.0,22.206486,2026-09-25,23,Friday,False,False,True,9,FALL,CLEAR,LIGHT
BROOKLYN,2026-09-26 00:00:00+00:00,19.491499,0.0,55300.0,0.0,0.0,0.0,24.503809,2026-09-26,0,Saturday,True,False,True,9,FALL,CLEAR,LIGHT
BROOKLYN,2026-09-26 01:00:00+00:00,17.741499,0.0,43500.0,0.0,0.0,0.0,29.620802,2026-09-26,1,Saturday,True,False,True,9,FALL,CLEAR,LIGHT
BROOKLYN,2026-09-26 02:00:00+00:00,17.3415,0.0,45800.0,0.0,0.0,0.0,34.292717,2026-09-26,2,Saturday,True,False,True,9,FALL,CLEAR,LIGHT
BROOKLYN,2026-09-26 03:00:00+00:00,13.6414995,2.5,10800.0,2.5,0.0,0.0,21.129883,2026-09-26,3,Saturday,True,False,True,9,FALL,RAIN,LIGHT
BROOKLYN,2026-09-26 04:00:00+00:00,13.8914995,0.0,27500.0,0.0,0.0,0.0,23.042812,2026-09-26,4,Saturday,True,False,True,9,FALL,CLEAR,LIGHT
BROOKLYN,2026-09-26 05:00:00+00:00,13.9415,0.0,26600.0,0.0,0.0,0.0,23.14103,2026-09-26,5,Saturday,True,False,True,9,FALL,CLEAR,LIGHT
BROOKLYN,2026-09-26 06:00:00+00:00,14.4915,0.0,29800.0,0.0,0.0,0.0,22.3229,2026-09-26,6,Saturday,True,False,False,9,FALL,CLEAR,LIGHT
BROOKLYN,2026-09-26 07:00:00+00:00,13.7915,1.4,21400.0,1.4,0.0,0.0,26.302181,2026-09-26,7,Saturday,True,True,False,9,FALL,RAIN,LIGHT
BROOKLYN,2026-09-26 08:00:00+00:00,13.2415,2.5,16900.0,2.5,0.0,0.0,27.117346,2026-09-26,8,Saturday,True,True,False,9,FALL,RAIN,LIGHT
BROOKLYN,2026-09-26 09:00:00+00:00,13.091499,0.0,18900.0,0.0,0.0,0.0,27.381308,2026-09-26,9,Saturday,True,True,False,9,FALL,CLEAR,LIGHT
BROOKLYN,2026-09-26 10:00:00+00:00,12.9415,0.4,17200.0,0.4,0.0,0.0,31.035257,2026-09-26,10,Saturday,True,False,False,9,FALL,RAIN,LIGHT
BROOKLYN,2026-09-26 11:00:00+00:00,12.591499,17.3,15200.0,17.3,0.0,0.0,29.914679,2026-09-26,11,Saturday,True,False,False,9,FALL,RAIN,SEVERE
BROOKLYN,2026-09-26 12:00:00+00:00,12.7415,1.4,15100.0,1.4,0.0,0.0,31.035257,2026-09-26,12,Saturday,True,False,False,9,FALL,RAIN,LIGHT
BROOKLYN,2026-09-26 13:00:00+00:00,13.3914995,0.0,14700.0,0.0,0.0,0.0,24.967499,2026-09-26,13,Saturday,True,False,False,9,FALL,CLEAR,LIGHT
BROOKLYN,2026-09-26 14:00:00+00:00,13.2915,0.0,17200.0,0.0,0.0,0.0,28.808998,2026-09-26,14,Saturday,True,False,False,9,FALL,CLEAR,LIGHT
BROOKLYN,2026-09-26 15:00:00+00:00,13.091499,0.4,14000.0,0.4,0.0,0.0,26.400545,2026-09-26,15,Saturday,True,False,False,9,FALL,RAIN,LIGHT
BROOKLYN,2026-09-26 16:00:00+00:00,13.841499,0.0,9500.0,0.0,0.0,0.0,20.883104,2026-09-26,16,Saturday,True,True,False,9,FALL,CLEAR,LIGHT
BROOKLYN,2026-09-26 17:00:00+00:00,14.9915,0.0,16200.0,0.0,0.0,0.0,26.64,2026-09-26,17,Saturday,True,True,False,9,FALL,CLEAR,LIGHT
BROOKLYN,2026-09-26 18:00:00+00:00,15.591499,0.0,19900.0,0.0,0.0,0.0,30.413074,2026-09-26,18,Saturday,True,True,False,9,FALL,CLEAR,LIGHT
BROOKLYN,2026-09-26 19:00:00+00:00,15.7415,0.0,18400.0,0.0,0.0,0.0,27.475807,2026-09-26,19,Saturday,True,False,False,9,FALL,CLEAR,LIGHT
BROOKLYN,2026-09-26 20:00:00+00:00,15.341499,0.4,8900.0,0.4,0.0,0.0,27.397867,2026-09-26,20,Saturday,True,False,True,9,FALL,RAIN,LIGHT
BROOKLYN,2026-09-26 21:00:00+00:00,14.5415,3.2,16100.0,3.2,0.0,0.0,27.74103,2026-09-26,21,Saturday,True,False,True,9,FALL,RAIN,LIGHT
BROOKLYN,2026-09-26 22:00:00+00:00,14.2915,0.0,17800.0,0.0,0.0,0.0,27.419146,2026-09-26,22,Saturday,True,False,True,9,FALL,CLEAR,LIGHT
BROOKLYN,2026-09-26 23:00:00+00:00,14.1414995,0.7,16500.0,0.7,0.0,0.0,25.006397,2026-09-26,23,Saturday,True,False,True,9,FALL,RAIN,LIGHT
BROOKLYN,2026-09-27 00:00:00+00:00,13.841499,1.8,10300.0,1.8,0.0,0.0,26.27753,2026-09-27,0,Sunday,True,False,True,9,FALL,RAIN,LIGHT
BROOKLYN,2026-09-27 01:00:00+00:00,13.8914995,3.6,8400.0,3.6,0.0,0.0,24.993439,2026-09-27,1,Sunday,True,False,True,9,FALL,RAIN,LIGHT
BROOKLYN,2026-09-27 02:00:00+00:00,13.6915,0.7,14500.0,0.7,0.0,0.0,23.023119,2026-09-27,2,Sunday,True,False,True,9,FALL,RAIN,LIGHT
BROOKLYN,2026-09-27 03:00:00+00:00,13.841499,1.1,5500.0,1.1,0.0,0.0,25.323128,2026-09-27,3,Sunday,True,False,True,9,FALL,RAIN,LIGHT
BROOKLYN,2026-09-27 04:00:00+00:00,14.0415,2.2,2500.0,2.2,0.0,0.0,28.829233,2026-09-27,4,Sunday,True,False,True,9,FALL,RAIN,LIGHT
BROOKLYN,2026-09-27 05:00:00+00:00,14.2915,2.2,15500.0,2.2,0.0,0.0,29.175552,2026-09-27,5,Sunday,True,False,True,9,FALL,RAIN,LIGHT
BROOKLYN,2026-09-27 06:00:00+00:00,14.3914995,2.2,13100.0,2.2,0.0,0.0,27.288855,2026-09-27,6,Sunday,True,False,False,9,FALL,RAIN,LIGHT
BROOKLYN,2026-09-27 07:00:00+00:00,14.5415,0.4,14900.0,0.4,0.0,0.0,31.355152,2026-09-27,7,Sunday,True,True,False,9,FALL,RAIN,LIGHT
BROOKLYN,2026-09-27 08:00:00+00:00,14.5415,0.7,15000.0,0.7,0.0,0.0,27.402597,2026-09-27,8,Sunday,True,True,False,9,FALL,RAIN,LIGHT
BROOKLYN,2026-09-27 09:00:00+00:00,14.3914995,0.0,13000.0,0.0,0.0,0.0,28.449112,2026-09-27,9,Sunday,True,True,False,9,FALL,CLEAR,LIGHT
BROOKLYN,2026-09-27 10:00:00+00:00,14.3914995,1.8,12700.0,1.8,0.0,0.0,30.602118,2026-09-27,10,Sunday,True,False,False,9,FALL,RAIN,LIGHT
BROOKLYN,2026-09-27 11:00:00+00:00,14.9915,0.0,14700.0,0.0,0.0,0.0,27.419146,2026-09-27,11,Sunday,True,False,False,9,FALL,CLEAR,LIGHT
BROOKLYN,2026-09-27 12:00:00+00:00,15.1915,0.0,12800.0,0.0,0.0,0.0,32.933605,2026-09-27,12,Sunday,True,False,False,9,FALL,CLEAR,LIGHT
BROOKLYN,2026-09-27 13:00:00+00:00,15.5415,0.0,13700.0,0.0,0.0,0.0,36.233246,2026-09-27,13,Sunday,True,False,False,9,FALL,CLEAR,LIGHT
BROOKLYN,2026-09-27 14:00:00+00:00,15.4915,1.4,8900.0,1.4,0.0,0.0,29.574827,2026-09-27,14,Sunday,True,False,False,9,FALL,RAIN,LIGHT
BROOKLYN,2026-09-27 15:00:00+00:00,16.3415,1.1,12500.0,1.1,0.0,0.0,21.897945,2026-09-27,15,Sunday,True,False,False,9,FALL,RAIN,LIGHT
BROOKLYN,2026-09-27 16:00:00+00:00,17.0415,0.0,15700.0,0.0,0.0,0.0,16.548256,2026-09-27,16,Sunday,True,True,False,9,FALL,CLEAR,LIGHT
BROOKLYN,2026-09-27 17:00:00+00:00,17.991499,0.0,13200.0,0.0,0.0,0.0,12.783802,2026-09-27,17,Sunday,True,True,False,9,FALL,CLEAR,LIGHT
BROOKLYN,2026-09-27 18:00:00+00:00,17.2915,0.0,2900.0,0.0,0.0,0.0,21.382906,2026-09-27,18,Sunday,True,True,False,9,FALL,CLEAR,LIGHT
BROOKLYN,2026-09-27 19:00:00+00:00,18.3415,0.0,13400.0,0.0,0.0,0.0,15.7908325,2026-09-27,19,Sunday,True,False,False,9,FALL,CLEAR,LIGHT
BROOKLYN,2026-09-27 20:00:00+00:00,17.3915,3.2,12200.0,3.2,0.0,0.0,14.8257065,2026-09-27,20,Sunday,True,False,True,9,FALL,RAIN,LIGHT
BROOKLYN,2026-09-27 21:00:00+00:00,16.5415,1.8,4900.0,1.8,0.0,0.0,21.261345,2026-09-27,21,Sunday,True,False,True,9,FALL,RAIN,LIGHT
BROOKLYN,2026-09-27 22:00:00+00:00,16.3915,0.0,13200.0,0.0,0.0,0.0,17.283749,2026-09-27,22,Sunday,True,False,True,9,FALL,CLEAR,LIGHT
BROOKLYN,2026-09-27 23:00:00+00:00,16.5915,2.2,13700.0,2.2,0.0,0.0,23.532547,2026-09-27,23,Sunday,True,False,True,9,FALL,RAIN,LIGHT
BROOKLYN,2026-09-28 00:00:00+00:00,16.0915,0.0,12800.0,0.0,0.0,0.0,15.459054,2026-09-28,0,Monday,False,False,True,9,FALL,CLEAR,LIGHT
BROOKLYN,2026-09-28 01:00:00+00:00,15.6915,1.4,12200.0,1.4,0.0,0.0,20.523157,2026-09-28,1,Monday,False,False,True,9,FALL,RAIN,LIGHT
BROOKLYN,2026-09-28 02:00:00+00:00,15.9415,2.5,13700.0,2.5,0.0,0.0,20.082708,2026-09-28,2,Monday,False,False,True,9,FALL,RAIN,LIGHT
BROOKLYN,2026-09-28 03:00:00+00:00,16.0915,2.9,13700.0,2.9,0.0,0.0,22.930048,2026-09-28,3,Monday,False,False,True,9,FALL,RAIN,LIGHT
BROOKLYN,2026-09-28 04:00:00+00:00,15.5415,0.0,12900.0,0.0,0.0,0.0,19.855558,2026-09-28,4,Monday,False,False,True,9,FALL,CLEAR,LIGHT
BROOKLYN,2026-09-28 05:00:00+00:00,15.4415,0.0,13100.0,0.0,0.0,0.0,19.137648,2026-09-28,5,Monday,False,False,True,9,FALL,CLEAR,LIGHT
BROOKLYN,2026-09-28 06:00:00+00:00,15.4415,4.3,12700.0,4.3,0.0,0.0,15.725037,2026-09-28,6,Monday,False,False,False,9,FALL,RAIN,LIGHT
BROOKLYN,2026-09-28 07:00:00+00:00,15.4915,2.5,13400.0,2.5,0.0,0.0,18.892282,2026-09-28,7,Monday,False,True,False,9,FALL,RAIN,LIGHT
BROOKLYN,2026-09-28 08:00:00+00:00,15.4415,0.0,14100.0,0.0,0.0,0.0,18.11841,2026-09-28,8,Monday,False,True,False,9,FALL,CLEAR,LIGHT
BROOKLYN,2026-09-28 09:00:00+00:00,15.091499,1.4,12800.0,1.4,0.0,0.0,17.992796,2026-09-28,9,Monday,False,True,False,9,FALL,RAIN,LIGHT
BROOKLYN,2026-09-28 10:00:00+00:00,15.0415,2.9,13300.0,2.9,0.0,0.0,16.516901,2026-09-28,10,Monday,False,False,False,9,FALL,RAIN,LIGHT
BROOKLYN,2026-09-28 11:00:00+00:00,14.7415,0.7,5700.0,0.7,0.0,0.0,17.811815,2026-09-28,11,Monday,False,False,False,9,FALL,RAIN,LIGHT
BROOKLYN,2026-09-28 12:00:00+00:00,14.591499,0.0,13000.0,0.0,0.0,0.0,18.998314,2026-09-28,12,Monday,False,False,False,9,FALL,CLEAR,LIGHT
BROOKLYN,2026-09-28 13:00:00+00:00,14.4915,0.0,13200.0,0.0,0.0,0.0,16.700275,2026-09-28,13,Monday,False,False,False,9,FALL,CLEAR,LIGHT
BROOKLYN,2026-09-28 14:00:00+00:00,14.5415,0.0,13000.0,0.0,0.0,0.0,14.759999,2026-09-28,14,Monday,False,False,False,9,FALL,CLEAR,LIGHT
BROOKLYN,2026-09-28 15:00:00+00:00,14.841499,0.0,12900.0,0.0,0.0,0.0,17.015474,2026-09-28,15,Monday,False,False,False,9,FALL,CLEAR,LIGHT
BROOKLYN,2026-09-28 16:00:00+00:00,15.2415,0.0,13100.0,0.0,0.0,0.0,14.561099,2026-09-28,16,Monday,False,True,False,9,FALL,CLEAR,LIGHT
BROOKLYN,2026-09-28 17:00:00+00:00,15.0415,0.0,12900.0,0.0,0.0,0.0,14.007655,2026-09-28,17,Monday,False,True,False,9,FALL,CLEAR,LIGHT
BROOKLYN,2026-09-28 18:00:00+00:00,15.591499,0.0,13300.0,0.0,0.0,0.0,11.525623,2026-09-28,18,Monday,False,True,False,9,FALL,CLEAR,LIGHT
BROOKLYN,2026-09-28 19:00:00+00:00,15.4915,0.0,12900.0,0.0,0.0,0.0,15.617529,2026-09-28,19,Monday,False,False,False,9,FALL,CLEAR,LIGHT
BROOKLYN,2026-09-28 20:00:00+00:00,16.0915,0.0,15200.0,0.0,0.0,0.0,9.726665,2026-09-28,20,Monday,False,False,True,9,FALL,CLEAR,LIGHT
BROOKLYN,2026-09-28 21:00:00+00:00,16.5915,0.0,16900.0,0.0,0.0,0.0,9.449572,2026-09-28,21,Monday,False,False,True,9,FALL,CLEAR,LIGHT
BROOKLYN,2026-09-28 22:00:00+00:00,16.491499,0.0,16000.0,0.0,0.0,0.0,8.209263,2026-09-28,22,Monday,False,False,True,9,FALL,CLEAR,LIGHT
BROOKLYN,2026-09-28 23:00:00+00:00,16.1415,0.0,16000.0,0.0,0.0,0.0,8.473393,2026-09-28,23,Monday,False,False,True,9,FALL,CLEAR,LIGHT
BROOKLYN,2026-09-29 00:00:00+00:00,15.4415,0.0,16000.0,0.0,0.0,0.0,4.3349743,2026-09-29,0,Tuesday,False,False,True,9,FALL,CLEAR,LIGHT
BROOKLYN,2026-09-29 01:00:00+00:00,15.341499,0.0,14400.0,0.0,0.0,0.0,6.297428,2026-09-29,1,Tuesday,False,False,True,9,FALL,CLEAR,LIGHT
BROOKLYN,2026-09-29 02:00:00+00:00,15.2415,0.0,14600.0,0.0,0.0,0.0,7.145796,2026-09-29,2,Tuesday,False,False,True,9,FALL,CLEAR,LIGHT
BROOKLYN,2026-09-29 03:00:00+00:00,15.2415,0.0,15000.0,0.0,0.0,0.0,4.8433046,2026-09-29,3,Tuesday,False,False,True,9,FALL,CLEAR,LIGHT
BROOKLYN,2026-09-29 04:00:00+00:00,15.341499,0.0,14900.0,0.0,0.0,0.0,5.3999996,2026-09-29,4,Tuesday,False,False,True,9,FALL,CLEAR,LIGHT
BROOKLYN,2026-09-29 05:00:00+00:00,14.6414995,0.0,14500.0,0.0,0.0,0.0,5.6002855,2026-09-29,5,Tuesday,False,False,True,9,FALL,CLEAR,LIGHT
BROOKLYN,2026-09-29 06:00:00+00:00,14.341499,0.0,13600.0,0.0,0.0,0.0,8.534353,2026-09-29,6,Tuesday,False,False,False,9,FALL,CLEAR,LIGHT
BROOKLYN,2026-09-29 07:00:00+00:00,14.1414995,0.0,12200.0,0.0,0.0,0.0,5.4119864,2026-09-29,7,Tuesday,False,True,False,9,FALL,CLEAR,LIGHT
BROOKLYN,2026-09-29 08:00:00+00:00,14.4915,0.0,14600.0,0.0,0.0,0.0,6.849467,2026-09-29,8,Tuesday,False,True,False,9,FALL,CLEAR,LIGHT
BROOKLYN,2026-09-29 09:00:00+00:00,14.1414995,0.0,13700.0,0.0,0.0,0.0,7.771331,2026-09-29,9,Tuesday,False,True,False,9,FALL,CLEAR,LIGHT
BROOKLYN,2026-09-29 10:00:00+00:00,14.4915,0.0,12700.0,0.0,0.0,0.0,4.5820518,2026-09-29,10,Tuesday,False,False,False,9,FALL,CLEAR,LIGHT
BROOKLYN,2026-09-29 11:00:00+00:00,14.4415,0.0,12800.0,0.0,0.0,0.0,3.9763298,2026-09-29,11,Tuesday,False,False,False,9,FALL,CLEAR,LIGHT
BROOKLYN,2026-09-29 12:00:00+00:00,15.841499,0.0,14700.0,0.0,0.0,0.0,7.968939,2026-09-29,12,Tuesday,False,False,False,9,FALL,CLEAR,LIGHT
BROOKLYN,2026-09-29 13:00:00+00:00,17.3915,0.0,17100.0,0.0,0.0,0.0,6.28713,2026-09-29,13,Tuesday,False,False,False,9,FALL,CLEAR,LIGHT
BROOKLYN,2026-09-29 14:00:00+00:00,18.3415,0.0,17800.0,0.0,0.0,0.0,11.457958,2026-09-29,14,Tuesday,False,False,False,9,FALL,CLEAR,LIGHT
BROOKLYN,2026-09-29 15:00:00+00:00,19.1915,0.0,19500.0,0.0,0.0,0.0,11.681987,2026-09-29,15,Tuesday,False,False,False,9,FALL,CLEAR,LIGHT
BROOKLYN,2026-09-29 16:00:00+00:00,20.0415,0.0,22600.0,0.0,0.0,0.0,5.6233797,2026-09-29,16,Tuesday,False,True,False,9,FALL,CLEAR,LIGHT
BROOKLYN,2026-09-29 17:00:00+00:00,19.5415,0.0,21400.0,0.0,0.0,0.0,2.5455842,2026-09-29,17,Tuesday,False,True,False,9,FALL,CLEAR,LIGHT
BROOKLYN,2026-09-29 18:00:00+00:00,20.1415,0.0,22600.0,0.0,0.0,0.0,5.0911684,2026-09-29,18,Tuesday,False,True,False,9,FALL,CLEAR,LIGHT
BROOKLYN,2026-09-29 19:00:00+00:00,20.7915,0.0,24700.0,0.0,0.0,0.0,8.049845,2026-09-29,19,Tuesday,False,False,False,9,FALL,CLEAR,LIGHT
BROOKLYN,2026-09-29 20:00:00+00:00,20.6415,0.0,28600.0,0.0,0.0,0.0,14.336861,2026-09-29,20,Tuesday,False,False,True,9,FALL,CLEAR,LIGHT
BROOKLYN,2026-09-29 21:00:00+00:00,20.1915,0.0,24500.0,0.0,0.0,0.0,13.004922,2026-09-29,21,Tuesday,False,False,True,9,FALL,CLEAR,LIGHT
BROOKLYN,2026-09-29 22:00:00+00:00,19.1915,0.0,23500.0,0.0,0.0,0.0,10.44,2026-09-29,22,Tuesday,False,False,True,9,FALL,CLEAR,LIGHT
BROOKLYN,2026-09-29 23:00:00+00:00,18.3915,0.0,22200.0,0.0,0.0,0.0,8.14587,2026-09-29,23,Tuesday,False,False,True,9,FALL,CLEAR,LIGHT
BROOKLYN,2026-09-30 00:00:00+00:00,17.6415,0.0,25400.0,0.0,0.0,0.0,7.9932966,2026-09-30,0,Wednesday,False,False,True,9,FALL,CLEAR,LIGHT
BROOKLYN,2026-09-30 01:00:00+00:00,17.241499,0.0,20100.0,0.0,0.0,0.0,11.480557,2026-09-30,1,Wednesday,False,False,True,9,FALL,CLEAR,LIGHT
BROOKLYN,2026-09-30 02:00:00+00:00,17.4415,0.0,20200.0,0.0,0.0,0.0,7.5685663,2026-09-30,2,Wednesday,False,False,True,9,FALL,CLEAR,LIGHT
BROOKLYN,2026-09-30 03:00:00+00:00,17.0915,0.0,22500.0,0.0,0.0,0.0,6.924738,2026-09-30,3,Wednesday,False,False,True,9,FALL,CLEAR,LIGHT
BROOKLYN,2026-09-30 04:00:00+00:00,16.8415,0.0,20700.0,0.0,0.0,0.0,8.435069,2026-09-30,4,Wednesday,False,False,True,9,FALL,CLEAR,LIGHT
BROOKLYN,2026-09-30 05:00:00+00:00,16.741499,0.0,20000.0,0.0,0.0,0.0,5.8048253,2026-09-30,5,Wednesday,False,False,True,9,FALL,CLEAR,LIGHT
BROOKLYN,2026-09-30 06:00:00+00:00,16.741499,0.0,18900.0,0.0,0.0,0.0,4.6102495,2026-09-30,6,Wednesday,False,False,False,9,FALL,CLEAR,LIGHT
BROOKLYN,2026-09-30 07:00:00+00:00,16.6415,0.0,16300.0,0.0,0.0,0.0,5.692099,2026-09-30,7,Wednesday,False,True,False,9,FALL,CLEAR,LIGHT
BROOKLYN,2026-09-30 08:00:00+00:00,16.5415,0.0,15800.0,0.0,0.0,0.0,5.6233797,2026-09-30,8,Wednesday,False,True,False,9,FALL,CLEAR,LIGHT
BROOKLYN,2026-09-30 09:00:00+00:00,16.2915,0.0,15400.0,0.0,0.0,0.0,4.510787,2026-09-30,9,Wednesday,False,True,False,9,FALL,CLEAR,LIGHT
BROOKLYN,2026-09-30 10:00:00+00:00,16.0915,0.0,16500.0,0.0,0.0,0.0,6.924738,2026-09-30,10,Wednesday,False,False,False,9,FALL,CLEAR,LIGHT
BROOKLYN,2026-09-30 11:00:00+00:00,15.1414995,0.0,16700.0,0.0,0.0,0.0,6.151683,2026-09-30,11,Wednesday,False,False,False,9,FALL,CLEAR,LIGHT
BROOKLYN,2026-09-30 12:00:00+00:00,15.8914995,0.0,14700.0,0.0,0.0,0.0,4.2136917,2026-09-30,12,Wednesday,False,False,False,9,FALL,CLEAR,LIGHT
BROOKLYN,2026-09-30 13:00:00+00:00,17.3915,0.0,16800.0,0.0,0.0,0.0,6.989936,2026-09-30,13,Wednesday,False,False,False,9,FALL,CLEAR,LIGHT
BROOKLYN,2026-09-30 14:00:00+00:00,18.3915,0.0,21500.0,0.0,0.0,0.0,6.9153743,2026-09-30,14,Wednesday,False,False,False,9,FALL,CLEAR,LIGHT
BROOKLYN,2026-09-30 15:00:00+00:00,19.741499,0.0,26600.0,0.0,0.0,0.0,9.686609,2026-09-30,15,Wednesday,False,False,False,9,FALL,CLEAR,LIGHT
BROOKLYN,2026-09-30 16:00:00+00:00,20.7915,0.0,27400.0,0.0,0.0,0.0,9.904906,2026-09-30,16,Wednesday,False,True,False,9,FALL,CLEAR,LIGHT
BROOKLYN,2026-09-30 17:00:00+00:00,21.6415,0.0,25700.0,0.0,0.0,0.0,7.729527,2026-09-30,17,Wednesday,False,True,False,9,FALL,CLEAR,LIGHT
BROOKLYN,2026-09-30 18:00:00+00:00,21.5415,0.0,23800.0,0.0,0.0,0.0,7.9526596,2026-09-30,18,Wednesday,False,True,False,9,FALL,CLEAR,LIGHT
BROOKLYN,2026-09-30 19:00:00+00:00,21.9415,0.0,20900.0,0.0,0.0,0.0,6.379216,2026-09-30,19,Wednesday,False,False,False,9,FALL,CLEAR,LIGHT
BROOKLYN,2026-09-30 20:00:00+00:00,21.8915,0.0,23500.0,0.0,0.0,0.0,7.145796,2026-09-30,20,Wednesday,False,False,True,9,FALL,CLEAR,LIGHT
BROOKLYN,2026-09-30 21:00:00+00:00,21.0915,0.0,20800.0,0.0,0.0,0.0,8.287822,2026-09-30,21,Wednesday,False,False,True,9,FALL,CLEAR,LIGHT
BROOKLYN,2026-09-30 22:00:00+00:00,19.6415,0.0,19100.0,0.0,0.0,0.0,9.085988,2026-09-30,22,Wednesday,False,False,True,9,FALL,CLEAR,LIGHT
BROOKLYN,2026-09-30 23:00:00+00:00,18.241499,0.0,16400.0,0.0,0.0,0.0,6.924738,2026-09-30,23,Wednesday,False,False,True,9,FALL,CLEAR,LIGHT
BROOKLYN,2026-10-01 00:00:00+00:00,17.491499,0.0,12800.0,0.0,0.0,0.0,5.8048253,2026-10-01,0,Thursday,False,False,True,10,FALL,CLEAR,LIGHT
BROOKLYN,2026-10-01 01:00:00+00:00,17.4415,0.0,14100.0,0.0,0.0,0.0,4.1046314,2026-10-01,1,Thursday,False,False,True,10,FALL,CLEAR,LIGHT
BROOKLYN,2026-10-01 02:00:00+00:00,17.1415,0.0,12800.0,0.0,0.0,0.0,5.2416787,2026-10-01,2,Thursday,False,False,True,10,FALL,CLEAR,LIGHT
BROOKLYN,2026-10-01 03:00:00+00:00,16.8915,0.0,13100.0,0.0,0.0,0.0,5.3517847,2026-10-01,3,Thursday,False,False,True,10,FALL,CLEAR,LIGHT
BROOKLYN,2026-10-01 04:00:00+00:00,16.5915,0.0,13300.0,0.0,0.0,0.0,2.5455842,2026-10-01,4,Thursday,False,False,True,10,FALL,CLEAR,LIGHT
BROOKLYN,2026-10-01 05:00:00+00:00,16.8415,0.0,14400.0,0.0,0.0,0.0,6.9153743,2026-10-01,5,Thursday,False,False,True,10,FALL,CLEAR,LIGHT
BROOKLYN,2026-10-01 06:00:00+00:00,17.241499,0.0,15600.0,0.0,0.0,0.0,8.287822,2026-10-01,6,Thursday,False,False,False,10,FALL,CLEAR,LIGHT
BROOKLYN,2026-10-01 07:00:00+00:00,17.0915,0.0,12400.0,0.0,0.0,0.0,5.495161,2026-10-01,7,Thursday,False,True,False,10,FALL,CLEAR,LIGHT
BROOKLYN,2026-10-01 08:00:00+00:00,17.0915,0.0,13500.0,0.0,0.0,0.0,5.0911684,2026-10-01,8,Thursday,False,True,False,10,FALL,CLEAR,LIGHT
BROOKLYN,2026-10-01 09:00:00+00:00,17.0415,0.0,13300.0,0.0,0.0,0.0,6.193674,2026-10-01,9,Thursday,False,True,False,10,FALL,CLEAR,LIGHT
BROOKLYN,2026-10-01 10:00:00+00:00,17.3415,0.0,13900.0,0.0,0.0,0.0,4.5820518,2026-10-01,10,Thursday,False,False,False,10,FALL,CLEAR,LIGHT
BROOKLYN,2026-10-01 11:00:00+00:00,17.3915,0.0,15500.0,0.0,0.0,0.0,6.193674,2026-10-01,11,Thursday,False,False,False,10,FALL,CLEAR,LIGHT
BROOKLYN,2026-10-01 12:00:00+00:00,17.9415,0.0,13900.0,0.0,0.0,0.0,4.68,2026-10-01,12,Thursday,False,False,False,10,FALL,CLEAR,LIGHT
BROOKLYN,2026-10-01 13:00:00+00:00,18.9415,0.0,14000.0,0.0,0.0,0.0,7.9932966,2026-10-01,13,Thursday,False,False,False,10,FALL,CLEAR,LIGHT
BROOKLYN,2026-10-01 14:00:00+00:00,20.3415,0.0,15300.0,0.0,0.0,0.0,9.220499,2026-10-01,14,Thursday,False,False,False,10,FALL,CLEAR,LIGHT
BROOKLYN,2026-10-01 15:00:00+00:00,20.8415,0.0,17400.0,0.0,0.0,0.0,7.386582,2026-10-01,15,Thursday,False,False,False,10,FALL,CLEAR,LIGHT
BROOKLYN,2026-10-01 16:00:00+00:00,20.5915,0.0,15500.0,0.0,0.0,0.0,8.473393,2026-10-01,16,Thursday,False,True,False,10,FALL,CLEAR,LIGHT
BROOKLYN,2026-10-01 17:00:00+00:00,23.1415,0.0,19400.0,0.0,0.0,0.0,7.5685663,2026-10-01,17,Thursday,False,True,False,10,FALL,CLEAR,LIGHT
BROOKLYN,2026-10-01 18:00:00+00:00,24.0415,0.0,20700.0,0.0,0.0,0.0,7.92,2026-10-01,18,Thursday,False,True,False,10,FALL,CLEAR,LIGHT
BROOKLYN,2026-10-01 19:00:00+00:00,23.8915,0.0,22700.0,0.0,0.0,0.0,9.227524,2026-10-01,19,Thursday,False,False,False,10,FALL,CLEAR,LIGHT
BROOKLYN,2026-10-01 20:00:00+00:00,23.3415,0.0,17400.0,0.0,0.0,0.0,8.427383,2026-10-01,20,Thursday,False,False,True,10,FALL,CLEAR,LIGHT
BROOKLYN,2026-10-01 21:00:00+00:00,22.991499,0.0,15400.0,0.0,0.0,0.0,7.289444,2026-10-01,21,Thursday,False,False,True,10,FALL,CLEAR,LIGHT
BROOKLYN,2026-10-01 22:00:00+00:00,22.0415,0.0,15300.0,0.0,0.0,0.0,7.10031,2026-10-01,22,Thursday,False,False,True,10,FALL,CLEAR,LIGHT
BROOKLYN,2026-10-01 23:00:00+00:00,21.0415,0.0,15400.0,0.0,0.0,0.0,1.8,2026-10-01,23,Thursday,False,False,True,10,FALL,CLEAR,LIGHT
BROOKLYN,2026-10-02 00:00:00+00:00,20.5915,0.0,16500.0,0.0,0.0,0.0,1.484318,2026-10-02,0,Friday,False,False,True,10,FALL,CLEAR,LIGHT
BROOKLYN,2026-10-02 01:00:00+00:00,19.9415,0.0,12400.0,0.0,0.0,0.0,3.7064266,2026-10-02,1,Friday,False,False,True,10,FALL,CLEAR,LIGHT
BROOKLYN,2026-10-02 02:00:00+00:00,20.241499,0.0,13900.0,0.0,0.0,0.0,6.830519,2026-10-02,2,Friday,False,False,True,10,FALL,CLEAR,LIGHT
BROOKLYN,2026-10-02 03:00:00+00:00,19.6415,0.0,14100.0,0.0,0.0,0.0,5.4833565,2026-10-02,3,Friday,False,False,True,10,FALL,CLEAR,LIGHT
BROOKLYN,2026-10-02 04:00:00+00:00,19.9415,0.0,17300.0,0.0,0.0,0.0,6.638072,2026-10-02,4,Friday,False,False,True,10,FALL,CLEAR,LIGHT
BROOKLYN,2026-10-02 05:00:00+00:00,19.6915,0.0,15000.0,0.0,0.0,0.0,6.638072,2026-10-02,5,Friday,False,False,True,10,FALL,CLEAR,LIGHT
BROOKLYN,2026-10-02 06:00:00+00:00,19.2915,0.0,15000.0,0.0,0.0,0.0,7.729527,2026-10-02,6,Friday,False,False,False,10,FALL,CLEAR,LIGHT
BROOKLYN,2026-10-02 07:00:00+00:00,18.8415,0.0,16100.0,0.0,0.0,0.0,6.989936,2026-10-02,7,Friday,False,True,False,10,FALL,CLEAR,LIGHT
BROOKLYN,2026-10-02 08:00:00+00:00,18.3915,0.0,15200.0,0.0,0.0,0.0,3.8773184,2026-10-02,8,Friday,False,True,False,10,FALL,CLEAR,LIGHT
BROOKLYN,2026-10-02 09:00:00+00:00,18.0915,0.0,14000.0,0.0,0.0,0.0,5.991594,2026-10-02,9,Friday,False,True,False,10,FALL,CLEAR,LIGHT
BROOKLYN,2026-10-02 10:00:00+00:00,17.991499,0.0,14200.0,0.0,0.0,0.0,5.1165614,2026-10-02,10,Friday,False,False,False,10,FALL,CLEAR,LIGHT
BROOKLYN,2026-10-02 11:00:00+00:00,17.5915,0.0,13700.0,0.0,0.0,0.0,5.634891,2026-10-02,11,Friday,False,False,False,10,FALL,CLEAR,LIGHT
BROOKLYN,2026-10-02 12:00:00+00:00,18.5915,0.0,14000.0,0.0,0.0,0.0,8.209263,2026-10-02,12,Friday,False,False,False,10,FALL,CLEAR,LIGHT
BROOKLYN,2026-10-02 13:00:00+00:00,20.741499,0.0,16200.0,0.0,0.0,0.0,9.931042,2026-10-02,13,Friday,False,False,False,10,FALL,CLEAR,LIGHT
BROOKLYN,2026-10-02 14:00:00+00:00,22.3915,0.0,17300.0,0.0,0.0,0.0,11.609651,2026-10-02,14,Friday,False,False,False,10,FALL,CLEAR,LIGHT
BROOKLYN,2026-10-02 15:00:00+00:00,24.491499,0.0,23600.0,0.0,0.0,0.0,13.684735,2026-10-02,15,Friday,False,False,False,10,FALL,CLEAR,LIGHT
BROOKLYN,2026-10-02 16:00:00+00:00,25.3415,0.0,24500.0,0.0,0.0,0.0,16.75064,2026-10-02,16,Friday,False,True,False,10,FALL,CLEAR,LIGHT
BROOKLYN,2026-10-02 17:00:00+00:00,27.4415,0.0,28600.0,0.0,0.0,0.0,19.161337,2026-10-02,17,Friday,False,True,False,10,FALL,CLEAR,LIGHT
BROOKLYN,2026-10-02 18:00:00+00:00,28.741499,0.0,31300.0,0.0,0.0,0.0,18.79255,2026-10-02,18,Friday,False,True,False,10,FALL,CLEAR,LIGHT
BROOKLYN,2026-10-02 19:00:00+00:00,29.0915,0.0,33000.0,0.0,0.0,0.0,19.586119,2026-10-02,19,Friday,False,False,False,10,FALL,CLEAR,LIGHT
BROOKLYN,2026-10-02 20:00:00+00:00,28.9415,0.0,31500.0,0.0,0.0,0.0,18.171976,2026-10-02,20,Friday,False,False,True,10,FALL,CLEAR,LIGHT
BROOKLYN,2026-10-02 21:00:00+00:00,28.4415,0.0,30000.0,0.0,0.0,0.0,15.30741,2026-10-02,21,Friday,False,False,True,10,FALL,CLEAR,LIGHT
BROOKLYN,2026-10-02 22:00:00+00:00,27.2915,0.0,29900.0,0.0,0.0,0.0,11.4862,2026-10-02,22,Friday,False,False,True,10,FALL,CLEAR,LIGHT
BROOKLYN,2026-10-02 23:00:00+00:00,24.3915,0.0,20300.0,0.0,0.0,0.0,10.966713,2026-10-02,23,Friday,False,False,True,10,FALL,CLEAR,LIGHT
BROOKLYN,2026-10-03 00:00:00+00:00,23.7915,0.0,25100.0,0.0,0.0,0.0,9.220499,2026-10-03,0,Saturday,True,False,True,10,FALL,CLEAR,LIGHT
BROOKLYN,2026-10-03 01:00:00+00:00,23.5415,0.0,27700.0,0.0,0.0,0.0,15.696165,2026-10-03,1,Saturday,True,False,True,10,FALL,CLEAR,LIGHT
BROOKLYN,2026-10-03 02:00:00+00:00,22.3415,0.0,25400.0,0.0,0.0,0.0,10.495713,2026-10-03,2,Saturday,True,False,True,10,FALL,CLEAR,LIGHT
BROOKLYN,2026-10-03 03:00:00+00:00,21.8415,0.0,27300.0,0.0,0.0,0.0,15.7908325,2026-10-03,3,Saturday,True,False,True,10,FALL,CLEAR,LIGHT
BROOKLYN,2026-10-03 04:00:00+00:00,20.8415,0.0,28900.0,0.0,0.0,0.0,14.386494,2026-10-03,4,Saturday,True,False,True,10,FALL,CLEAR,LIGHT
BROOKLYN,2026-10-03 05:00:00+00:00,20.491499,0.0,28800.0,0.0,0.0,0.0,9.290511,2026-10-03,5,Saturday,True,False,True,10,FALL,CLEAR,LIGHT
BROOKLYN,2026-10-03 06:00:00+00:00,19.7915,0.0,31800.0,0.0,0.0,0.0,16.766108,2026-10-03,6,Saturday,True,False,False,10,FALL,CLEAR,LIGHT
BROOKLYN,2026-10-03 07:00:00+00:00,17.8915,0.0,29800.0,0.0,0.0,0.0,12.181625,2026-10-03,7,Saturday,True,True,False,10,FALL,CLEAR,LIGHT
BROOKLYN,2026-10-03 08:00:00+00:00,17.1915,0.0,28200.0,0.0,0.0,0.0,10.495713,2026-10-03,8,Saturday,True,True,False,10,FALL,CLEAR,LIGHT
BROOKLYN,2026-10-03 09:00:00+00:00,16.241499,0.0,25900.0,0.0,0.0,0.0,12.57426,2026-10-03,9,Saturday,True,True,False,10,FALL,CLEAR,LIGHT
BROOKLYN,2026-10-03 10:00:00+00:00,15.3914995,0.0,23300.0,0.0,0.0,0.0,8.766573,2026-10-03,10,Saturday,True,False,False,10,FALL,CLEAR,LIGHT
BROOKLYN,2026-10-03 11:00:00+00:00,14.8914995,0.0,22800.0,0.0,0.0,0.0,8.905908,2026-10-03,11,Saturday,True,False,False,10,FALL,CLEAR,LIGHT
BROOKLYN,2026-10-03 12:00:00+00:00,15.991499,0.0,22100.0,0.0,0.0,0.0,13.339445,2026-10-03,12,Saturday,True,False,False,10,FALL,CLEAR,LIGHT
BROOKLYN,2026-10-03 13:00:00+00:00,17.0415,0.0,23600.0,0.0,0.0,0.0,15.856356,2026-10-03,13,Saturday,True,False,False,10,FALL,CLEAR,LIGHT
BROOKLYN,2026-10-03 14:00:00+00:00,18.4415,0.0,31700.0,0.0,0.0,0.0,18.1041,2026-10-03,14,Saturday,True,False,False,10,FALL,CLEAR,LIGHT
BROOKLYN,2026-10-03 15:00:00+00:00,20.3415,0.0,37000.0,0.0,0.0,0.0,17.58481,2026-10-03,15,Saturday,True,False,False,10,FALL,CLEAR,LIGHT
BROOKLYN,2026-10-03 16:00:00+00:00,21.6415,0.0,38300.0,0.0,0.0,0.0,18.161278,2026-10-03,16,Saturday,True,True,False,10,FALL,CLEAR,LIGHT
BROOKLYN,2026-10-03 17:00:00+00:00,22.0415,0.0,37600.0,0.0,0.0,0.0,16.375053,2026-10-03,17,Saturday,True,True,False,10,FALL,CLEAR,LIGHT
BROOKLYN,2026-10-03 18:00:00+00:00,22.5415,0.0,43400.0,0.0,0.0,0.0,14.021525,2026-10-03,18,Saturday,True,True,False,10,FALL,CLEAR,LIGHT
BROOKLYN,2026-10-03 19:00:00+00:00,22.5415,0.0,37700.0,0.0,0.0,0.0,8.699793,2026-10-03,19,Saturday,True,False,False,10,FALL,CLEAR,LIGHT
BROOKLYN,2026-10-03 20:00:00+00:00,22.0415,0.0,33300.0,0.0,0.0,0.0,11.435313,2026-10-03,20,Saturday,True,False,True,10,FALL,CLEAR,LIGHT
BROOKLYN,2026-10-03 21:00:00+00:00,21.241499,0.0,30800.0,0.0,0.0,0.0,14.480773,2026-10-03,21,Saturday,True,False,True,10,FALL,CLEAR,LIGHT
BROOKLYN,2026-10-03 22:00:00+00:00,19.7915,0.0,35500.0,0.0,0.0,0.0,13.513193,2026-10-03,22,Saturday,True,False,True,10,FALL,CLEAR,LIGHT
BROOKLYN,2026-10-03 23:00:00+00:00,17.6915,0.0,23100.0,0.0,0.0,0.0,4.6102495,2026-10-03,23,Saturday,True,False,True,10,FALL,CLEAR,LIGHT
BROOKLYN,2026-10-04 00:00:00+00:00,16.7915,0.0,24800.0,0.0,0.0,0.0,8.311245,2026-10-04,0,Sunday,True,False,True,10,FALL,CLEAR,LIGHT
BROOKLYN,2026-10-04 01:00:00+00:00,15.991499,0.0,22100.0,0.0,0.0,0.0,5.6920996,2026-10-04,1,Sunday,True,False,True,10,FALL,CLEAR,LIGHT
BROOKLYN,2026-10-04 02:00:00+00:00,15.4915,0.0,17700.0,0.0,0.0,0.0,9.255571,2026-10-04,2,Sunday,True,False,True,10,FALL,CLEAR,LIGHT
BROOKLYN,2026-10-04 03:00:00+00:00,14.7415,0.0,16400.0,0.0,0.0,0.0,3.4152596,2026-10-04,3,Sunday,True,False,True,10,FALL,CLEAR,LIGHT
BROOKLYN,2026-10-04 04:00:00+00:00,13.9415,0.0,13900.0,0.0,0.0,0.0,5.0142193,2026-10-04,4,Sunday,True,False,True,10,FALL,CLEAR,LIGHT
BROOKLYN,2026-10-04 05:00:00+00:00,14.0415,0.0,14400.0,0.0,0.0,0.0,4.6800003,2026-10-04,5,Sunday,True,False,True,10,FALL,CLEAR,LIGHT
BROOKLYN,2026-10-04 06:00:00+00:00,13.6915,0.0,13800.0,0.0,0.0,0.0,6.763786,2026-10-04,6,Sunday,True,False,False,10,FALL,CLEAR,LIGHT
BROOKLYN,2026-10-04 07:00:00+00:00,13.4415,0.0,14200.0,0.0,0.0,0.0,6.989936,2026-10-04,7,Sunday,True,True,False,10,FALL,CLEAR,LIGHT
BROOKLYN,2026-10-04 08:00:00+00:00,13.3914995,0.0,14100.0,0.0,0.0,0.0,6.6185193,2026-10-04,8,Sunday,True,True,False,10,FALL,CLEAR,LIGHT
BROOKLYN,2026-10-04 09:00:00+00:00,13.091499,0.0,14900.0,0.0,0.0,0.0,9.585739,2026-10-04,9,Sunday,True,True,False,10,FALL,CLEAR,LIGHT
BROOKLYN,2026-10-04 10:00:00+00:00,13.2915,0.0,16400.0,0.0,0.0,0.0,10.97262,2026-10-04,10,Sunday,True,False,False,10,FALL,CLEAR,LIGHT
BROOKLYN,2026-10-04 11:00:00+00:00,13.1915,0.0,14700.0,0.0,0.0,0.0,12.229406,2026-10-04,11,Sunday,True,False,False,10,FALL,CLEAR,LIGHT
BROOKLYN,2026-10-04 12:00:00+00:00,14.6414995,0.0,19100.0,0.0,0.0,0.0,13.004922,2026-10-04,12,Sunday,True,False,False,10,FALL,CLEAR,LIGHT
BROOKLYN,2026-10-04 13:00:00+00:00,15.4915,0.0,21800.0,0.0,0.0,0.0,14.565548,2026-10-04,13,Sunday,True,False,False,10,FALL,CLEAR,LIGHT
BROOKLYN,2026-10-04 14:00:00+00:00,15.8914995,0.0,22500.0,0.0,0.0,0.0,17.727943,2026-10-04,14,Sunday,True,False,False,10,FALL,CLEAR,LIGHT
BROOKLYN,2026-10-04 15:00:00+00:00,16.3915,0.0,21200.0,0.0,0.0,0.0,10.630672,2026-10-04,15,Sunday,True,False,False,10,FALL,CLEAR,LIGHT
BROOKLYN,2026-10-04 16:00:00+00:00,15.1915,0.0,20000.0,0.0,0.0,0.0,10.24578,2026-10-04,16,Sunday,True,True,False,10,FALL,CLEAR,LIGHT
BROOKLYN,2026-10-04 17:00:00+00:00,15.7915,0.0,17900.0,0.0,0.0,0.0,4.3349743,2026-10-04,17,Sunday,True,True,False,10,FALL,CLEAR,LIGHT
BROOKLYN,2026-10-04 18:00:00+00:00,15.2415,0.7,15400.0,0.7,0.0,0.0,8.669949,2026-10-04,18,Sunday,True,True,False,10,FALL,RAIN,LIGHT
BROOKLYN,2026-10-04 19:00:00+00:00,14.4415,0.0,14800.0,0.0,0.0,0.0,5.5887027,2026-10-04,19,Sunday,True,False,False,10,FALL,CLEAR,LIGHT
BROOKLYN,2026-10-04 20:00:00+00:00,13.7415,0.0,15000.0,0.0,0.0,0.0,15.379206,2026-10-04,20,Sunday,True,False,True,10,FALL,CLEAR,LIGHT
BROOKLYN,2026-10-04 21:00:00+00:00,13.3914995,0.0,13300.0,0.0,0.0,0.0,11.988594,2026-10-04,21,Sunday,True,False,True,10,FALL,CLEAR,LIGHT
BROOKLYN,2026-10-04 22:00:00+00:00,13.341499,0.7,12800.0,0.7,0.0,0.0,11.770403,2026-10-04,22,Sunday,True,False,True,10,FALL,RAIN,LIGHT
BROOKLYN,2026-10-04 23:00:00+00:00,13.3914995,0.0,13300.0,0.0,0.0,0.0,12.758432,2026-10-04,23,Sunday,True,False,True,10,FALL,CLEAR,LIGHT
BROOKLYN,2026-10-05 00:00:00+00:00,13.4415,0.0,12500.0,0.0,0.0,0.0,10.00256,2026-10-05,0,Monday,False,False,True,10,FALL,CLEAR,LIGHT
BROOKLYN,2026-10-05 01:00:00+00:00,13.4915,0.0,13400.0,0.0,0.0,0.0,7.289445,2026-10-05,1,Monday,False,False,True,10,FALL,CLEAR,LIGHT
BROOKLYN,2026-10-05 02:00:00+00:00,13.6414995,0.0,12800.0,0.0,0.0,0.0,6.9899354,2026-10-05,2,Monday,False,False,True,10,FALL,CLEAR,LIGHT
BROOKLYN,2026-10-05 03:00:00+00:00,13.6915,0.0,13100.0,0.0,0.0,0.0,5.0911684,2026-10-05,3,Monday,False,False,True,10,FALL,CLEAR,LIGHT
BROOKLYN,2026-10-05 04:00:00+00:00,13.1414995,0.0,12200.0,0.0,0.0,0.0,7.5942082,2026-10-05,4,Monday,False,False,True,10,FALL,CLEAR,LIGHT
BROOKLYN,2026-10-05 05:00:00+00:00,13.2415,0.0,12200.0,0.0,0.0,0.0,7.9036193,2026-10-05,5,Monday,False,False,True,10,FALL,CLEAR,LIGHT
BROOKLYN,2026-10-05 06:00:00+00:00,13.1414995,0.0,12800.0,0.0,0.0,0.0,3.7064266,2026-10-05,6,Monday,False,False,False,10,FALL,CLEAR,LIGHT
BROOKLYN,2026-10-05 07:00:00+00:00,12.6915,0.0,12800.0,0.0,0.0,0.0,5.0911684,2026-10-05,7,Monday,False,True,False,10,FALL,CLEAR,LIGHT
BROOKLYN,2026-10-05 08:00:00+00:00,12.841499,0.0,13000.0,0.0,0.0,0.0,5.8048253,2026-10-05,8,Monday,False,True,False,10,FALL,CLEAR,LIGHT
BROOKLYN,2026-10-05 09:00:00+00:00,13.0415,0.0,12900.0,0.0,0.0,0.0,3.8773184,2026-10-05,9,Monday,False,True,False,10,FALL,CLEAR,LIGHT
BROOKLYN,2026-10-05 10:00:00+00:00,12.9415,0.0,12900.0,0.0,0.0,0.0,4.5536795,2026-10-05,10,Monday,False,False,False,10,FALL,CLEAR,LIGHT
BROOKLYN,2026-10-05 11:00:00+00:00,12.8914995,0.0,13300.0,0.0,0.0,0.0,5.692099,2026-10-05,11,Monday,False,False,False,10,FALL,CLEAR,LIGHT
BROOKLYN,2026-10-05 12:00:00+00:00,13.4915,0.0,12900.0,0.0,0.0,0.0,9.085988,2026-10-05,12,Monday,False,False,False,10,FALL,CLEAR,LIGHT
BROOKLYN,2026-10-05 13:00:00+00:00,14.4915,0.0,13700.0,0.0,0.0,0.0,11.384199,2026-10-05,13,Monday,False,False,False,10,FALL,CLEAR,LIGHT
BROOKLYN,2026-10-05 14:00:00+00:00,16.2915,0.0,15600.0,0.0,0.0,0.0,14.973576,2026-10-05,14,Monday,False,False,False,10,FALL,CLEAR,LIGHT
BROOKLYN,2026-10-05 15:00:00+00:00,17.741499,0.0,17000.0,0.0,0.0,0.0,14.118243,2026-10-05,15,Monday,False,False,False,10,FALL,CLEAR,LIGHT
BROOKLYN,2026-10-05 16:00:00+00:00,19.0415,0.0,25400.0,0.0,0.0,0.0,19.48661,2026-10-05,16,Monday,False,True,False,10,FALL,CLEAR,LIGHT
BROOKLYN,2026-10-05 17:00:00+00:00,20.1415,0.0,33300.0,0.0,0.0,0.0,20.275383,2026-10-05,17,Monday,False,True,False,10,FALL,CLEAR,LIGHT
BROOKLYN,2026-10-05 18:00:00+00:00,21.3415,0.0,52600.0,0.0,0.0,0.0,25.862436,2026-10-05,18,Monday,False,True,False,10,FALL,CLEAR,LIGHT
BROOKLYN,2026-10-05 19:00:00+00:00,20.8915,0.0,50100.0,0.0,0.0,0.0,24.315327,2026-10-05,19,Monday,False,False,False,10,FALL,CLEAR,LIGHT
BROOKLYN,2026-10-05 20:00:00+00:00,21.0415,0.0,56200.0,0.0,0.0,0.0,27.811018,2026-10-05,20,Monday,False,False,True,10,FALL,CLEAR,LIGHT
BROOKLYN,2026-10-05 21:00:00+00:00,20.491499,0.0,58800.0,0.0,0.0,0.0,25.744402,2026-10-05,21,Monday,False,False,True,10,FALL,CLEAR,LIGHT
BROOKLYN,2026-10-05 22:00:00+00:00,18.7915,0.0,59200.0,0.0,0.0,0.0,21.566973,2026-10-05,22,Monday,False,False,True,10,FALL,CLEAR,LIGHT
BROOKLYN,2026-10-05 23:00:00+00:00,17.5415,0.0,56100.0,0.0,0.0,0.0,11.720751,2026-10-05,23,Monday,False,False,True,10,FALL,CLEAR,LIGHT
BROOKLYN,2026-10-06 00:00:00+00:00,15.7415,0.0,50200.0,0.0,0.0,0.0,4.896529,2026-10-06,0,Tuesday,False,False,True,10,FALL,CLEAR,LIGHT
BROOKLYN,2026-10-06 01:00:00+00:00,14.1414995,0.0,50700.0,0.0,0.0,0.0,10.233123,2026-10-06,1,Tuesday,False,False,True,10,FALL,CLEAR,LIGHT
BROOKLYN,2026-10-06 02:00:00+00:00,12.6915,0.0,47500.0,0.0,0.0,0.0,9.83268,2026-10-06,2,Tuesday,False,False,True,10,FALL,CLEAR,LIGHT
BROOKLYN,2026-10-06 03:00:00+00:00,12.091499,0.0,47400.0,0.0,0.0,0.0,4.510787,2026-10-06,3,Tuesday,False,False,True,10,FALL,CLEAR,LIGHT
BROOKLYN,2026-10-06 04:00:00+00:00,10.6915,0.0,36700.0,0.0,0.0,0.0,7.7879906,2026-10-06,4,Tuesday,False,False,True,10,FALL,CLEAR,LIGHT
BROOKLYN,2026-10-06 05:00:00+00:00,10.091499,0.0,34500.0,0.0,0.0,0.0,7.342588,2026-10-06,5,Tuesday,False,False,True,10,FALL,CLEAR,LIGHT
BROOKLYN,2026-10-06 06:00:00+00:00,9.9415,0.0,34000.0,0.0,0.0,0.0,13.104198,2026-10-06,6,Tuesday,False,False,False,10,FALL,CLEAR,LIGHT
BROOKLYN,2026-10-06 07:00:00+00:00,9.2915,0.0,29100.0,0.0,0.0,0.0,10.464797,2026-10-06,7,Tuesday,False,True,False,10,FALL,CLEAR,LIGHT
BROOKLYN,2026-10-06 08:00:00+00:00,8.9415,0.0,29600.0,0.0,0.0,0.0,12.031756,2026-10-06,8,Tuesday,False,True,False,10,FALL,CLEAR,LIGHT
BROOKLYN,2026-10-06 09:00:00+00:00,8.3914995,0.0,27200.0,0.0,0.0,0.0,10.00256,2026-10-06,9,Tuesday,False,True,False,10,FALL,CLEAR,LIGHT
BROOKLYN,2026-10-06 10:00:00+00:00,7.8415003,0.0,27700.0,0.0,0.0,0.0,8.4963045,2026-10-06,10,Tuesday,False,False,False,10,FALL,CLEAR,LIGHT
BROOKLYN,2026-10-06 11:00:00+00:00,7.3915,0.0,26400.0,0.0,0.0,0.0,7.7879906,2026-10-06,11,Tuesday,False,False,False,10,FALL,CLEAR,LIGHT
BROOKLYN,2026-10-06 12:00:00+00:00,8.6915,0.0,27600.0,0.0,0.0,0.0,8.714677,2026-10-06,12,Tuesday,False,False,False,10,FALL,CLEAR,LIGHT
BROOKLYN,2026-10-06 13:00:00+00:00,10.1915,0.0,31400.0,0.0,0.0,0.0,14.081477,2026-10-06,13,Tuesday,False,False,False,10,FALL,CLEAR,LIGHT
BROOKLYN,2026-10-06 14:00:00+00:00,11.7915,0.0,38400.0,0.0,0.0,0.0,16.800856,2026-10-06,14,Tuesday,False,False,False,10,FALL,CLEAR,LIGHT
BROOKLYN,2026-10-06 15:00:00+00:00,13.0415,0.0,46400.0,0.0,0.0,0.0,19.406637,2026-10-06,15,Tuesday,False,False,False,10,FALL,CLEAR,LIGHT
BROOKLYN,2026-10-06 16:00:00+00:00,14.6915,0.0,54100.0,0.0,0.0,0.0,14.565548,2026-10-06,16,Tuesday,False,True,False,10,FALL,CLEAR,LIGHT
BROOKLYN,2026-10-06 17:00:00+00:00,15.9415,0.0,52800.0,0.0,0.0,0.0,15.1884165,2026-10-06,17,Tuesday,False,True,False,10,FALL,CLEAR,LIGHT
BROOKLYN,2026-10-06 18:00:00+00:00,16.741499,0.0,59500.0,0.0,0.0,0.0,16.58346,2026-10-06,18,Tuesday,False,True,False,10,FALL,CLEAR,LIGHT
BROOKLYN,2026-10-06 19:00:00+00:00,17.241499,0.0,58300.0,0.0,0.0,0.0,14.917212,2026-10-06,19,Tuesday,False,False,False,10,FALL,CLEAR,LIGHT
BROOKLYN,2026-10-06 20:00:00+00:00,17.5915,0.0,58200.0,0.0,0.0,0.0,14.372974,2026-10-06,20,Tuesday,False,False,True,10,FALL,CLEAR,LIGHT
BROOKLYN,2026-10-06 21:00:00+00:00,17.1915,0.0,60700.0,0.0,0.0,0.0,12.10157,2026-10-06,21,Tuesday,False,False,True,10,FALL,CLEAR,LIGHT
BROOKLYN,2026-10-06 22:00:00+00:00,15.4415,0.0,54200.0,0.0,0.0,0.0,7.928177,2026-10-06,22,Tuesday,False,False,True,10,FALL,CLEAR,LIGHT
BROOKLYN,2026-10-06 23:00:00+00:00,12.9415,0.0,42300.0,0.0,0.0,0.0,5.3999996,2026-10-06,23,Tuesday,False,False,True,10,FALL,CLEAR,LIGHT
BROOKLYN,2026-10-07 00:00:00+00:00,11.841499,0.0,37600.0,0.0,0.0,0.0,4.5536795,2026-10-07,0,Wednesday,False,False,True,10,FALL,CLEAR,LIGHT
BROOKLYN,2026-10-07 01:00:00+00:00,11.0415,0.0,35200.0,0.0,0.0,0.0,7.127636,2026-10-07,1,Wednesday,False,False,True,10,FALL,CLEAR,LIGHT
BROOKLYN,2026-10-07 02:00:00+00:00,10.2915,0.0,33700.0,0.0,0.0,0.0,5.634891,2026-10-07,2,Wednesday,False,False,True,10,FALL,CLEAR,LIGHT
BROOKLYN,2026-10-07 03:00:00+00:00,9.6414995,0.0,31800.0,0.0,0.0,0.0,5.0911684,2026-10-07,3,Wednesday,False,False,True,10,FALL,CLEAR,LIGHT
BROOKLYN,2026-10-07 04:00:00+00:00,8.8914995,0.0,28900.0,0.0,0.0,0.0,5.95906,2026-10-07,4,Wednesday,False,False,True,10,FALL,CLEAR,LIGHT
BROOKLYN,2026-10-07 05:00:00+00:00,8.4915,0.0,28500.0,0.0,0.0,0.0,4.8965297,2026-10-07,5,Wednesday,False,False,True,10,FALL,CLEAR,LIGHT
BROOKLYN,2026-10-07 06:00:00+00:00,8.841499,0.0,35200.0,0.0,0.0,0.0,3.7064266,2026-10-07,6,Wednesday,False,False,False,10,FALL,CLEAR,LIGHT
BROOKLYN,2026-10-07 07:00:00+00:00,8.4415,0.0,33100.0,0.0,0.0,0.0,5.00128,2026-10-07,7,Wednesday,False,True,False,10,FALL,CLEAR,LIGHT
BROOKLYN,2026-10-07 08:00:00+00:00,7.5415,0.0,26900.0,0.0,0.0,0.0,5.04,2026-10-07,8,Wednesday,False,True,False,10,FALL,CLEAR,LIGHT
BROOKLYN,2026-10-07 09:00:00+00:00,8.0415,0.0,33500.0,0.0,0.0,0.0,4.198285,2026-10-07,9,Wednesday,False,True,False,10,FALL,CLEAR,LIGHT
BROOKLYN,2026-10-07 10:00:00+00:00,7.7415004,0.0,33300.0,0.0,0.0,0.0,5.815978,2026-10-07,10,Wednesday,False,False,False,10,FALL,CLEAR,LIGHT
BROOKLYN,2026-10-07 11:00:00+00:00,7.5415,0.0,25900.0,0.0,0.0,0.0,2.2768397,2026-10-07,11,Wednesday,False,False,False,10,FALL,CLEAR,LIGHT
BROOKLYN,2026-10-07 12:00:00+00:00,8.9915,0.0,28600.0,0.0,0.0,0.0,2.1897945,2026-10-07,12,Wednesday,False,False,False,10,FALL,CLEAR,LIGHT
BROOKLYN,2026-10-07 13:00:00+00:00,12.341499,0.0,25900.0,0.0,0.0,0.0,1.609969,2026-10-07,13,Wednesday,False,False,False,10,FALL,CLEAR,LIGHT
BROOKLYN,2026-10-07 14:00:00+00:00,15.2415,0.0,37800.0,0.0,0.0,0.0,5.3999996,2026-10-07,14,Wednesday,False,False,False,10,FALL,CLEAR,LIGHT
BROOKLYN,2026-10-07 15:00:00+00:00,16.2915,0.0,44100.0,0.0,0.0,0.0,10.239453,2026-10-07,15,Wednesday,False,False,False,10,FALL,CLEAR,LIGHT
BROOKLYN,2026-10-07 16:00:00+00:00,17.6415,0.0,41600.0,0.0,0.0,0.0,11.966953,2026-10-07,16,Wednesday,False,True,False,10,FALL,CLEAR,LIGHT
BROOKLYN,2026-10-07 17:00:00+00:00,18.6415,0.0,50500.0,0.0,0.0,0.0,13.849476,2026-10-07,17,Wednesday,False,True,False,10,FALL,CLEAR,LIGHT
BROOKLYN,2026-10-07 18:00:00+00:00,18.7915,0.0,45800.0,0.0,0.0,0.0,16.215992,2026-10-07,18,Wednesday,False,True,False,10,FALL,CLEAR,LIGHT
BROOKLYN,2026-10-07 19:00:00+00:00,18.9415,0.0,40100.0,0.0,0.0,0.0,16.854767,2026-10-07,19,Wednesday,False,False,False,10,FALL,CLEAR,LIGHT
BROOKLYN,2026-10-07 20:00:00+00:00,18.491499,0.0,34800.0,0.0,0.0,0.0,19.272614,2026-10-07,20,Wednesday,False,False,True,10,FALL,CLEAR,LIGHT
BROOKLYN,2026-10-07 21:00:00+00:00,17.8915,0.0,30200.0,0.0,0.0,0.0,18.720001,2026-10-07,21,Wednesday,False,False,True,10,FALL,CLEAR,LIGHT
BROOKLYN,2026-10-07 22:00:00+00:00,16.4415,0.0,25200.0,0.0,0.0,0.0,14.986553,2026-10-07,22,Wednesday,False,False,True,10,FALL,CLEAR,LIGHT
BROOKLYN,2026-10-07 23:00:00+00:00,15.3914995,0.0,21500.0,0.0,0.0,0.0,10.239453,2026-10-07,23,Wednesday,False,False,True,10,FALL,CLEAR,LIGHT
BROOKLYN,2026-10-08 00:00:00+00:00,14.841499,0.0,21500.0,0.0,0.0,0.0,10.105681,2026-10-08,0,Thursday,False,False,True,10,FALL,CLEAR,LIGHT
BROOKLYN,2026-10-08 01:00:00+00:00,14.091499,0.0,20500.0,0.0,0.0,0.0,8.557102,2026-10-08,1,Thursday,False,False,True,10,FALL,CLEAR,LIGHT
BROOKLYN,2026-10-08 02:00:00+00:00,13.591499,0.0,20100.0,0.0,0.0,0.0,9.885262,2026-10-08,2,Thursday,False,False,True,10,FALL,CLEAR,LIGHT
BROOKLYN,2026-10-08 03:00:00+00:00,13.2415,0.0,17400.0,0.0,0.0,0.0,10.390226,2026-10-08,3,Thursday,False,False,True,10,FALL,CLEAR,LIGHT
BROOKLYN,2026-10-08 04:00:00+00:00,12.841499,0.0,17500.0,0.0,0.0,0.0,7.9526596,2026-10-08,4,Thursday,False,False,True,10,FALL,CLEAR,LIGHT
BROOKLYN,2026-10-08 05:00:00+00:00,12.841499,0.0,17600.0,0.0,0.0,0.0,8.825508,2026-10-08,5,Thursday,False,False,True,10,FALL,CLEAR,LIGHT
BROOKLYN,2026-10-08 06:00:00+00:00,12.3914995,0.0,16000.0,0.0,0.0,0.0,7.5942073,2026-10-08,6,Thursday,False,False,False,10,FALL,CLEAR,LIGHT
BROOKLYN,2026-10-08 07:00:00+00:00,12.4915,0.0,14000.0,0.0,0.0,0.0,4.6938252,2026-10-08,7,Thursday,False,True,False,10,FALL,CLEAR,LIGHT
BROOKLYN,2026-10-08 08:00:00+00:00,12.2915,0.0,15000.0,0.0,0.0,0.0,4.452954,2026-10-08,8,Thursday,False,True,False,10,FALL,CLEAR,LIGHT
BROOKLYN,2026-10-08 09:00:00+00:00,12.591499,0.0,15200.0,0.0,0.0,0.0,6.6185193,2026-10-08,9,Thursday,False,True,False,10,FALL,CLEAR,LIGHT
BROOKLYN,2026-10-08 10:00:00+00:00,12.6414995,0.0,15200.0,0.0,0.0,0.0,5.634891,2026-10-08,10,Thursday,False,False,False,10,FALL,CLEAR,LIGHT
BROOKLYN,2026-10-08 11:00:00+00:00,12.341499,0.0,14400.0,0.0,0.0,0.0,5.991594,2026-10-08,11,Thursday,False,False,False,10,FALL,CLEAR,LIGHT
BROOKLYN,2026-10-08 12:00:00+00:00,13.4915,0.0,14200.0,0.0,0.0,0.0,7.5942082,2026-10-08,12,Thursday,False,False,False,10,FALL,CLEAR,LIGHT
BROOKLYN,2026-10-08 13:00:00+00:00,15.341499,0.0,16300.0,0.0,0.0,0.0,15.0038395,2026-10-08,13,Thursday,False,False,False,10,FALL,CLEAR,LIGHT
BROOKLYN,2026-10-08 14:00:00+00:00,17.1915,0.0,19400.0,0.0,0.0,0.0,15.379206,2026-10-08,14,Thursday,False,False,False,10,FALL,CLEAR,LIGHT
BROOKLYN,2026-10-08 15:00:00+00:00,19.8415,0.0,25400.0,0.0,0.0,0.0,16.454008,2026-10-08,15,Thursday,False,False,False,10,FALL,CLEAR,LIGHT
BROOKLYN,2026-10-08 16:00:00+00:00,22.5415,0.0,33500.0,0.0,0.0,0.0,19.164719,2026-10-08,16,Thursday,False,True,False,10,FALL,CLEAR,LIGHT
BROOKLYN,2026-10-08 17:00:00+00:00,24.0415,0.0,50900.0,0.0,0.0,0.0,21.9718,2026-10-08,17,Thursday,False,True,False,10,FALL,CLEAR,LIGHT
BROOKLYN,2026-10-08 18:00:00+00:00,24.5415,0.0,59900.0,0.0,0.0,0.0,27.153164,2026-10-08,18,Thursday,False,True,False,10,FALL,CLEAR,LIGHT
BROOKLYN,2026-10-08 19:00:00+00:00,24.1415,0.0,54100.0,0.0,0.0,0.0,18.751125,2026-10-08,19,Thursday,False,False,False,10,FALL,CLEAR,LIGHT
BROOKLYN,2026-10-08 20:00:00+00:00,24.2915,0.0,64300.0,0.0,0.0,0.0,24.187069,2026-10-08,20,Thursday,False,False,True,10,FALL,CLEAR,LIGHT
BROOKLYN,2026-10-08 21:00:00+00:00,23.3415,0.0,64500.0,0.0,0.0,0.0,23.177402,2026-10-08,21,Thursday,False,False,True,10,FALL,CLEAR,LIGHT
BROOKLYN,2026-10-08 22:00:00+00:00,21.8915,0.0,59200.0,0.0,0.0,0.0,15.937878,2026-10-08,22,Thursday,False,False,True,10,FALL,CLEAR,LIGHT
BROOKLYN,2026-10-08 23:00:00+00:00,19.991499,0.0,55400.0,0.0,0.0,0.0,7.6367526,2026-10-08,23,Thursday,False,False,True,10,FALL,CLEAR,LIGHT
BROOKLYN,2026-10-09 00:00:00+00:00,18.991499,0.0,51200.0,0.0,0.0,0.0,9.726665,2026-10-09,0,Friday,False,False,True,10,FALL,CLEAR,LIGHT
BROOKLYN,2026-10-09 01:00:00+00:00,17.4415,0.0,42600.0,0.0,0.0,0.0,7.5599995,2026-10-09,1,Friday,False,False,True,10,FALL,CLEAR,LIGHT
BROOKLYN,2026-10-09 02:00:00+00:00,16.5915,0.0,37600.0,0.0,0.0,0.0,7.6367526,2026-10-09,2,Friday,False,False,True,10,FALL,CLEAR,LIGHT
BROOKLYN,2026-10-09 03:00:00+00:00,15.6915,0.0,33000.0,0.0,0.0,0.0,8.707237,2026-10-09,3,Friday,False,False,True,10,FALL,CLEAR,LIGHT
BROOKLYN,2026-10-09 04:00:00+00:00,14.4415,0.0,28800.0,0.0,0.0,0.0,6.12,2026-10-09,4,Friday,False,False,True,10,FALL,CLEAR,LIGHT
BROOKLYN,2026-10-09 05:00:00+00:00,13.5415,0.0,24200.0,0.0,0.0,0.0,5.8048253,2026-10-09,5,Friday,False,False,True,10,FALL,CLEAR,LIGHT
BROOKLYN,2026-10-09 06:00:00+00:00,13.1414995,0.0,25300.0,0.0,0.0,0.0,6.151683,2026-10-09,6,Friday,False,False,False,10,FALL,CLEAR,LIGHT
BROOKLYN,2026-10-09 07:00:00+00:00,12.0415,0.0,23800.0,0.0,0.0,0.0,4.73506,2026-10-09,7,Friday,False,True,False,10,FALL,CLEAR,LIGHT
BROOKLYN,2026-10-09 08:00:00+00:00,11.7915,0.0,27000.0,0.0,0.0,0.0,3.4152596,2026-10-09,8,Friday,False,True,False,10,FALL,CLEAR,LIGHT
BROOKLYN,2026-10-09 09:00:00+00:00,11.4415,0.0,25000.0,0.0,0.0,0.0,3.2599385,2026-10-09,9,Friday,False,True,False,10,FALL,CLEAR,LIGHT
BROOKLYN,2026-10-09 10:00:00+00:00,10.6915,0.0,21900.0,0.0,0.0,0.0,6.2145634,2026-10-09,10,Friday,False,False,False,10,FALL,CLEAR,LIGHT
BROOKLYN,2026-10-09 11:00:00+00:00,10.5415,0.0,21900.0,0.0,0.0,0.0,6.830519,2026-10-09,11,Friday,False,False,False,10,FALL,CLEAR,LIGHT
BROOKLYN,2026-10-09 12:00:00+00:00,11.6915,0.0,19900.0,0.0,0.0,0.0,3.319036,2026-10-09,12,Friday,False,False,False,10,FALL,CLEAR,LIGHT
BROOKLYN,2026-10-09 13:00:00+00:00,15.2915,0.0,30700.0,0.0,0.0,0.0,11.792404,2026-10-09,13,Friday,False,False,False,10,FALL,CLEAR,LIGHT
BROOKLYN,2026-10-09 14:00:00+00:00,16.6915,0.0,31600.0,0.0,0.0,0.0,10.805999,2026-10-09,14,Friday,False,False,False,10,FALL,CLEAR,LIGHT
BROOKLYN,2026-10-09 15:00:00+00:00,19.4415,0.0,39100.0,0.0,0.0,0.0,8.557102,2026-10-09,15,Friday,False,False,False,10,FALL,CLEAR,LIGHT
BROOKLYN,2026-10-09 16:00:00+00:00,21.3415,0.0,44400.0,0.0,0.0,0.0,12.849528,2026-10-09,16,Friday,False,True,False,10,FALL,CLEAR,LIGHT
BROOKLYN,2026-10-09 17:00:00+00:00,22.741499,0.0,56900.0,0.0,0.0,0.0,23.828083,2026-10-09,17,Friday,False,True,False,10,FALL,CLEAR,LIGHT
BROOKLYN,2026-10-09 18:00:00+00:00,23.1915,0.0,59300.0,0.0,0.0,0.0,26.220753,2026-10-09,18,Friday,False,True,False,10,FALL,CLEAR,LIGHT
BROOKLYN,2026-10-09 19:00:00+00:00,23.1915,0.0,65100.0,0.0,0.0,0.0,21.707731,2026-10-09,19,Friday,False,False,False,10,FALL,CLEAR,LIGHT
BROOKLYN,2026-10-09 20:00:00+00:00,22.991499,0.0,60100.0,0.0,0.0,0.0,18.079027,2026-10-09,20,Friday,False,False,True,10,FALL,CLEAR,LIGHT
BROOKLYN,2026-10-09 21:00:00+00:00,22.3915,0.0,61800.0,0.0,0.0,0.0,13.797912,2026-10-09,21,Friday,False,False,True,10,FALL,CLEAR,LIGHT
BROOKLYN,2026-10-09 22:00:00+00:00,20.4415,0.0,58600.0,0.0,0.0,0.0,9.220499,2026-10-09,22,Friday,False,False,True,10,FALL,CLEAR,LIGHT
BROOKLYN,2026-10-09 23:00:00+00:00,17.8915,0.0,53300.0,0.0,0.0,0.0,9.290511,2026-10-09,23,Friday,False,False,True,10,FALL,CLEAR,LIGHT
BROOKLYN,2026-10-10 00:00:00+00:00,17.0915,0.0,53000.0,0.0,0.0,0.0,8.287822,2026-10-10,0,Saturday,True,False,True,10,FALL,CLEAR,LIGHT
BROOKLYN,2026-10-10 01:00:00+00:00,16.1915,0.0,46000.0,0.0,0.0,0.0,8.534353,2026-10-10,1,Saturday,True,False,True,10,FALL,CLEAR,LIGHT
BROOKLYN,2026-10-10 02:00:00+00:00,15.6414995,0.0,42000.0,0.0,0.0,0.0,6.3690495,2026-10-10,2,Saturday,True,False,True,10,FALL,CLEAR,LIGHT
BROOKLYN,2026-10-10 03:00:00+00:00,15.4415,0.0,43700.0,0.0,0.0,0.0,4.1046314,2026-10-10,3,Saturday,True,False,True,10,FALL,CLEAR,LIGHT
QUEENS,2026-09-11 04:00:00+00:00,25.724,0.0,30400.0,0.0,0.0,0.0,8.089993,2026-09-11,4,Friday,False,False,True,9,FALL,CLEAR,LIGHT
QUEENS,2026-09-11 05:00:00+00:00,25.374,0.0,28400.0,0.0,0.0,0.0,10.630672,2026-09-11,5,Friday,False,False,True,9,FALL,CLEAR,LIGHT
QUEENS,2026-09-11 06:00:00+00:00,24.274,0.0,30200.0,0.0,0.0,0.0,10.1376915,2026-09-11,6,Friday,False,False,False,9,FALL,CLEAR,LIGHT
QUEENS,2026-09-11 07:00:00+00:00,22.924002,0.0,28400.0,0.0,0.0,0.0,7.5942073,2026-09-11,7,Friday,False,True,False,9,FALL,CLEAR,LIGHT
QUEENS,2026-09-11 08:00:00+00:00,22.574001,0.0,30400.0,0.0,0.0,0.0,5.6920996,2026-09-11,8,Friday,False,True,False,9,FALL,CLEAR,LIGHT
QUEENS,2026-09-11 09:00:00+00:00,22.024,0.0,31300.0,0.0,0.0,0.0,5.4833565,2026-09-11,9,Friday,False,True,False,9,FALL,CLEAR,LIGHT
QUEENS,2026-09-11 10:00:00+00:00,21.824001,0.0,31600.0,0.0,0.0,0.0,4.072935,2026-09-11,10,Friday,False,False,False,9,FALL,CLEAR,LIGHT
QUEENS,2026-09-11 11:00:00+00:00,20.824001,0.0,33000.0,0.0,0.0,0.0,7.145796,2026-09-11,11,Friday,False,False,False,9,FALL,CLEAR,LIGHT
QUEENS,2026-09-11 12:00:00+00:00,21.724,0.0,34500.0,0.0,0.0,0.0,10.739832,2026-09-11,12,Friday,False,False,False,9,FALL,CLEAR,LIGHT
QUEENS,2026-09-11 13:00:00+00:00,21.824001,0.0,34400.0,0.0,0.0,0.0,9.585739,2026-09-11,13,Friday,False,False,False,9,FALL,CLEAR,LIGHT
QUEENS,2026-09-11 14:00:00+00:00,22.674002,0.0,36100.0,0.0,0.0,0.0,11.885453,2026-09-11,14,Friday,False,False,False,9,FALL,CLEAR,LIGHT
QUEENS,2026-09-11 15:00:00+00:00,23.424002,0.0,41600.0,0.0,0.0,0.0,12.904882,2026-09-11,15,Friday,False,False,False,9,FALL,CLEAR,LIGHT
QUEENS,2026-09-11 16:00:00+00:00,24.424002,0.0,39700.0,0.0,0.0,0.0,7.42159,2026-09-11,16,Friday,False,True,False,9,FALL,CLEAR,LIGHT
QUEENS,2026-09-11 17:00:00+00:00,25.224,0.0,41600.0,0.0,0.0,0.0,9.565437,2026-09-11,17,Friday,False,True,False,9,FALL,CLEAR,LIGHT
QUEENS,2026-09-11 18:00:00+00:00,26.174002,0.0,43100.0,0.0,0.0,0.0,7.8625183,2026-09-11,18,Friday,False,True,False,9,FALL,CLEAR,LIGHT
QUEENS,2026-09-11 19:00:00+00:00,26.774,0.0,45600.0,0.0,0.0,0.0,8.891344,2026-09-11,19,Friday,False,False,False,9,FALL,CLEAR,LIGHT
QUEENS,2026-09-11 20:00:00+00:00,28.074001,0.0,59500.0,0.0,0.0,0.0,11.726277,2026-09-11,20,Friday,False,False,True,9,FALL,CLEAR,LIGHT
QUEENS,2026-09-11 21:00:00+00:00,27.724,0.0,61800.0,0.0,0.0,0.0,12.475961,2026-09-11,21,Friday,False,False,True,9,FALL,CLEAR,LIGHT
QUEENS,2026-09-11 22:00:00+00:00,26.574001,0.0,59100.0,0.0,0.0,0.0,9.085988,2026-09-11,22,Friday,False,False,True,9,FALL,CLEAR,LIGHT
QUEENS,2026-09-11 23:00:00+00:00,24.774,0.0,56200.0,0.0,0.0,0.0,6.5693827,2026-09-11,23,Friday,False,False,True,9,FALL,CLEAR,LIGHT
QUEENS,2026-09-12 00:00:00+00:00,23.624,0.0,52100.0,0.0,0.0,0.0,6.489992,2026-09-12,0,Saturday,True,False,True,9,FALL,CLEAR,LIGHT
QUEENS,2026-09-12 01:00:00+00:00,20.724,0.0,22300.0,0.0,0.0,0.0,6.6087217,2026-09-12,1,Saturday,True,False,True,9,FALL,CLEAR,LIGHT
QUEENS,2026-09-12 02:00:00+00:00,20.724,0.0,21300.0,0.0,0.0,0.0,6.489992,2026-09-12,2,Saturday,True,False,True,9,FALL,CLEAR,LIGHT
QUEENS,2026-09-12 03:00:00+00:00,19.224,0.0,16900.0,0.0,0.0,0.0,6.12,2026-09-12,3,Saturday,True,False,True,9,FALL,CLEAR,LIGHT
QUEENS,2026-09-12 04:00:00+00:00,18.574001,0.0,15500.0,0.0,0.0,0.0,4.8433046,2026-09-12,4,Saturday,True,False,True,9,FALL,CLEAR,LIGHT
QUEENS,2026-09-12 05:00:00+00:00,18.224,0.0,19500.0,0.0,0.0,0.0,4.73506,2026-09-12,5,Saturday,True,False,True,9,FALL,CLEAR,LIGHT
QUEENS,2026-09-12 06:00:00+00:00,17.124,0.0,17500.0,0.0,0.0,0.0,6.489992,2026-09-12,6,Saturday,True,False,False,9,FALL,CLEAR,LIGHT
QUEENS,2026-09-12 07:00:00+00:00,16.724,0.0,14500.0,0.0,0.0,0.0,4.2136917,2026-09-12,7,Saturday,True,True,False,9,FALL,CLEAR,LIGHT
QUEENS,2026-09-12 08:00:00+00:00,17.024,0.0,15600.0,0.0,0.0,0.0,5.6233797,2026-09-12,8,Saturday,True,True,False,9,FALL,CLEAR,LIGHT
QUEENS,2026-09-12 09:00:00+00:00,17.124,0.0,16100.0,0.0,0.0,0.0,6.4096174,2026-09-12,9,Saturday,True,True,False,9,FALL,CLEAR,LIGHT
QUEENS,2026-09-12 10:00:00+00:00,16.874,0.0,15600.0,0.0,0.0,0.0,4.6800003,2026-09-12,10,Saturday,True,False,False,9,FALL,CLEAR,LIGHT
QUEENS,2026-09-12 11:00:00+00:00,16.774,0.0,18600.0,0.0,0.0,0.0,4.829907,2026-09-12,11,Saturday,True,False,False,9,FALL,CLEAR,LIGHT
QUEENS,2026-09-12 12:00:00+00:00,18.674002,0.0,19100.0,0.0,0.0,0.0,5.815978,2026-09-12,12,Saturday,True,False,False,9,FALL,CLEAR,LIGHT
QUEENS,2026-09-12 13:00:00+00:00,21.024,0.0,18600.0,0.0,0.0,0.0,6.0347,2026-09-12,13,Saturday,True,False,False,9,FALL,CLEAR,LIGHT
QUEENS,2026-09-12 14:00:00+00:00,23.174002,0.0,21300.0,0.0,0.0,0.0,7.5170207,2026-09-12,14,Saturday,True,False,False,9,FALL,CLEAR,LIGHT
QUEENS,2026-09-12 15:00:00+00:00,24.024,0.0,21300.0,0.0,0.0,0.0,6.989936,2026-09-12,15,Saturday,True,False,False,9,FALL,CLEAR,LIGHT
QUEENS,2026-09-12 16:00:00+00:00,25.624,0.0,29700.0,0.0,0.0,0.0,9.227524,2026-09-12,16,Saturday,True,True,False,9,FALL,CLEAR,LIGHT
QUEENS,2026-09-12 17:00:00+00:00,25.124,0.0,23100.0,0.0,0.0,0.0,14.372974,2026-09-12,17,Saturday,True,True,False,9,FALL,CLEAR,LIGHT
QUEENS,2026-09-12 18:00:00+00:00,25.424002,0.0,30700.0,0.0,0.0,0.0,19.08,2026-09-12,18,Saturday,True,True,False,9,FALL,CLEAR,LIGHT
QUEENS,2026-09-12 19:00:00+00:00,25.024,0.0,26900.0,0.0,0.0,0.0,15.629971,2026-09-12,19,Saturday,True,False,False,9,FALL,CLEAR,LIGHT
QUEENS,2026-09-12 20:00:00+00:00,24.874,0.0,27100.0,0.0,0.0,0.0,18.671474,2026-09-12,20,Saturday,True,False,True,9,FALL,CLEAR,LIGHT
QUEENS,2026-09-12 21:00:00+00:00,24.274,0.0,28800.0,0.0,0.0,0.0,16.489416,2026-09-12,21,Saturday,True,False,True,9,FALL,CLEAR,LIGHT
QUEENS,2026-09-12 22:00:00+00:00,23.474,0.0,27400.0,0.0,0.0,0.0,15.986593,2026-09-12,22,Saturday,True,False,True,9,FALL,CLEAR,LIGHT
QUEENS,2026-09-12 23:00:00+00:00,22.474,0.0,27500.0,0.0,0.0,0.0,12.387348,2026-09-12,23,Saturday,True,False,True,9,FALL,CLEAR,LIGHT
QUEENS,2026-09-13 00:00:00+00:00,22.324001,0.0,29400.0,0.0,0.0,0.0,8.14587,2026-09-13,0,Sunday,True,False,True,9,FALL,CLEAR,LIGHT
QUEENS,2026-09-13 01:00:00+00:00,21.524,0.0,26000.0,0.0,0.0,0.0,6.193674,2026-09-13,1,Sunday,True,False,True,9,FALL,CLEAR,LIGHT
QUEENS,2026-09-13 02:00:00+00:00,21.424002,0.0,23900.0,0.0,0.0,0.0,7.7043357,2026-09-13,2,Sunday,True,False,True,9,FALL,CLEAR,LIGHT
QUEENS,2026-09-13 03:00:00+00:00,21.174002,0.0,21300.0,0.0,0.0,0.0,6.297428,2026-09-13,3,Sunday,True,False,True,9,FALL,CLEAR,LIGHT
QUEENS,2026-09-13 04:00:00+00:00,21.274,0.0,20900.0,0.0,0.0,0.0,5.4833565,2026-09-13,4,Sunday,True,False,True,9,FALL,CLEAR,LIGHT
QUEENS,2026-09-13 05:00:00+00:00,20.824001,0.0,17600.0,0.0,0.0,0.0,7.0911775,2026-09-13,5,Sunday,True,False,True,9,FALL,CLEAR,LIGHT
QUEENS,2026-09-13 06:00:00+00:00,20.774,0.0,18900.0,0.0,0.0,0.0,6.519877,2026-09-13,6,Sunday,True,False,False,9,FALL,CLEAR,LIGHT
QUEENS,2026-09-13 07:00:00+00:00,20.474,0.0,16500.0,0.0,0.0,0.0,6.151683,2026-09-13,7,Sunday,True,True,False,9,FALL,CLEAR,LIGHT
QUEENS,2026-09-13 08:00:00+00:00,20.574001,0.0,14800.0,0.0,0.0,0.0,4.3498964,2026-09-13,8,Sunday,True,True,False,9,FALL,CLEAR,LIGHT
QUEENS,2026-09-13 09:00:00+00:00,21.274,0.0,15200.0,0.0,0.0,0.0,5.00128,2026-09-13,9,Sunday,True,True,False,9,FALL,CLEAR,LIGHT
QUEENS,2026-09-13 10:00:00+00:00,21.674002,0.0,12500.0,0.0,0.0,0.0,3.319036,2026-09-13,10,Sunday,True,False,False,9,FALL,CLEAR,LIGHT
QUEENS,2026-09-13 11:00:00+00:00,22.174002,0.0,12700.0,0.0,0.0,0.0,5.00128,2026-09-13,11,Sunday,True,False,False,9,FALL,CLEAR,LIGHT
QUEENS,2026-09-13 12:00:00+00:00,21.924002,1.4,12200.0,1.4,0.0,0.0,10.495713,2026-09-13,12,Sunday,True,False,False,9,FALL,RAIN,LIGHT
QUEENS,2026-09-13 13:00:00+00:00,22.324001,3.2,7700.0,3.2,0.0,0.0,4.39436,2026-09-13,13,Sunday,True,False,False,9,FALL,RAIN,LIGHT
QUEENS,2026-09-13 14:00:00+00:00,22.674002,0.0,9500.0,0.0,0.0,0.0,6.12,2026-09-13,14,Sunday,True,False,False,9,FALL,CLEAR,LIGHT
QUEENS,2026-09-13 15:00:00+00:00,22.124,0.4,12200.0,0.4,0.0,0.0,4.2136917,2026-09-13,15,Sunday,True,False,False,9,FALL,RAIN,LIGHT
QUEENS,2026-09-13 16:00:00+00:00,21.774,0.4,12200.0,0.4,0.0,0.0,4.6800003,2026-09-13,16,Sunday,True,True,False,9,FALL,RAIN,LIGHT
QUEENS,2026-09-13 17:00:00+00:00,22.324001,0.0,13000.0,0.0,0.0,0.0,6.696387,2026-09-13,17,Sunday,True,True,False,9,FALL,CLEAR,LIGHT
QUEENS,2026-09-13 18:00:00+00:00,22.474,0.0,15500.0,0.0,0.0,0.0,7.9036193,2026-09-13,18,Sunday,True,True,False,9,FALL,CLEAR,LIGHT
QUEENS,2026-09-13 19:00:00+00:00,24.824001,0.0,16000.0,0.0,0.0,0.0,5.937272,2026-09-13,19,Sunday,True,False,False,9,FALL,CLEAR,LIGHT
QUEENS,2026-09-13 20:00:00+00:00,25.674002,0.0,17300.0,0.0,0.0,0.0,5.8603754,2026-09-13,20,Sunday,True,False,True,9,FALL,CLEAR,LIGHT
QUEENS,2026-09-13 21:00:00+00:00,25.874,0.0,18500.0,0.0,0.0,0.0,1.0182338,2026-09-13,21,Sunday,True,False,True,9,FALL,CLEAR,LIGHT
QUEENS,2026-09-13 22:00:00+00:00,25.674002,0.0,17800.0,0.0,0.0,0.0,2.16,2026-09-13,22,Sunday,True,False,True,9,FALL,CLEAR,LIGHT
QUEENS,2026-09-13 23:00:00+00:00,24.624,0.0,16600.0,0.0,0.0,0.0,5.8048253,2026-09-13,23,Sunday,True,False,True,9,FALL,CLEAR,LIGHT
QUEENS,2026-09-14 00:00:00+00:00,23.924002,0.0,15700.0,0.0,0.0,0.0,9.107359,2026-09-14,0,Monday,False,False,True,9,FALL,CLEAR,LIGHT
QUEENS,2026-09-14 01:00:00+00:00,23.524,0.0,14900.0,0.0,0.0,0.0,6.8399997,2026-09-14,1,Monday,False,False,True,9,FALL,CLEAR,LIGHT
QUEENS,2026-09-14 02:00:00+00:00,22.924002,0.0,12200.0,0.0,0.0,0.0,3.671294,2026-09-14,2,Monday,False,False,True,9,FALL,CLEAR,LIGHT
QUEENS,2026-09-14 03:00:00+00:00,22.624,0.0,12500.0,0.0,0.0,0.0,3.8773184,2026-09-14,3,Monday,False,False,True,9,FALL,CLEAR,LIGHT
QUEENS,2026-09-14 04:00:00+00:00,22.524,0.0,15200.0,0.0,0.0,0.0,3.319036,2026-09-14,4,Monday,False,False,True,9,FALL,CLEAR,LIGHT
QUEENS,2026-09-14 05:00:00+00:00,22.224,0.0,12900.0,0.0,0.0,0.0,1.0182338,2026-09-14,5,Monday,False,False,True,9,FALL,CLEAR,LIGHT
QUEENS,2026-09-14 06:00:00+00:00,22.724,0.0,16100.0,0.0,0.0,0.0,11.503113,2026-09-14,6,Monday,False,False,False,9,FALL,CLEAR,LIGHT
QUEENS,2026-09-14 07:00:00+00:00,22.324001,0.0,15200.0,0.0,0.0,0.0,7.342588,2026-09-14,7,Monday,False,True,False,9,FALL,CLEAR,LIGHT
QUEENS,2026-09-14 08:00:00+00:00,22.074001,0.0,18800.0,0.0,0.0,0.0,11.090103,2026-09-14,8,Monday,False,True,False,9,FALL,CLEAR,LIGHT
QUEENS,2026-09-14 09:00:00+00:00,21.124,0.0,22200.0,0.0,0.0,0.0,14.336861,2026-09-14,9,Monday,False,True,False,9,FALL,CLEAR,LIGHT
QUEENS,2026-09-14 10:00:00+00:00,20.774,0.0,20200.0,0.0,0.0,0.0,10.495713,2026-09-14,10,Monday,False,False,False,9,FALL,CLEAR,LIGHT
QUEENS,2026-09-14 11:00:00+00:00,21.424002,0.0,23100.0,0.0,0.0,0.0,12.984975,2026-09-14,11,Monday,False,False,False,9,FALL,CLEAR,LIGHT
QUEENS,2026-09-14 12:00:00+00:00,20.524,0.0,30000.0,0.0,0.0,0.0,16.075521,2026-09-14,12,Monday,False,False,False,9,FALL,CLEAR,LIGHT
QUEENS,2026-09-14 13:00:00+00:00,20.274,0.0,29800.0,0.0,0.0,0.0,15.782622,2026-09-14,13,Monday,False,False,False,9,FALL,CLEAR,LIGHT
QUEENS,2026-09-14 14:00:00+00:00,21.474,0.0,32900.0,0.0,0.0,0.0,17.208603,2026-09-14,14,Monday,False,False,False,9,FALL,CLEAR,LIGHT
QUEENS,2026-09-14 15:00:00+00:00,22.724,0.0,34600.0,0.0,0.0,0.0,18.626305,2026-09-14,15,Monday,False,False,False,9,FALL,CLEAR,LIGHT
QUEENS,2026-09-14 16:00:00+00:00,23.674002,0.0,38500.0,0.0,0.0,0.0,19.862083,2026-09-14,16,Monday,False,True,False,9,FALL,CLEAR,LIGHT
QUEENS,2026-09-14 17:00:00+00:00,24.874,0.0,40800.0,0.0,0.0,0.0,20.288164,2026-09-14,17,Monday,False,True,False,9,FALL,CLEAR,LIGHT
QUEENS,2026-09-14 18:00:00+00:00,24.574001,0.0,46500.0,0.0,0.0,0.0,21.749483,2026-09-14,18,Monday,False,True,False,9,FALL,CLEAR,LIGHT
QUEENS,2026-09-14 19:00:00+00:00,25.274,0.0,56100.0,0.0,0.0,0.0,20.46941,2026-09-14,19,Monday,False,False,False,9,FALL,CLEAR,LIGHT
QUEENS,2026-09-14 20:00:00+00:00,24.974,0.0,61600.0,0.0,0.0,0.0,22.7057,2026-09-14,20,Monday,False,False,True,9,FALL,CLEAR,LIGHT
QUEENS,2026-09-14 21:00:00+00:00,24.424002,0.0,61400.0,0.0,0.0,0.0,18.214718,2026-09-14,21,Monday,False,False,True,9,FALL,CLEAR,LIGHT
QUEENS,2026-09-14 22:00:00+00:00,23.724,0.0,63000.0,0.0,0.0,0.0,16.92383,2026-09-14,22,Monday,False,False,True,9,FALL,CLEAR,LIGHT
QUEENS,2026-09-14 23:00:00+00:00,22.674002,0.0,61700.0,0.0,0.0,0.0,12.819235,2026-09-14,23,Monday,False,False,True,9,FALL,CLEAR,LIGHT
QUEENS,2026-09-15 00:00:00+00:00,20.524,0.0,47300.0,0.0,0.0,0.0,9.387651,2026-09-15,0,Tuesday,False,False,True,9,FALL,CLEAR,LIGHT
QUEENS,2026-09-15 01:00:00+00:00,19.974,0.0,43700.0,0.0,0.0,0.0,5.8603754,2026-09-15,1,Tuesday,False,False,True,9,FALL,CLEAR,LIGHT
QUEENS,2026-09-15 02:00:00+00:00,17.524,0.0,31000.0,0.0,0.0,0.0,7.5170207,2026-09-15,2,Tuesday,False,False,True,9,FALL,CLEAR,LIGHT
QUEENS,2026-09-15 03:00:00+00:00,16.924002,0.0,32500.0,0.0,0.0,0.0,6.725354,2026-09-15,3,Tuesday,False,False,True,9,FALL,CLEAR,LIGHT
QUEENS,2026-09-15 04:00:00+00:00,15.624,0.0,25900.0,0.0,0.0,0.0,5.991594,2026-09-15,4,Tuesday,False,False,True,9,FALL,CLEAR,LIGHT
QUEENS,2026-09-15 05:00:00+00:00,14.924,0.0,25700.0,0.0,0.0,0.0,7.6367526,2026-09-15,5,Tuesday,False,False,True,9,FALL,CLEAR,LIGHT
QUEENS,2026-09-15 06:00:00+00:00,14.724,0.0,28200.0,0.0,0.0,0.0,9.0,2026-09-15,6,Tuesday,False,False,False,9,FALL,CLEAR,LIGHT
QUEENS,2026-09-15 07:00:00+00:00,13.874,0.0,23200.0,0.0,0.0,0.0,4.802999,2026-09-15,7,Tuesday,False,True,False,9,FALL,CLEAR,LIGHT
QUEENS,2026-09-15 08:00:00+00:00,13.524,0.0,20200.0,0.0,0.0,0.0,4.0249224,2026-09-15,8,Tuesday,False,True,False,9,FALL,CLEAR,LIGHT
QUEENS,2026-09-15 09:00:00+00:00,13.274,0.0,18500.0,0.0,0.0,0.0,3.0758414,2026-09-15,9,Tuesday,False,True,False,9,FALL,CLEAR,LIGHT
QUEENS,2026-09-15 10:00:00+00:00,13.324,0.0,19500.0,0.0,0.0,0.0,6.151683,2026-09-15,10,Tuesday,False,False,False,9,FALL,CLEAR,LIGHT
QUEENS,2026-09-15 11:00:00+00:00,13.324,0.0,22600.0,0.0,0.0,0.0,6.12,2026-09-15,11,Tuesday,False,False,False,9,FALL,CLEAR,LIGHT
QUEENS,2026-09-15 12:00:00+00:00,15.374,0.0,25600.0,0.0,0.0,0.0,10.086427,2026-09-15,12,Tuesday,False,False,False,9,FALL,CLEAR,LIGHT
QUEENS,2026-09-15 13:00:00+00:00,17.274,0.0,28900.0,0.0,0.0,0.0,8.913181,2026-09-15,13,Tuesday,False,False,False,9,FALL,CLEAR,LIGHT
QUEENS,2026-09-15 14:00:00+00:00,19.024,0.0,34500.0,0.0,0.0,0.0,10.009036,2026-09-15,14,Tuesday,False,False,False,9,FALL,CLEAR,LIGHT
QUEENS,2026-09-15 15:00:00+00:00,20.374,0.0,39500.0,0.0,0.0,0.0,5.95906,2026-09-15,15,Tuesday,False,False,False,9,FALL,CLEAR,LIGHT
QUEENS,2026-09-15 16:00:00+00:00,21.474,0.0,38600.0,0.0,0.0,0.0,3.319036,2026-09-15,16,Tuesday,False,True,False,9,FALL,CLEAR,LIGHT
QUEENS,2026-09-15 17:00:00+00:00,22.074001,0.0,33500.0,0.0,0.0,0.0,5.991594,2026-09-15,17,Tuesday,False,True,False,9,FALL,CLEAR,LIGHT
QUEENS,2026-09-15 18:00:00+00:00,22.474,0.0,35600.0,0.0,0.0,0.0,8.4042845,2026-09-15,18,Tuesday,False,True,False,9,FALL,CLEAR,LIGHT
QUEENS,2026-09-15 19:00:00+00:00,22.624,0.0,35100.0,0.0,0.0,0.0,11.183201,2026-09-15,19,Tuesday,False,False,False,9,FALL,CLEAR,LIGHT
QUEENS,2026-09-15 20:00:00+00:00,22.224,0.0,35100.0,0.0,0.0,0.0,10.538843,2026-09-15,20,Tuesday,False,False,True,9,FALL,CLEAR,LIGHT
QUEENS,2026-09-15 21:00:00+00:00,21.424002,0.0,33500.0,0.0,0.0,0.0,10.948973,2026-09-15,21,Tuesday,False,False,True,9,FALL,CLEAR,LIGHT
QUEENS,2026-09-15 22:00:00+00:00,20.374,0.0,30500.0,0.0,0.0,0.0,11.119281,2026-09-15,22,Tuesday,False,False,True,9,FALL,CLEAR,LIGHT
QUEENS,2026-09-15 23:00:00+00:00,18.874,0.0,28700.0,0.0,0.0,0.0,9.220499,2026-09-15,23,Tuesday,False,False,True,9,FALL,CLEAR,LIGHT
QUEENS,2026-09-16 00:00:00+00:00,18.074001,0.0,25600.0,0.0,0.0,0.0,7.5942082,2026-09-16,0,Wednesday,False,False,True,9,FALL,CLEAR,LIGHT
QUEENS,2026-09-16 01:00:00+00:00,17.474,0.0,25400.0,0.0,0.0,0.0,9.339208,2026-09-16,1,Wednesday,False,False,True,9,FALL,CLEAR,LIGHT
QUEENS,2026-09-16 02:00:00+00:00,16.824001,0.0,23000.0,0.0,0.0,0.0,4.3498964,2026-09-16,2,Wednesday,False,False,True,9,FALL,CLEAR,LIGHT
QUEENS,2026-09-16 03:00:00+00:00,15.974,0.0,21000.0,0.0,0.0,0.0,1.609969,2026-09-16,3,Wednesday,False,False,True,9,FALL,CLEAR,LIGHT
QUEENS,2026-09-16 04:00:00+00:00,15.974,0.0,20400.0,0.0,0.0,0.0,2.52,2026-09-16,4,Wednesday,False,False,True,9,FALL,CLEAR,LIGHT
QUEENS,2026-09-16 05:00:00+00:00,15.924,0.0,23300.0,0.0,0.0,0.0,3.8773184,2026-09-16,5,Wednesday,False,False,True,9,FALL,CLEAR,LIGHT
QUEENS,2026-09-16 06:00:00+00:00,15.474,0.0,20200.0,0.0,0.0,0.0,2.52,2026-09-16,6,Wednesday,False,False,False,9,FALL,CLEAR,LIGHT
QUEENS,2026-09-16 07:00:00+00:00,14.974,0.0,18200.0,0.0,0.0,0.0,4.32,2026-09-16,7,Wednesday,False,True,False,9,FALL,CLEAR,LIGHT
QUEENS,2026-09-16 08:00:00+00:00,14.624,0.0,15400.0,0.0,0.0,0.0,3.7064266,2026-09-16,8,Wednesday,False,True,False,9,FALL,CLEAR,LIGHT
QUEENS,2026-09-16 09:00:00+00:00,15.574,0.0,17700.0,0.0,0.0,0.0,5.3517847,2026-09-16,9,Wednesday,False,True,False,9,FALL,CLEAR,LIGHT
QUEENS,2026-09-16 10:00:00+00:00,15.924,0.0,16500.0,0.0,0.0,0.0,4.6938252,2026-09-16,10,Wednesday,False,False,False,9,FALL,CLEAR,LIGHT
QUEENS,2026-09-16 11:00:00+00:00,16.574001,0.0,17600.0,0.0,0.0,0.0,4.3498964,2026-09-16,11,Wednesday,False,False,False,9,FALL,CLEAR,LIGHT
QUEENS,2026-09-16 12:00:00+00:00,18.274,0.0,18400.0,0.0,0.0,0.0,2.8116899,2026-09-16,12,Wednesday,False,False,False,9,FALL,CLEAR,LIGHT
QUEENS,2026-09-16 13:00:00+00:00,19.074001,0.0,23000.0,0.0,0.0,0.0,6.12,2026-09-16,13,Wednesday,False,False,False,9,FALL,CLEAR,LIGHT
QUEENS,2026-09-16 14:00:00+00:00,20.524,0.0,26800.0,0.0,0.0,0.0,6.6087217,2026-09-16,14,Wednesday,False,False,False,9,FALL,CLEAR,LIGHT
QUEENS,2026-09-16 15:00:00+00:00,21.974,0.0,27800.0,0.0,0.0,0.0,11.720751,2026-09-16,15,Wednesday,False,False,False,9,FALL,CLEAR,LIGHT
QUEENS,2026-09-16 16:00:00+00:00,22.974,0.0,25000.0,0.0,0.0,0.0,11.384198,2026-09-16,16,Wednesday,False,True,False,9,FALL,CLEAR,LIGHT
QUEENS,2026-09-16 17:00:00+00:00,24.074001,0.0,23900.0,0.0,0.0,0.0,13.849476,2026-09-16,17,Wednesday,False,True,False,9,FALL,CLEAR,LIGHT
QUEENS,2026-09-16 18:00:00+00:00,24.224,0.0,23200.0,0.0,0.0,0.0,15.84409,2026-09-16,18,Wednesday,False,True,False,9,FALL,CLEAR,LIGHT
QUEENS,2026-09-16 19:00:00+00:00,24.174002,0.0,23800.0,0.0,0.0,0.0,16.263872,2026-09-16,19,Wednesday,False,False,False,9,FALL,CLEAR,LIGHT
QUEENS,2026-09-16 20:00:00+00:00,23.724,0.0,21500.0,0.0,0.0,0.0,15.937878,2026-09-16,20,Wednesday,False,False,True,9,FALL,CLEAR,LIGHT
QUEENS,2026-09-16 21:00:00+00:00,23.474,0.0,21400.0,0.0,0.0,0.0,14.372974,2026-09-16,21,Wednesday,False,False,True,9,FALL,CLEAR,LIGHT
QUEENS,2026-09-16 22:00:00+00:00,23.024,0.0,18900.0,0.0,0.0,0.0,13.905509,2026-09-16,22,Wednesday,False,False,True,9,FALL,CLEAR,LIGHT
QUEENS,2026-09-16 23:00:00+00:00,22.174002,0.0,17900.0,0.0,0.0,0.0,10.495713,2026-09-16,23,Wednesday,False,False,True,9,FALL,CLEAR,LIGHT
QUEENS,2026-09-17 00:00:00+00:00,21.774,0.0,17100.0,0.0,0.0,0.0,6.28713,2026-09-17,0,Thursday,False,False,True,9,FALL,CLEAR,LIGHT
QUEENS,2026-09-17 01:00:00+00:00,21.624,0.0,16300.0,0.0,0.0,0.0,6.9527545,2026-09-17,1,Thursday,False,False,True,9,FALL,CLEAR,LIGHT
QUEENS,2026-09-17 02:00:00+00:00,21.274,0.0,14800.0,0.0,0.0,0.0,3.6,2026-09-17,2,Thursday,False,False,True,9,FALL,CLEAR,LIGHT
QUEENS,2026-09-17 03:00:00+00:00,21.774,0.0,15700.0,0.0,0.0,0.0,7.5685663,2026-09-17,3,Thursday,False,False,True,9,FALL,CLEAR,LIGHT
QUEENS,2026-09-17 04:00:00+00:00,21.574001,0.0,14300.0,0.0,0.0,0.0,5.6920996,2026-09-17,4,Thursday,False,False,True,9,FALL,CLEAR,LIGHT
QUEENS,2026-09-17 05:00:00+00:00,21.724,0.0,15200.0,0.0,0.0,0.0,5.4833565,2026-09-17,5,Thursday,False,False,True,9,FALL,CLEAR,LIGHT
QUEENS,2026-09-17 06:00:00+00:00,21.674002,0.0,16500.0,0.0,0.0,0.0,9.227524,2026-09-17,6,Thursday,False,False,False,9,FALL,CLEAR,LIGHT
QUEENS,2026-09-17 07:00:00+00:00,21.474,0.0,14200.0,0.0,0.0,0.0,4.68,2026-09-17,7,Thursday,False,True,False,9,FALL,CLEAR,LIGHT
QUEENS,2026-09-17 08:00:00+00:00,21.424002,0.0,14800.0,0.0,0.0,0.0,3.319036,2026-09-17,8,Thursday,False,True,False,9,FALL,CLEAR,LIGHT
QUEENS,2026-09-17 09:00:00+00:00,21.074001,0.0,13400.0,0.0,0.0,0.0,4.896529,2026-09-17,9,Thursday,False,True,False,9,FALL,CLEAR,LIGHT
QUEENS,2026-09-17 10:00:00+00:00,20.724,0.0,12200.0,0.0,0.0,0.0,3.219938,2026-09-17,10,Thursday,False,False,False,9,FALL,CLEAR,LIGHT
QUEENS,2026-09-17 11:00:00+00:00,20.574001,0.0,13300.0,0.0,0.0,0.0,3.9763298,2026-09-17,11,Thursday,False,False,False,9,FALL,CLEAR,LIGHT
QUEENS,2026-09-17 12:00:00+00:00,21.924002,0.0,14600.0,0.0,0.0,0.0,2.968636,2026-09-17,12,Thursday,False,False,False,9,FALL,CLEAR,LIGHT
QUEENS,2026-09-17 13:00:00+00:00,23.374,0.0,16300.0,0.0,0.0,0.0,9.885262,2026-09-17,13,Thursday,False,False,False,9,FALL,CLEAR,LIGHT
QUEENS,2026-09-17 14:00:00+00:00,23.524,0.0,16000.0,0.0,0.0,0.0,16.394829,2026-09-17,14,Thursday,False,False,False,9,FALL,CLEAR,LIGHT
QUEENS,2026-09-17 15:00:00+00:00,24.674002,0.0,20500.0,0.0,0.0,0.0,11.928989,2026-09-17,15,Thursday,False,False,False,9,FALL,CLEAR,LIGHT
QUEENS,2026-09-17 16:00:00+00:00,25.924002,0.0,21000.0,0.0,0.0,0.0,9.746631,2026-09-17,16,Thursday,False,True,False,9,FALL,CLEAR,LIGHT
QUEENS,2026-09-17 17:00:00+00:00,27.024,0.0,19600.0,0.0,0.0,0.0,16.171976,2026-09-17,17,Thursday,False,True,False,9,FALL,CLEAR,LIGHT
QUEENS,2026-09-17 18:00:00+00:00,26.224,0.0,16800.0,0.0,0.0,0.0,19.13426,2026-09-17,18,Thursday,False,True,False,9,FALL,CLEAR,LIGHT
QUEENS,2026-09-17 19:00:00+00:00,24.674002,0.0,19700.0,0.0,0.0,0.0,19.242327,2026-09-17,19,Thursday,False,False,False,9,FALL,CLEAR,LIGHT
QUEENS,2026-09-17 20:00:00+00:00,25.324001,0.0,17600.0,0.0,0.0,0.0,18.331741,2026-09-17,20,Thursday,False,False,True,9,FALL,CLEAR,LIGHT
QUEENS,2026-09-17 21:00:00+00:00,25.024,0.0,16200.0,0.0,0.0,0.0,16.45007,2026-09-17,21,Thursday,False,False,True,9,FALL,CLEAR,LIGHT
QUEENS,2026-09-17 22:00:00+00:00,24.874,0.0,21000.0,0.0,0.0,0.0,13.556282,2026-09-17,22,Thursday,False,False,True,9,FALL,CLEAR,LIGHT
QUEENS,2026-09-17 23:00:00+00:00,24.424002,0.0,19000.0,0.0,0.0,0.0,8.311245,2026-09-17,23,Thursday,False,False,True,9,FALL,CLEAR,LIGHT
QUEENS,2026-09-18 00:00:00+00:00,23.874,2.2,16900.0,2.2,0.0,0.0,9.72,2026-09-18,0,Friday,False,False,True,9,FALL,RAIN,LIGHT
QUEENS,2026-09-18 01:00:00+00:00,23.524,0.0,15200.0,0.0,0.0,0.0,9.904906,2026-09-18,1,Friday,False,False,True,9,FALL,CLEAR,LIGHT
QUEENS,2026-09-18 02:00:00+00:00,23.774,0.0,16000.0,0.0,0.0,0.0,3.2399998,2026-09-18,2,Friday,False,False,True,9,FALL,CLEAR,LIGHT
QUEENS,2026-09-18 03:00:00+00:00,23.174002,0.0,12700.0,0.0,0.0,0.0,10.739833,2026-09-18,3,Friday,False,False,True,9,FALL,CLEAR,LIGHT
QUEENS,2026-09-18 04:00:00+00:00,23.174002,0.0,14800.0,0.0,0.0,0.0,9.726665,2026-09-18,4,Friday,False,False,True,9,FALL,CLEAR,LIGHT
QUEENS,2026-09-18 05:00:00+00:00,23.524,0.0,17800.0,0.0,0.0,0.0,8.311245,2026-09-18,5,Friday,False,False,True,9,FALL,CLEAR,LIGHT
QUEENS,2026-09-18 06:00:00+00:00,22.924002,0.0,17000.0,0.0,0.0,0.0,7.342588,2026-09-18,6,Friday,False,False,False,9,FALL,CLEAR,LIGHT
QUEENS,2026-09-18 07:00:00+00:00,22.974,0.0,15400.0,0.0,0.0,0.0,7.8954163,2026-09-18,7,Friday,False,True,False,9,FALL,CLEAR,LIGHT
QUEENS,2026-09-18 08:00:00+00:00,22.824001,0.0,15700.0,0.0,0.0,0.0,6.1305785,2026-09-18,8,Friday,False,True,False,9,FALL,CLEAR,LIGHT
QUEENS,2026-09-18 09:00:00+00:00,22.424002,0.0,14600.0,0.0,0.0,0.0,4.0249224,2026-09-18,9,Friday,False,True,False,9,FALL,CLEAR,LIGHT
QUEENS,2026-09-18 10:00:00+00:00,22.624,0.0,14700.0,0.0,0.0,0.0,5.8048253,2026-09-18,10,Friday,False,False,False,9,FALL,CLEAR,LIGHT
QUEENS,2026-09-18 11:00:00+00:00,22.474,0.0,15500.0,0.0,0.0,0.0,10.948973,2026-09-18,11,Friday,False,False,False,9,FALL,CLEAR,LIGHT
QUEENS,2026-09-18 12:00:00+00:00,23.224,0.0,18100.0,0.0,0.0,0.0,13.441071,2026-09-18,12,Friday,False,False,False,9,FALL,CLEAR,LIGHT
QUEENS,2026-09-18 13:00:00+00:00,23.524,0.0,20200.0,0.0,0.0,0.0,13.493999,2026-09-18,13,Friday,False,False,False,9,FALL,CLEAR,LIGHT
QUEENS,2026-09-18 14:00:00+00:00,23.424002,0.0,20300.0,0.0,0.0,0.0,9.255571,2026-09-18,14,Friday,False,False,False,9,FALL,CLEAR,LIGHT
QUEENS,2026-09-18 15:00:00+00:00,24.624,0.0,23500.0,0.0,0.0,0.0,15.034041,2026-09-18,15,Friday,False,False,False,9,FALL,CLEAR,LIGHT
QUEENS,2026-09-18 16:00:00+00:00,26.074001,0.0,29100.0,0.0,0.0,0.0,14.689589,2026-09-18,16,Friday,False,True,False,9,FALL,CLEAR,LIGHT
QUEENS,2026-09-18 17:00:00+00:00,27.224,0.0,36600.0,0.0,0.0,0.0,12.144331,2026-09-18,17,Friday,False,True,False,9,FALL,CLEAR,LIGHT
QUEENS,2026-09-18 18:00:00+00:00,27.624,0.0,39400.0,0.0,0.0,0.0,15.629971,2026-09-18,18,Friday,False,True,False,9,FALL,CLEAR,LIGHT
QUEENS,2026-09-18 19:00:00+00:00,27.774,0.0,42300.0,0.0,0.0,0.0,13.779114,2026-09-18,19,Friday,False,False,False,9,FALL,CLEAR,LIGHT
QUEENS,2026-09-18 20:00:00+00:00,28.224,0.0,45200.0,0.0,0.0,0.0,17.208603,2026-09-18,20,Friday,False,False,True,9,FALL,CLEAR,LIGHT
QUEENS,2026-09-18 21:00:00+00:00,27.874,0.0,42600.0,0.0,0.0,0.0,18.416384,2026-09-18,21,Friday,False,False,True,9,FALL,CLEAR,LIGHT
QUEENS,2026-09-18 22:00:00+00:00,26.674002,0.0,37500.0,0.0,0.0,0.0,13.698934,2026-09-18,22,Friday,False,False,True,9,FALL,CLEAR,LIGHT
QUEENS,2026-09-18 23:00:00+00:00,24.824001,0.0,39500.0,0.0,0.0,0.0,9.360001,2026-09-18,23,Friday,False,False,True,9,FALL,CLEAR,LIGHT
QUEENS,2026-09-19 00:00:00+00:00,23.774,0.0,35400.0,0.0,0.0,0.0,8.435069,2026-09-19,0,Saturday,True,False,True,9,FALL,CLEAR,LIGHT
QUEENS,2026-09-19 01:00:00+00:00,23.174002,0.0,33900.0,0.0,0.0,0.0,5.771239,2026-09-19,1,Saturday,True,False,True,9,FALL,CLEAR,LIGHT
QUEENS,2026-09-19 02:00:00+00:00,22.624,0.0,30300.0,0.0,0.0,0.0,11.165805,2026-09-19,2,Saturday,True,False,True,9,FALL,CLEAR,LIGHT
QUEENS,2026-09-19 03:00:00+00:00,22.324001,0.0,36700.0,0.0,0.0,0.0,10.805999,2026-09-19,3,Saturday,True,False,True,9,FALL,CLEAR,LIGHT
QUEENS,2026-09-19 04:00:00+00:00,21.724,0.0,38700.0,0.0,0.0,0.0,12.682018,2026-09-19,4,Saturday,True,False,True,9,FALL,CLEAR,LIGHT
QUEENS,2026-09-19 05:00:00+00:00,20.624,0.0,33400.0,0.0,0.0,0.0,14.264361,2026-09-19,5,Saturday,True,False,True,9,FALL,CLEAR,LIGHT
QUEENS,2026-09-19 06:00:00+00:00,20.074001,0.0,35500.0,0.0,0.0,0.0,11.165805,2026-09-19,6,Saturday,True,False,False,9,FALL,CLEAR,LIGHT
QUEENS,2026-09-19 07:00:00+00:00,19.824001,0.0,32500.0,0.0,0.0,0.0,9.72,2026-09-19,7,Saturday,True,True,False,9,FALL,CLEAR,LIGHT
QUEENS,2026-09-19 08:00:00+00:00,19.024,0.0,31400.0,0.0,0.0,0.0,13.70839,2026-09-19,8,Saturday,True,True,False,9,FALL,CLEAR,LIGHT
QUEENS,2026-09-19 09:00:00+00:00,18.024,0.0,29300.0,0.0,0.0,0.0,12.7279215,2026-09-19,9,Saturday,True,True,False,9,FALL,CLEAR,LIGHT
QUEENS,2026-09-19 10:00:00+00:00,17.574001,0.0,36400.0,0.0,0.0,0.0,12.43434,2026-09-19,10,Saturday,True,False,False,9,FALL,CLEAR,LIGHT
QUEENS,2026-09-19 11:00:00+00:00,17.924002,0.0,37700.0,0.0,0.0,0.0,15.042659,2026-09-19,11,Saturday,True,False,False,9,FALL,CLEAR,LIGHT
QUEENS,2026-09-19 12:00:00+00:00,17.574001,0.0,35500.0,0.0,0.0,0.0,13.979872,2026-09-19,12,Saturday,True,False,False,9,FALL,CLEAR,LIGHT
QUEENS,2026-09-19 13:00:00+00:00,18.424002,0.0,36600.0,0.0,0.0,0.0,15.807239,2026-09-19,13,Saturday,True,False,False,9,FALL,CLEAR,LIGHT
QUEENS,2026-09-19 14:00:00+00:00,19.224,0.0,36200.0,0.0,0.0,0.0,13.324863,2026-09-19,14,Saturday,True,False,False,9,FALL,CLEAR,LIGHT
QUEENS,2026-09-19 15:00:00+00:00,20.174002,0.0,30700.0,0.0,0.0,0.0,13.493999,2026-09-19,15,Saturday,True,False,False,9,FALL,CLEAR,LIGHT
QUEENS,2026-09-19 16:00:00+00:00,21.024,0.0,38200.0,0.0,0.0,0.0,7.5685663,2026-09-19,16,Saturday,True,True,False,9,FALL,CLEAR,LIGHT
QUEENS,2026-09-19 17:00:00+00:00,21.774,0.0,38900.0,0.0,0.0,0.0,3.9763298,2026-09-19,17,Saturday,True,True,False,9,FALL,CLEAR,LIGHT
QUEENS,2026-09-19 18:00:00+00:00,21.874,0.0,35800.0,0.0,0.0,0.0,7.10031,2026-09-19,18,Saturday,True,True,False,9,FALL,CLEAR,LIGHT
QUEENS,2026-09-19 19:00:00+00:00,21.474,0.0,31400.0,0.0,0.0,0.0,11.770403,2026-09-19,19,Saturday,True,False,False,9,FALL,CLEAR,LIGHT
QUEENS,2026-09-19 20:00:00+00:00,20.974,0.0,29600.0,0.0,0.0,0.0,13.237038,2026-09-19,20,Saturday,True,False,True,9,FALL,CLEAR,LIGHT
QUEENS,2026-09-19 21:00:00+00:00,20.124,0.0,27800.0,0.0,0.0,0.0,10.685391,2026-09-19,21,Saturday,True,False,True,9,FALL,CLEAR,LIGHT
QUEENS,2026-09-19 22:00:00+00:00,19.324001,0.0,32200.0,0.0,0.0,0.0,12.10157,2026-09-19,22,Saturday,True,False,True,9,FALL,CLEAR,LIGHT
QUEENS,2026-09-19 23:00:00+00:00,18.124,0.0,26900.0,0.0,0.0,0.0,9.339208,2026-09-19,23,Saturday,True,False,True,9,FALL,CLEAR,LIGHT
QUEENS,2026-09-20 00:00:00+00:00,17.974,0.0,25400.0,0.0,0.0,0.0,10.823973,2026-09-20,0,Sunday,True,False,True,9,FALL,CLEAR,LIGHT
QUEENS,2026-09-20 01:00:00+00:00,18.074001,0.0,24600.0,0.0,0.0,0.0,12.224107,2026-09-20,1,Sunday,True,False,True,9,FALL,CLEAR,LIGHT
QUEENS,2026-09-20 02:00:00+00:00,17.774,0.0,24000.0,0.0,0.0,0.0,9.178235,2026-09-20,2,Sunday,True,False,True,9,FALL,CLEAR,LIGHT
QUEENS,2026-09-20 03:00:00+00:00,17.374,0.0,24200.0,0.0,0.0,0.0,7.5685663,2026-09-20,3,Sunday,True,False,True,9,FALL,CLEAR,LIGHT
QUEENS,2026-09-20 04:00:00+00:00,18.024,0.0,23300.0,0.0,0.0,0.0,7.24486,2026-09-20,4,Sunday,True,False,True,9,FALL,CLEAR,LIGHT
QUEENS,2026-09-20 05:00:00+00:00,18.224,0.0,28700.0,0.0,0.0,0.0,8.669949,2026-09-20,5,Sunday,True,False,True,9,FALL,CLEAR,LIGHT
QUEENS,2026-09-20 06:00:00+00:00,18.274,0.0,30900.0,0.0,0.0,0.0,6.489992,2026-09-20,6,Sunday,True,False,False,9,FALL,CLEAR,LIGHT
QUEENS,2026-09-20 07:00:00+00:00,17.574001,0.0,25500.0,0.0,0.0,0.0,9.0,2026-09-20,7,Sunday,True,True,False,9,FALL,CLEAR,LIGHT
QUEENS,2026-09-20 08:00:00+00:00,17.724,0.0,24700.0,0.0,0.0,0.0,7.928178,2026-09-20,8,Sunday,True,True,False,9,FALL,CLEAR,LIGHT
QUEENS,2026-09-20 09:00:00+00:00,17.674002,0.0,23000.0,0.0,0.0,0.0,6.87779,2026-09-20,9,Sunday,True,True,False,9,FALL,CLEAR,LIGHT
QUEENS,2026-09-20 10:00:00+00:00,18.024,0.0,21100.0,0.0,0.0,0.0,7.42159,2026-09-20,10,Sunday,True,False,False,9,FALL,CLEAR,LIGHT
QUEENS,2026-09-20 11:00:00+00:00,18.124,0.0,19500.0,0.0,0.0,0.0,8.350138,2026-09-20,11,Sunday,True,False,False,9,FALL,CLEAR,LIGHT
QUEENS,2026-09-20 12:00:00+00:00,18.424002,0.4,18700.0,0.4,0.0,0.0,4.0249224,2026-09-20,12,Sunday,True,False,False,9,FALL,RAIN,LIGHT
QUEENS,2026-09-20 13:00:00+00:00,17.824001,0.4,14500.0,0.4,0.0,0.0,5.2416787,2026-09-20,13,Sunday,True,False,False,9,FALL,RAIN,LIGHT
QUEENS,2026-09-20 14:00:00+00:00,18.424002,0.0,16200.0,0.0,0.0,0.0,10.97262,2026-09-20,14,Sunday,True,False,False,9,FALL,CLEAR,LIGHT
QUEENS,2026-09-20 15:00:00+00:00,19.024,0.0,15700.0,0.0,0.0,0.0,13.896187,2026-09-20,15,Sunday,True,False,False,9,FALL,CLEAR,LIGHT
QUEENS,2026-09-20 16:00:00+00:00,19.374,0.4,14800.0,0.4,0.0,0.0,14.186923,2026-09-20,16,Sunday,True,True,False,9,FALL,RAIN,LIGHT
QUEENS,2026-09-20 17:00:00+00:00,19.274,1.8,15400.0,1.8,0.0,0.0,12.819235,2026-09-20,17,Sunday,True,True,False,9,FALL,RAIN,LIGHT
QUEENS,2026-09-20 18:00:00+00:00,19.724,0.4,17000.0,0.4,0.0,0.0,14.05845,2026-09-20,18,Sunday,True,True,False,9,FALL,RAIN,LIGHT
QUEENS,2026-09-20 19:00:00+00:00,19.524,0.4,15700.0,0.4,0.0,0.0,13.397612,2026-09-20,19,Sunday,True,False,False,9,FALL,RAIN,LIGHT
QUEENS,2026-09-20 20:00:00+00:00,20.074001,0.4,15900.0,0.4,0.0,0.0,11.269782,2026-09-20,20,Sunday,True,False,True,9,FALL,RAIN,LIGHT
QUEENS,2026-09-20 21:00:00+00:00,20.074001,0.0,13400.0,0.0,0.0,0.0,11.269782,2026-09-20,21,Sunday,True,False,True,9,FALL,CLEAR,LIGHT
QUEENS,2026-09-20 22:00:00+00:00,20.674002,0.4,14200.0,0.4,0.0,0.0,5.8048253,2026-09-20,22,Sunday,True,False,True,9,FALL,RAIN,LIGHT
QUEENS,2026-09-20 23:00:00+00:00,20.724,0.0,13100.0,0.0,0.0,0.0,4.072935,2026-09-20,23,Sunday,True,False,True,9,FALL,CLEAR,LIGHT
QUEENS,2026-09-21 00:00:00+00:00,21.174002,0.0,13600.0,0.0,0.0,0.0,3.319036,2026-09-21,0,Monday,False,False,True,9,FALL,CLEAR,LIGHT
QUEENS,2026-09-21 01:00:00+00:00,21.124,0.0,14500.0,0.0,0.0,0.0,0.71999997,2026-09-21,1,Monday,False,False,True,9,FALL,CLEAR,LIGHT
QUEENS,2026-09-21 02:00:00+00:00,20.524,0.0,13100.0,0.0,0.0,0.0,5.634891,2026-09-21,2,Monday,False,False,True,9,FALL,CLEAR,LIGHT
QUEENS,2026-09-21 03:00:00+00:00,20.274,1.1,9600.0,1.1,0.0,0.0,5.3517847,2026-09-21,3,Monday,False,False,True,9,FALL,RAIN,LIGHT
QUEENS,2026-09-21 04:00:00+00:00,20.024,0.4,13400.0,0.4,0.0,0.0,8.654986,2026-09-21,4,Monday,False,False,True,9,FALL,RAIN,LIGHT
QUEENS,2026-09-21 05:00:00+00:00,19.424002,0.0,14200.0,0.0,0.0,0.0,10.365251,2026-09-21,5,Monday,False,False,True,9,FALL,CLEAR,LIGHT
QUEENS,2026-09-21 06:00:00+00:00,18.874,0.0,13500.0,0.0,0.0,0.0,17.462782,2026-09-21,6,Monday,False,False,False,9,FALL,CLEAR,LIGHT
QUEENS,2026-09-21 07:00:00+00:00,18.324001,0.0,14700.0,0.0,0.0,0.0,14.494192,2026-09-21,7,Monday,False,True,False,9,FALL,CLEAR,LIGHT
QUEENS,2026-09-21 08:00:00+00:00,17.874,0.0,15100.0,0.0,0.0,0.0,17.731598,2026-09-21,8,Monday,False,True,False,9,FALL,CLEAR,LIGHT
QUEENS,2026-09-21 09:00:00+00:00,17.424002,0.0,15200.0,0.0,0.0,0.0,16.299694,2026-09-21,9,Monday,False,True,False,9,FALL,CLEAR,LIGHT
QUEENS,2026-09-21 10:00:00+00:00,16.974,0.0,15100.0,0.0,0.0,0.0,14.081478,2026-09-21,10,Monday,False,False,False,9,FALL,CLEAR,LIGHT
QUEENS,2026-09-21 11:00:00+00:00,16.774,0.0,15600.0,0.0,0.0,0.0,12.371645,2026-09-21,11,Monday,False,False,False,9,FALL,CLEAR,LIGHT
QUEENS,2026-09-21 12:00:00+00:00,16.424002,0.0,16200.0,0.0,0.0,0.0,15.5843,2026-09-21,12,Monday,False,False,False,9,FALL,CLEAR,LIGHT
QUEENS,2026-09-21 13:00:00+00:00,16.774,0.0,19200.0,0.0,0.0,0.0,16.87398,2026-09-21,13,Monday,False,False,False,9,FALL,CLEAR,LIGHT
QUEENS,2026-09-21 14:00:00+00:00,17.274,0.0,21200.0,0.0,0.0,0.0,18.58451,2026-09-21,14,Monday,False,False,False,9,FALL,CLEAR,LIGHT
QUEENS,2026-09-21 15:00:00+00:00,18.174002,0.0,22500.0,0.0,0.0,0.0,17.068707,2026-09-21,15,Monday,False,False,False,9,FALL,CLEAR,LIGHT
QUEENS,2026-09-21 16:00:00+00:00,19.874,0.0,25800.0,0.0,0.0,0.0,15.596767,2026-09-21,16,Monday,False,True,False,9,FALL,CLEAR,LIGHT
QUEENS,2026-09-21 17:00:00+00:00,20.524,0.0,28900.0,0.0,0.0,0.0,17.068707,2026-09-21,17,Monday,False,True,False,9,FALL,CLEAR,LIGHT
QUEENS,2026-09-21 18:00:00+00:00,21.424002,0.0,30500.0,0.0,0.0,0.0,15.03835,2026-09-21,18,Monday,False,True,False,9,FALL,CLEAR,LIGHT
QUEENS,2026-09-21 19:00:00+00:00,22.174002,0.0,35600.0,0.0,0.0,0.0,16.075521,2026-09-21,19,Monday,False,False,False,9,FALL,CLEAR,LIGHT
QUEENS,2026-09-21 20:00:00+00:00,22.024,0.0,38400.0,0.0,0.0,0.0,15.696165,2026-09-21,20,Monday,False,False,True,9,FALL,CLEAR,LIGHT
QUEENS,2026-09-21 21:00:00+00:00,21.124,0.0,30100.0,0.0,0.0,0.0,11.885453,2026-09-21,21,Monday,False,False,True,9,FALL,CLEAR,LIGHT
QUEENS,2026-09-21 22:00:00+00:00,20.224,0.0,30100.0,0.0,0.0,0.0,11.681987,2026-09-21,22,Monday,False,False,True,9,FALL,CLEAR,LIGHT
QUEENS,2026-09-21 23:00:00+00:00,19.174002,0.0,32000.0,0.0,0.0,0.0,5.634891,2026-09-21,23,Monday,False,False,True,9,FALL,CLEAR,LIGHT
QUEENS,2026-09-22 00:00:00+00:00,18.924002,0.0,32000.0,0.0,0.0,0.0,6.830519,2026-09-22,0,Tuesday,False,False,True,9,FALL,CLEAR,LIGHT
QUEENS,2026-09-22 01:00:00+00:00,18.174002,0.0,26800.0,0.0,0.0,0.0,8.854829,2026-09-22,1,Tuesday,False,False,True,9,FALL,CLEAR,LIGHT
QUEENS,2026-09-22 02:00:00+00:00,18.124,0.0,22300.0,0.0,0.0,0.0,5.8048253,2026-09-22,2,Tuesday,False,False,True,9,FALL,CLEAR,LIGHT
QUEENS,2026-09-22 03:00:00+00:00,17.474,0.0,21700.0,0.0,0.0,0.0,9.021574,2026-09-22,3,Tuesday,False,False,True,9,FALL,CLEAR,LIGHT
QUEENS,2026-09-22 04:00:00+00:00,16.774,0.0,26100.0,0.0,0.0,0.0,10.495713,2026-09-22,4,Tuesday,False,False,True,9,FALL,CLEAR,LIGHT
QUEENS,2026-09-22 05:00:00+00:00,15.824,0.0,23700.0,0.0,0.0,0.0,11.4862,2026-09-22,5,Tuesday,False,False,True,9,FALL,CLEAR,LIGHT
QUEENS,2026-09-22 06:00:00+00:00,16.074001,0.0,22400.0,0.0,0.0,0.0,9.0,2026-09-22,6,Tuesday,False,False,False,9,FALL,CLEAR,LIGHT
QUEENS,2026-09-22 07:00:00+00:00,15.524,0.0,19900.0,0.0,0.0,0.0,11.570515,2026-09-22,7,Tuesday,False,True,False,9,FALL,CLEAR,LIGHT
QUEENS,2026-09-22 08:00:00+00:00,15.074,0.0,18300.0,0.0,0.0,0.0,10.308831,2026-09-22,8,Tuesday,False,True,False,9,FALL,CLEAR,LIGHT
QUEENS,2026-09-22 09:00:00+00:00,14.474,0.0,18900.0,0.0,0.0,0.0,13.207634,2026-09-22,9,Tuesday,False,True,False,9,FALL,CLEAR,LIGHT
QUEENS,2026-09-22 10:00:00+00:00,14.774,0.0,17900.0,0.0,0.0,0.0,12.0694,2026-09-22,10,Tuesday,False,False,False,9,FALL,CLEAR,LIGHT
QUEENS,2026-09-22 11:00:00+00:00,14.974,0.0,19300.0,0.0,0.0,0.0,11.119281,2026-09-22,11,Tuesday,False,False,False,9,FALL,CLEAR,LIGHT
QUEENS,2026-09-22 12:00:00+00:00,15.074,0.0,18800.0,0.0,0.0,0.0,15.042659,2026-09-22,12,Tuesday,False,False,False,9,FALL,CLEAR,LIGHT
QUEENS,2026-09-22 13:00:00+00:00,15.524,0.0,18400.0,0.0,0.0,0.0,12.682018,2026-09-22,13,Tuesday,False,False,False,9,FALL,CLEAR,LIGHT
QUEENS,2026-09-22 14:00:00+00:00,16.174002,0.0,22100.0,0.0,0.0,0.0,20.00512,2026-09-22,14,Tuesday,False,False,False,9,FALL,CLEAR,LIGHT
QUEENS,2026-09-22 15:00:00+00:00,16.774,0.0,21700.0,0.0,0.0,0.0,16.704155,2026-09-22,15,Tuesday,False,False,False,9,FALL,CLEAR,LIGHT
QUEENS,2026-09-22 16:00:00+00:00,17.874,0.0,22700.0,0.0,0.0,0.0,17.84816,2026-09-22,16,Tuesday,False,True,False,9,FALL,CLEAR,LIGHT
QUEENS,2026-09-22 17:00:00+00:00,18.324001,0.0,26300.0,0.0,0.0,0.0,18.335276,2026-09-22,17,Tuesday,False,True,False,9,FALL,CLEAR,LIGHT
QUEENS,2026-09-22 18:00:00+00:00,19.574001,0.0,30900.0,0.0,0.0,0.0,19.61587,2026-09-22,18,Tuesday,False,True,False,9,FALL,CLEAR,LIGHT
QUEENS,2026-09-22 19:00:00+00:00,19.424002,0.0,28600.0,0.0,0.0,0.0,21.437386,2026-09-22,19,Tuesday,False,False,False,9,FALL,CLEAR,LIGHT
QUEENS,2026-09-22 20:00:00+00:00,19.824001,0.0,29500.0,0.0,0.0,0.0,18.075441,2026-09-22,20,Tuesday,False,False,True,9,FALL,CLEAR,LIGHT
QUEENS,2026-09-22 21:00:00+00:00,19.224,0.0,31000.0,0.0,0.0,0.0,17.654688,2026-09-22,21,Tuesday,False,False,True,9,FALL,CLEAR,LIGHT
QUEENS,2026-09-22 22:00:00+00:00,18.324001,0.0,29700.0,0.0,0.0,0.0,16.676977,2026-09-22,22,Tuesday,False,False,True,9,FALL,CLEAR,LIGHT
QUEENS,2026-09-22 23:00:00+00:00,17.674002,0.0,33700.0,0.0,0.0,0.0,14.081477,2026-09-22,23,Tuesday,False,False,True,9,FALL,CLEAR,LIGHT
QUEENS,2026-09-23 00:00:00+00:00,17.124,0.0,40100.0,0.0,0.0,0.0,14.20062,2026-09-23,0,Wednesday,False,False,True,9,FALL,CLEAR,LIGHT
QUEENS,2026-09-23 01:00:00+00:00,17.074001,0.0,38600.0,0.0,0.0,0.0,12.475961,2026-09-23,1,Wednesday,False,False,True,9,FALL,CLEAR,LIGHT
QUEENS,2026-09-23 02:00:00+00:00,16.524,0.0,30900.0,0.0,0.0,0.0,16.992609,2026-09-23,2,Wednesday,False,False,True,9,FALL,CLEAR,LIGHT
QUEENS,2026-09-23 03:00:00+00:00,16.024,0.0,31500.0,0.0,0.0,0.0,13.746156,2026-09-23,3,Wednesday,False,False,True,9,FALL,CLEAR,LIGHT
QUEENS,2026-09-23 04:00:00+00:00,14.874,0.0,31700.0,0.0,0.0,0.0,16.704155,2026-09-23,4,Wednesday,False,False,True,9,FALL,CLEAR,LIGHT
QUEENS,2026-09-23 05:00:00+00:00,13.574,0.0,30900.0,0.0,0.0,0.0,11.298495,2026-09-23,5,Wednesday,False,False,True,9,FALL,CLEAR,LIGHT
QUEENS,2026-09-23 06:00:00+00:00,13.424,0.0,24800.0,0.0,0.0,0.0,15.256526,2026-09-23,6,Wednesday,False,False,False,9,FALL,CLEAR,LIGHT
QUEENS,2026-09-23 07:00:00+00:00,13.524,0.0,23500.0,0.0,0.0,0.0,14.386494,2026-09-23,7,Wednesday,False,True,False,9,FALL,CLEAR,LIGHT
QUEENS,2026-09-23 08:00:00+00:00,13.424,0.0,23500.0,0.0,0.0,0.0,14.578888,2026-09-23,8,Wednesday,False,True,False,9,FALL,CLEAR,LIGHT
QUEENS,2026-09-23 09:00:00+00:00,13.024,0.0,21500.0,0.0,0.0,0.0,14.182355,2026-09-23,9,Wednesday,False,True,False,9,FALL,CLEAR,LIGHT
QUEENS,2026-09-23 10:00:00+00:00,13.274,0.0,21800.0,0.0,0.0,0.0,17.58481,2026-09-23,10,Wednesday,False,False,False,9,FALL,CLEAR,LIGHT
QUEENS,2026-09-23 11:00:00+00:00,12.874,0.0,21200.0,0.0,0.0,0.0,18.709612,2026-09-23,11,Wednesday,False,False,False,9,FALL,CLEAR,LIGHT
QUEENS,2026-09-23 12:00:00+00:00,13.974,0.0,20300.0,0.0,0.0,0.0,23.507753,2026-09-23,12,Wednesday,False,False,False,9,FALL,CLEAR,LIGHT
QUEENS,2026-09-23 13:00:00+00:00,15.624,0.0,23000.0,0.0,0.0,0.0,20.972897,2026-09-23,13,Wednesday,False,False,False,9,FALL,CLEAR,LIGHT
QUEENS,2026-09-23 14:00:00+00:00,16.574001,0.0,25000.0,0.0,0.0,0.0,23.977188,2026-09-23,14,Wednesday,False,False,False,9,FALL,CLEAR,LIGHT
QUEENS,2026-09-23 15:00:00+00:00,17.924002,0.0,26800.0,0.0,0.0,0.0,24.216522,2026-09-23,15,Wednesday,False,False,False,9,FALL,CLEAR,LIGHT
QUEENS,2026-09-23 16:00:00+00:00,19.224,0.0,33600.0,0.0,0.0,0.0,25.264202,2026-09-23,16,Wednesday,False,True,False,9,FALL,CLEAR,LIGHT
QUEENS,2026-09-23 17:00:00+00:00,19.624,0.0,31300.0,0.0,0.0,0.0,25.812277,2026-09-23,17,Wednesday,False,True,False,9,FALL,CLEAR,LIGHT
QUEENS,2026-09-23 18:00:00+00:00,20.424002,0.0,36500.0,0.0,0.0,0.0,26.785547,2026-09-23,18,Wednesday,False,True,False,9,FALL,CLEAR,LIGHT
QUEENS,2026-09-23 19:00:00+00:00,20.674002,0.0,40300.0,0.0,0.0,0.0,24.567198,2026-09-23,19,Wednesday,False,False,False,9,FALL,CLEAR,LIGHT
QUEENS,2026-09-23 20:00:00+00:00,20.774,0.0,43200.0,0.0,0.0,0.0,24.522314,2026-09-23,20,Wednesday,False,False,True,9,FALL,CLEAR,LIGHT
QUEENS,2026-09-23 21:00:00+00:00,20.124,0.0,48500.0,0.0,0.0,0.0,22.91026,2026-09-23,21,Wednesday,False,False,True,9,FALL,CLEAR,LIGHT
QUEENS,2026-09-23 22:00:00+00:00,19.124,0.0,45300.0,0.0,0.0,0.0,19.914215,2026-09-23,22,Wednesday,False,False,True,9,FALL,CLEAR,LIGHT
QUEENS,2026-09-23 23:00:00+00:00,17.574001,0.0,42000.0,0.0,0.0,0.0,14.512064,2026-09-23,23,Wednesday,False,False,True,9,FALL,CLEAR,LIGHT
QUEENS,2026-09-24 00:00:00+00:00,16.624,0.0,38200.0,0.0,0.0,0.0,16.595179,2026-09-24,0,Thursday,False,False,True,9,FALL,CLEAR,LIGHT
QUEENS,2026-09-24 01:00:00+00:00,15.674,0.0,38800.0,0.0,0.0,0.0,16.870138,2026-09-24,1,Thursday,False,False,True,9,FALL,CLEAR,LIGHT
QUEENS,2026-09-24 02:00:00+00:00,14.774,0.0,34300.0,0.0,0.0,0.0,16.434305,2026-09-24,2,Thursday,False,False,True,9,FALL,CLEAR,LIGHT
QUEENS,2026-09-24 03:00:00+00:00,14.374,0.0,38600.0,0.0,0.0,0.0,18.043148,2026-09-24,3,Thursday,False,False,True,9,FALL,CLEAR,LIGHT
QUEENS,2026-09-24 04:00:00+00:00,13.174,0.0,30800.0,0.0,0.0,0.0,13.217443,2026-09-24,4,Thursday,False,False,True,9,FALL,CLEAR,LIGHT
QUEENS,2026-09-24 05:00:00+00:00,12.774,0.0,27300.0,0.0,0.0,0.0,12.24,2026-09-24,5,Thursday,False,False,True,9,FALL,CLEAR,LIGHT
QUEENS,2026-09-24 06:00:00+00:00,12.324,0.0,21800.0,0.0,0.0,0.0,11.113451,2026-09-24,6,Thursday,False,False,False,9,FALL,CLEAR,LIGHT
QUEENS,2026-09-24 07:00:00+00:00,12.924,0.0,21100.0,0.0,0.0,0.0,8.311245,2026-09-24,7,Thursday,False,True,False,9,FALL,CLEAR,LIGHT
QUEENS,2026-09-24 08:00:00+00:00,13.024,0.0,21500.0,0.0,0.0,0.0,10.315115,2026-09-24,8,Thursday,False,True,False,9,FALL,CLEAR,LIGHT
QUEENS,2026-09-24 09:00:00+00:00,13.024,0.0,20200.0,0.0,0.0,0.0,11.013882,2026-09-24,9,Thursday,False,True,False,9,FALL,CLEAR,LIGHT
QUEENS,2026-09-24 10:00:00+00:00,12.424,0.0,18800.0,0.0,0.0,0.0,13.905509,2026-09-24,10,Thursday,False,False,False,9,FALL,CLEAR,LIGHT
QUEENS,2026-09-24 11:00:00+00:00,12.674,0.0,18900.0,0.0,0.0,0.0,15.509274,2026-09-24,11,Thursday,False,False,False,9,FALL,CLEAR,LIGHT
QUEENS,2026-09-24 12:00:00+00:00,13.224,0.0,20400.0,0.0,0.0,0.0,15.7908325,2026-09-24,12,Thursday,False,False,False,9,FALL,CLEAR,LIGHT
QUEENS,2026-09-24 13:00:00+00:00,13.374,0.0,20200.0,0.0,0.0,0.0,19.161337,2026-09-24,13,Thursday,False,False,False,9,FALL,CLEAR,LIGHT
QUEENS,2026-09-24 14:00:00+00:00,14.074,0.0,20700.0,0.0,0.0,0.0,22.862123,2026-09-24,14,Thursday,False,False,False,9,FALL,CLEAR,LIGHT
QUEENS,2026-09-24 15:00:00+00:00,15.524,0.0,24100.0,0.0,0.0,0.0,22.782625,2026-09-24,15,Thursday,False,False,False,9,FALL,CLEAR,LIGHT
QUEENS,2026-09-24 16:00:00+00:00,16.924002,0.0,26700.0,0.0,0.0,0.0,20.380579,2026-09-24,16,Thursday,False,True,False,9,FALL,CLEAR,LIGHT
QUEENS,2026-09-24 17:00:00+00:00,17.374,0.0,28400.0,0.0,0.0,0.0,21.897945,2026-09-24,17,Thursday,False,True,False,9,FALL,CLEAR,LIGHT
QUEENS,2026-09-24 18:00:00+00:00,18.474,0.0,32600.0,0.0,0.0,0.0,20.799152,2026-09-24,18,Thursday,False,True,False,9,FALL,CLEAR,LIGHT
QUEENS,2026-09-24 19:00:00+00:00,19.124,0.0,33300.0,0.0,0.0,0.0,16.854767,2026-09-24,19,Thursday,False,False,False,9,FALL,CLEAR,LIGHT
QUEENS,2026-09-24 20:00:00+00:00,19.524,0.0,43000.0,0.0,0.0,0.0,19.33639,2026-09-24,20,Thursday,False,False,True,9,FALL,CLEAR,LIGHT
QUEENS,2026-09-24 21:00:00+00:00,19.074001,0.0,42900.0,0.0,0.0,0.0,19.483284,2026-09-24,21,Thursday,False,False,True,9,FALL,CLEAR,LIGHT
QUEENS,2026-09-24 22:00:00+00:00,18.174002,0.0,44100.0,0.0,0.0,0.0,15.281989,2026-09-24,22,Thursday,False,False,True,9,FALL,CLEAR,LIGHT
QUEENS,2026-09-24 23:00:00+00:00,17.224,0.0,41400.0,0.0,0.0,0.0,12.324414,2026-09-24,23,Thursday,False,False,True,9,FALL,CLEAR,LIGHT
QUEENS,2026-09-25 00:00:00+00:00,16.924002,0.0,42200.0,0.0,0.0,0.0,18.844202,2026-09-25,0,Friday,False,False,True,9,FALL,CLEAR,LIGHT
QUEENS,2026-09-25 01:00:00+00:00,16.274,0.0,37700.0,0.0,0.0,0.0,14.264361,2026-09-25,1,Friday,False,False,True,9,FALL,CLEAR,LIGHT
QUEENS,2026-09-25 02:00:00+00:00,15.074,0.0,40000.0,0.0,0.0,0.0,11.503113,2026-09-25,2,Friday,False,False,True,9,FALL,CLEAR,LIGHT
QUEENS,2026-09-25 03:00:00+00:00,14.924,0.0,48700.0,0.0,0.0,0.0,16.923828,2026-09-25,3,Friday,False,False,True,9,FALL,CLEAR,LIGHT
QUEENS,2026-09-25 04:00:00+00:00,14.074,0.0,47500.0,0.0,0.0,0.0,20.082708,2026-09-25,4,Friday,False,False,True,9,FALL,CLEAR,LIGHT
QUEENS,2026-09-25 05:00:00+00:00,13.424,0.0,39400.0,0.0,0.0,0.0,19.137648,2026-09-25,5,Friday,False,False,True,9,FALL,CLEAR,LIGHT
QUEENS,2026-09-25 06:00:00+00:00,13.724,0.0,38500.0,0.0,0.0,0.0,27.288855,2026-09-25,6,Friday,False,False,False,9,FALL,CLEAR,LIGHT
QUEENS,2026-09-25 07:00:00+00:00,13.024,0.0,32100.0,0.0,0.0,0.0,19.008547,2026-09-25,7,Friday,False,True,False,9,FALL,CLEAR,LIGHT
QUEENS,2026-09-25 08:00:00+00:00,13.274,0.0,35400.0,0.0,0.0,0.0,18.161278,2026-09-25,8,Friday,False,True,False,9,FALL,CLEAR,LIGHT
QUEENS,2026-09-25 09:00:00+00:00,13.524,0.0,31300.0,0.0,0.0,0.0,17.727943,2026-09-25,9,Friday,False,True,False,9,FALL,CLEAR,LIGHT
QUEENS,2026-09-25 10:00:00+00:00,12.974,0.0,31500.0,0.0,0.0,0.0,20.774214,2026-09-25,10,Friday,False,False,False,9,FALL,CLEAR,LIGHT
QUEENS,2026-09-25 11:00:00+00:00,13.274,0.0,29100.0,0.0,0.0,0.0,12.661564,2026-09-25,11,Friday,False,False,False,9,FALL,CLEAR,LIGHT
QUEENS,2026-09-25 12:00:00+00:00,13.974,0.0,29300.0,0.0,0.0,0.0,19.852295,2026-09-25,12,Friday,False,False,False,9,FALL,CLEAR,LIGHT
QUEENS,2026-09-25 13:00:00+00:00,15.324,0.0,34600.0,0.0,0.0,0.0,23.400002,2026-09-25,13,Friday,False,False,False,9,FALL,CLEAR,LIGHT
QUEENS,2026-09-25 14:00:00+00:00,16.474,0.0,37300.0,0.0,0.0,0.0,26.932714,2026-09-25,14,Friday,False,False,False,9,FALL,CLEAR,LIGHT
QUEENS,2026-09-25 15:00:00+00:00,17.874,0.0,42000.0,0.0,0.0,0.0,26.6327,2026-09-25,15,Friday,False,False,False,9,FALL,CLEAR,LIGHT
QUEENS,2026-09-25 16:00:00+00:00,18.224,0.0,41300.0,0.0,0.0,0.0,26.368616,2026-09-25,16,Friday,False,True,False,9,FALL,CLEAR,LIGHT
QUEENS,2026-09-25 17:00:00+00:00,20.074001,0.0,47100.0,0.0,0.0,0.0,28.817993,2026-09-25,17,Friday,False,True,False,9,FALL,CLEAR,LIGHT
QUEENS,2026-09-25 18:00:00+00:00,20.274,0.0,42800.0,0.0,0.0,0.0,27.36947,2026-09-25,18,Friday,False,True,False,9,FALL,CLEAR,LIGHT
QUEENS,2026-09-25 19:00:00+00:00,20.724,0.0,39100.0,0.0,0.0,0.0,26.987997,2026-09-25,19,Friday,False,False,False,9,FALL,CLEAR,LIGHT
QUEENS,2026-09-25 20:00:00+00:00,20.774,0.0,46800.0,0.0,0.0,0.0,24.905132,2026-09-25,20,Friday,False,False,True,9,FALL,CLEAR,LIGHT
QUEENS,2026-09-25 21:00:00+00:00,20.474,0.0,43000.0,0.0,0.0,0.0,27.74103,2026-09-25,21,Friday,False,False,True,9,FALL,CLEAR,LIGHT
QUEENS,2026-09-25 22:00:00+00:00,19.974,0.0,46200.0,0.0,0.0,0.0,25.325686,2026-09-25,22,Friday,False,False,True,9,FALL,CLEAR,LIGHT
QUEENS,2026-09-25 23:00:00+00:00,19.924002,0.0,53300.0,0.0,0.0,0.0,24.482647,2026-09-25,23,Friday,False,False,True,9,FALL,CLEAR,LIGHT
QUEENS,2026-09-26 00:00:00+00:00,19.824001,0.0,54400.0,0.0,0.0,0.0,26.019806,2026-09-26,0,Saturday,True,False,True,9,FALL,CLEAR,LIGHT
QUEENS,2026-09-26 01:00:00+00:00,18.274,0.0,50200.0,0.0,0.0,0.0,27.56058,2026-09-26,1,Saturday,True,False,True,9,FALL,CLEAR,LIGHT
QUEENS,2026-09-26 02:00:00+00:00,16.124,0.4,25500.0,0.4,0.0,0.0,31.487143,2026-09-26,2,Saturday,True,False,True,9,FALL,RAIN,LIGHT
QUEENS,2026-09-26 03:00:00+00:00,13.324,2.2,20000.0,2.2,0.0,0.0,23.828083,2026-09-26,3,Saturday,True,False,True,9,FALL,RAIN,LIGHT
QUEENS,2026-09-26 04:00:00+00:00,14.124,0.0,27900.0,0.0,0.0,0.0,25.6233,2026-09-26,4,Saturday,True,False,True,9,FALL,CLEAR,LIGHT
QUEENS,2026-09-26 05:00:00+00:00,14.474,0.0,28200.0,0.0,0.0,0.0,22.751316,2026-09-26,5,Saturday,True,False,True,9,FALL,CLEAR,LIGHT
QUEENS,2026-09-26 06:00:00+00:00,14.374,0.0,27300.0,0.0,0.0,0.0,19.110542,2026-09-26,6,Saturday,True,False,False,9,FALL,CLEAR,LIGHT
QUEENS,2026-09-26 07:00:00+00:00,14.074,1.8,9900.0,1.8,0.0,0.0,29.427662,2026-09-26,7,Saturday,True,True,False,9,FALL,RAIN,LIGHT
QUEENS,2026-09-26 08:00:00+00:00,13.574,2.5,16600.0,2.5,0.0,0.0,27.74103,2026-09-26,8,Saturday,True,True,False,9,FALL,RAIN,LIGHT
QUEENS,2026-09-26 09:00:00+00:00,13.574,0.0,19800.0,0.0,0.0,0.0,28.981676,2026-09-26,9,Saturday,True,True,False,9,FALL,CLEAR,LIGHT
QUEENS,2026-09-26 10:00:00+00:00,13.074,1.8,16600.0,1.8,0.0,0.0,31.394394,2026-09-26,10,Saturday,True,False,False,9,FALL,RAIN,LIGHT
QUEENS,2026-09-26 11:00:00+00:00,12.924,0.4,14500.0,0.4,0.0,0.0,33.847656,2026-09-26,11,Saturday,True,False,False,9,FALL,RAIN,LIGHT
QUEENS,2026-09-26 12:00:00+00:00,12.824,0.7,14900.0,0.7,0.0,0.0,33.528355,2026-09-26,12,Saturday,True,False,False,9,FALL,RAIN,LIGHT
QUEENS,2026-09-26 13:00:00+00:00,13.274,0.0,17300.0,0.0,0.0,0.0,29.179993,2026-09-26,13,Saturday,True,False,False,9,FALL,CLEAR,LIGHT
QUEENS,2026-09-26 14:00:00+00:00,13.374,0.0,18200.0,0.0,0.0,0.0,25.651104,2026-09-26,14,Saturday,True,False,False,9,FALL,CLEAR,LIGHT
QUEENS,2026-09-26 15:00:00+00:00,13.124,9.7,13500.0,9.7,0.0,0.0,26.758923,2026-09-26,15,Saturday,True,False,False,9,FALL,RAIN,MODERATE
QUEENS,2026-09-26 16:00:00+00:00,14.124,0.0,15500.0,0.0,0.0,0.0,22.782625,2026-09-26,16,Saturday,True,True,False,9,FALL,CLEAR,LIGHT
QUEENS,2026-09-26 17:00:00+00:00,15.324,0.0,16900.0,0.0,0.0,0.0,28.1169,2026-09-26,17,Saturday,True,True,False,9,FALL,CLEAR,LIGHT
QUEENS,2026-09-26 18:00:00+00:00,15.374,0.0,19800.0,0.0,0.0,0.0,29.381382,2026-09-26,18,Saturday,True,True,False,9,FALL,CLEAR,LIGHT
QUEENS,2026-09-26 19:00:00+00:00,15.824,0.0,18500.0,0.0,0.0,0.0,29.784426,2026-09-26,19,Saturday,True,False,False,9,FALL,CLEAR,LIGHT
QUEENS,2026-09-26 20:00:00+00:00,14.974,0.0,20300.0,0.0,0.0,0.0,28.266306,2026-09-26,20,Saturday,True,False,True,9,FALL,CLEAR,LIGHT
QUEENS,2026-09-26 21:00:00+00:00,14.624,0.0,17900.0,0.0,0.0,0.0,31.06239,2026-09-26,21,Saturday,True,False,True,9,FALL,CLEAR,LIGHT
QUEENS,2026-09-26 22:00:00+00:00,14.524,0.0,17400.0,0.0,0.0,0.0,28.082308,2026-09-26,22,Saturday,True,False,True,9,FALL,CLEAR,LIGHT
QUEENS,2026-09-26 23:00:00+00:00,14.324,1.1,9800.0,1.1,0.0,0.0,24.84,2026-09-26,23,Saturday,True,False,True,9,FALL,RAIN,LIGHT
QUEENS,2026-09-27 00:00:00+00:00,14.174,1.4,6200.0,1.4,0.0,0.0,26.67889,2026-09-27,0,Sunday,True,False,True,9,FALL,RAIN,LIGHT
QUEENS,2026-09-27 01:00:00+00:00,14.324,4.0,7600.0,4.0,0.0,0.0,25.050413,2026-09-27,1,Sunday,True,False,True,9,FALL,RAIN,LIGHT
QUEENS,2026-09-27 02:00:00+00:00,14.124,0.4,14800.0,0.4,0.0,0.0,24.993439,2026-09-27,2,Sunday,True,False,True,9,FALL,RAIN,LIGHT
QUEENS,2026-09-27 03:00:00+00:00,14.374,1.4,3800.0,1.4,0.0,0.0,26.368616,2026-09-27,3,Sunday,True,False,True,9,FALL,RAIN,LIGHT
QUEENS,2026-09-27 04:00:00+00:00,14.674,1.8,12600.0,1.8,0.0,0.0,30.009838,2026-09-27,4,Sunday,True,False,True,9,FALL,RAIN,LIGHT
QUEENS,2026-09-27 05:00:00+00:00,14.774,1.8,16400.0,1.8,0.0,0.0,27.416782,2026-09-27,5,Sunday,True,False,True,9,FALL,RAIN,LIGHT
QUEENS,2026-09-27 06:00:00+00:00,14.924,2.2,15100.0,2.2,0.0,0.0,29.162226,2026-09-27,6,Sunday,True,False,False,9,FALL,RAIN,LIGHT
QUEENS,2026-09-27 07:00:00+00:00,14.724,1.8,15000.0,1.8,0.0,0.0,32.998474,2026-09-27,7,Sunday,True,True,False,9,FALL,RAIN,LIGHT
QUEENS,2026-09-27 08:00:00+00:00,15.024,0.4,15700.0,0.4,0.0,0.0,31.75355,2026-09-27,8,Sunday,True,True,False,9,FALL,RAIN,LIGHT
QUEENS,2026-09-27 09:00:00+00:00,14.724,0.0,12300.0,0.0,0.0,0.0,27.804028,2026-09-27,9,Sunday,True,True,False,9,FALL,CLEAR,LIGHT
QUEENS,2026-09-27 10:00:00+00:00,14.724,0.7,4600.0,0.7,0.0,0.0,32.777798,2026-09-27,10,Sunday,True,False,False,9,FALL,RAIN,LIGHT
QUEENS,2026-09-27 11:00:00+00:00,14.874,0.0,4400.0,0.0,0.0,0.0,29.44307,2026-09-27,11,Sunday,True,False,False,9,FALL,CLEAR,LIGHT
QUEENS,2026-09-27 12:00:00+00:00,15.624,0.0,200.0,0.0,0.0,0.0,34.29838,2026-09-27,12,Sunday,True,False,False,9,FALL,CLEAR,LIGHT
QUEENS,2026-09-27 13:00:00+00:00,15.724,0.0,13200.0,0.0,0.0,0.0,31.581665,2026-09-27,13,Sunday,True,False,False,9,FALL,CLEAR,LIGHT
QUEENS,2026-09-27 14:00:00+00:00,15.824,1.4,12900.0,1.4,0.0,0.0,29.598919,2026-09-27,14,Sunday,True,False,False,9,FALL,RAIN,LIGHT
QUEENS,2026-09-27 15:00:00+00:00,16.924002,1.1,4900.0,1.1,0.0,0.0,18.39878,2026-09-27,15,Sunday,True,False,False,9,FALL,RAIN,LIGHT
QUEENS,2026-09-27 16:00:00+00:00,17.474,0.0,16300.0,0.0,0.0,0.0,19.453327,2026-09-27,16,Sunday,True,True,False,9,FALL,CLEAR,LIGHT
QUEENS,2026-09-27 17:00:00+00:00,18.374,0.4,14000.0,0.4,0.0,0.0,16.1198,2026-09-27,17,Sunday,True,True,False,9,FALL,RAIN,LIGHT
QUEENS,2026-09-27 18:00:00+00:00,17.424002,0.4,12800.0,0.4,0.0,0.0,19.586119,2026-09-27,18,Sunday,True,True,False,9,FALL,RAIN,LIGHT
QUEENS,2026-09-27 19:00:00+00:00,18.274,0.0,14200.0,0.0,0.0,0.0,18.864824,2026-09-27,19,Sunday,True,False,False,9,FALL,CLEAR,LIGHT
QUEENS,2026-09-27 20:00:00+00:00,17.674002,3.6,13700.0,3.6,0.0,0.0,15.815435,2026-09-27,20,Sunday,True,False,True,9,FALL,RAIN,LIGHT
QUEENS,2026-09-27 21:00:00+00:00,16.524,2.2,12200.0,2.2,0.0,0.0,19.469975,2026-09-27,21,Sunday,True,False,True,9,FALL,RAIN,LIGHT
QUEENS,2026-09-27 22:00:00+00:00,16.524,0.0,13500.0,0.0,0.0,0.0,20.140705,2026-09-27,22,Sunday,True,False,True,9,FALL,CLEAR,LIGHT
QUEENS,2026-09-27 23:00:00+00:00,16.674002,1.1,14300.0,1.1,0.0,0.0,23.540806,2026-09-27,23,Sunday,True,False,True,9,FALL,RAIN,LIGHT
QUEENS,2026-09-28 00:00:00+00:00,16.324001,0.0,13800.0,0.0,0.0,0.0,16.299694,2026-09-28,0,Monday,False,False,True,9,FALL,CLEAR,LIGHT
QUEENS,2026-09-28 01:00:00+00:00,15.724,1.1,11700.0,1.1,0.0,0.0,18.511143,2026-09-28,1,Monday,False,False,True,9,FALL,RAIN,LIGHT
QUEENS,2026-09-28 02:00:00+00:00,15.974,1.1,13200.0,1.1,0.0,0.0,20.345573,2026-09-28,2,Monday,False,False,True,9,FALL,RAIN,LIGHT
QUEENS,2026-09-28 03:00:00+00:00,15.874,0.7,14100.0,0.7,0.0,0.0,19.734436,2026-09-28,3,Monday,False,False,True,9,FALL,RAIN,LIGHT
QUEENS,2026-09-28 04:00:00+00:00,15.674,0.0,12900.0,0.0,0.0,0.0,20.945072,2026-09-28,4,Monday,False,False,True,9,FALL,CLEAR,LIGHT
QUEENS,2026-09-28 05:00:00+00:00,15.474,1.8,13100.0,1.8,0.0,0.0,18.556595,2026-09-28,5,Monday,False,False,True,9,FALL,RAIN,LIGHT
QUEENS,2026-09-28 06:00:00+00:00,15.524,0.4,12900.0,0.4,0.0,0.0,18.455048,2026-09-28,6,Monday,False,False,False,9,FALL,RAIN,LIGHT
QUEENS,2026-09-28 07:00:00+00:00,15.424,0.4,12700.0,0.4,0.0,0.0,16.58346,2026-09-28,7,Monday,False,True,False,9,FALL,RAIN,LIGHT
QUEENS,2026-09-28 08:00:00+00:00,15.574,0.0,14000.0,0.0,0.0,0.0,17.58481,2026-09-28,8,Monday,False,True,False,9,FALL,CLEAR,LIGHT
QUEENS,2026-09-28 09:00:00+00:00,15.074,0.7,12600.0,0.7,0.0,0.0,16.516901,2026-09-28,9,Monday,False,True,False,9,FALL,RAIN,LIGHT
QUEENS,2026-09-28 10:00:00+00:00,14.874,1.1,11600.0,1.1,0.0,0.0,15.683776,2026-09-28,10,Monday,False,False,False,9,FALL,RAIN,LIGHT
QUEENS,2026-09-28 11:00:00+00:00,14.524,0.7,12300.0,0.7,0.0,0.0,17.727943,2026-09-28,11,Monday,False,False,False,9,FALL,RAIN,LIGHT
QUEENS,2026-09-28 12:00:00+00:00,14.624,0.0,13400.0,0.0,0.0,0.0,22.782625,2026-09-28,12,Monday,False,False,False,9,FALL,CLEAR,LIGHT
QUEENS,2026-09-28 13:00:00+00:00,14.474,0.0,13800.0,0.0,0.0,0.0,15.137133,2026-09-28,13,Monday,False,False,False,9,FALL,CLEAR,LIGHT
QUEENS,2026-09-28 14:00:00+00:00,14.474,0.0,12800.0,0.0,0.0,0.0,14.759999,2026-09-28,14,Monday,False,False,False,9,FALL,CLEAR,LIGHT
QUEENS,2026-09-28 15:00:00+00:00,14.974,0.0,12900.0,0.0,0.0,0.0,16.923828,2026-09-28,15,Monday,False,False,False,9,FALL,CLEAR,LIGHT
QUEENS,2026-09-28 16:00:00+00:00,15.474,0.0,13300.0,0.0,0.0,0.0,17.106628,2026-09-28,16,Monday,False,True,False,9,FALL,CLEAR,LIGHT
QUEENS,2026-09-28 17:00:00+00:00,15.124,0.0,12800.0,0.0,0.0,0.0,13.049689,2026-09-28,17,Monday,False,True,False,9,FALL,CLEAR,LIGHT
QUEENS,2026-09-28 18:00:00+00:00,15.524,0.0,13500.0,0.0,0.0,0.0,11.165805,2026-09-28,18,Monday,False,True,False,9,FALL,CLEAR,LIGHT
QUEENS,2026-09-28 19:00:00+00:00,15.674,0.0,12400.0,0.0,0.0,0.0,14.88242,2026-09-28,19,Monday,False,False,False,9,FALL,CLEAR,LIGHT
QUEENS,2026-09-28 20:00:00+00:00,15.824,0.0,14200.0,0.0,0.0,0.0,9.693296,2026-09-28,20,Monday,False,False,True,9,FALL,CLEAR,LIGHT
QUEENS,2026-09-28 21:00:00+00:00,16.624,0.0,16100.0,0.0,0.0,0.0,9.931042,2026-09-28,21,Monday,False,False,True,9,FALL,CLEAR,LIGHT
QUEENS,2026-09-28 22:00:00+00:00,16.324001,0.0,16400.0,0.0,0.0,0.0,10.009036,2026-09-28,22,Monday,False,False,True,9,FALL,CLEAR,LIGHT
QUEENS,2026-09-28 23:00:00+00:00,16.024,0.0,15400.0,0.0,0.0,0.0,8.557102,2026-09-28,23,Monday,False,False,True,9,FALL,CLEAR,LIGHT
QUEENS,2026-09-29 00:00:00+00:00,15.324,0.0,15700.0,0.0,0.0,0.0,5.904439,2026-09-29,0,Tuesday,False,False,True,9,FALL,CLEAR,LIGHT
QUEENS,2026-09-29 01:00:00+00:00,15.274,0.0,14500.0,0.0,0.0,0.0,6.696387,2026-09-29,1,Tuesday,False,False,True,9,FALL,CLEAR,LIGHT
QUEENS,2026-09-29 02:00:00+00:00,15.174,0.0,14200.0,0.0,0.0,0.0,7.754637,2026-09-29,2,Tuesday,False,False,True,9,FALL,CLEAR,LIGHT
QUEENS,2026-09-29 03:00:00+00:00,15.124,0.0,14400.0,0.0,0.0,0.0,5.506941,2026-09-29,3,Tuesday,False,False,True,9,FALL,CLEAR,LIGHT
QUEENS,2026-09-29 04:00:00+00:00,15.174,0.0,14000.0,0.0,0.0,0.0,6.2145634,2026-09-29,4,Tuesday,False,False,True,9,FALL,CLEAR,LIGHT
QUEENS,2026-09-29 05:00:00+00:00,14.824,0.0,14100.0,0.0,0.0,0.0,4.1046314,2026-09-29,5,Tuesday,False,False,True,9,FALL,CLEAR,LIGHT
QUEENS,2026-09-29 06:00:00+00:00,14.674,0.0,13700.0,0.0,0.0,0.0,5.506941,2026-09-29,6,Tuesday,False,False,False,9,FALL,CLEAR,LIGHT
QUEENS,2026-09-29 07:00:00+00:00,14.624,0.0,13900.0,0.0,0.0,0.0,3.6,2026-09-29,7,Tuesday,False,True,False,9,FALL,CLEAR,LIGHT
QUEENS,2026-09-29 08:00:00+00:00,14.474,0.0,13500.0,0.0,0.0,0.0,6.162207,2026-09-29,8,Tuesday,False,True,False,9,FALL,CLEAR,LIGHT
QUEENS,2026-09-29 09:00:00+00:00,14.424,0.0,13700.0,0.0,0.0,0.0,7.072878,2026-09-29,9,Tuesday,False,True,False,9,FALL,CLEAR,LIGHT
QUEENS,2026-09-29 10:00:00+00:00,14.924,0.0,13400.0,0.0,0.0,0.0,2.3051248,2026-09-29,10,Tuesday,False,False,False,9,FALL,CLEAR,LIGHT
QUEENS,2026-09-29 11:00:00+00:00,14.924,0.0,12700.0,0.0,0.0,0.0,6.989936,2026-09-29,11,Tuesday,False,False,False,9,FALL,CLEAR,LIGHT
QUEENS,2026-09-29 12:00:00+00:00,16.374,0.0,13200.0,0.0,0.0,0.0,4.8433046,2026-09-29,12,Tuesday,False,False,False,9,FALL,CLEAR,LIGHT
QUEENS,2026-09-29 13:00:00+00:00,17.824001,0.0,17300.0,0.0,0.0,0.0,7.289444,2026-09-29,13,Tuesday,False,False,False,9,FALL,CLEAR,LIGHT
QUEENS,2026-09-29 14:00:00+00:00,18.324001,0.0,17300.0,0.0,0.0,0.0,9.957108,2026-09-29,14,Tuesday,False,False,False,9,FALL,CLEAR,LIGHT
QUEENS,2026-09-29 15:00:00+00:00,18.924002,0.0,18900.0,0.0,0.0,0.0,10.948973,2026-09-29,15,Tuesday,False,False,False,9,FALL,CLEAR,LIGHT
QUEENS,2026-09-29 16:00:00+00:00,20.424002,0.0,24100.0,0.0,0.0,0.0,6.8777895,2026-09-29,16,Tuesday,False,True,False,9,FALL,CLEAR,LIGHT
QUEENS,2026-09-29 17:00:00+00:00,20.874,0.0,24400.0,0.0,0.0,0.0,6.379216,2026-09-29,17,Tuesday,False,True,False,9,FALL,CLEAR,LIGHT
QUEENS,2026-09-29 18:00:00+00:00,20.074001,0.0,28000.0,0.0,0.0,0.0,7.7879906,2026-09-29,18,Tuesday,False,True,False,9,FALL,CLEAR,LIGHT
QUEENS,2026-09-29 19:00:00+00:00,19.874,0.0,25700.0,0.0,0.0,0.0,3.319036,2026-09-29,19,Tuesday,False,False,False,9,FALL,CLEAR,LIGHT
QUEENS,2026-09-29 20:00:00+00:00,20.524,0.0,25700.0,0.0,0.0,0.0,3.8939953,2026-09-29,20,Tuesday,False,False,True,9,FALL,CLEAR,LIGHT
QUEENS,2026-09-29 21:00:00+00:00,19.724,0.0,24400.0,0.0,0.0,0.0,12.594856,2026-09-29,21,Tuesday,False,False,True,9,FALL,CLEAR,LIGHT
QUEENS,2026-09-29 22:00:00+00:00,19.224,0.0,25100.0,0.0,0.0,0.0,10.691453,2026-09-29,22,Tuesday,False,False,True,9,FALL,CLEAR,LIGHT
QUEENS,2026-09-29 23:00:00+00:00,18.624,0.0,22400.0,0.0,0.0,0.0,9.686609,2026-09-29,23,Tuesday,False,False,True,9,FALL,CLEAR,LIGHT
QUEENS,2026-09-30 00:00:00+00:00,17.924002,0.0,24200.0,0.0,0.0,0.0,9.659814,2026-09-30,0,Wednesday,False,False,True,9,FALL,CLEAR,LIGHT
QUEENS,2026-09-30 01:00:00+00:00,17.774,0.0,20000.0,0.0,0.0,0.0,9.360001,2026-09-30,1,Wednesday,False,False,True,9,FALL,CLEAR,LIGHT
QUEENS,2026-09-30 02:00:00+00:00,17.624,0.0,19000.0,0.0,0.0,0.0,5.8048253,2026-09-30,2,Wednesday,False,False,True,9,FALL,CLEAR,LIGHT
QUEENS,2026-09-30 03:00:00+00:00,17.374,0.0,21400.0,0.0,0.0,0.0,6.638072,2026-09-30,3,Wednesday,False,False,True,9,FALL,CLEAR,LIGHT
QUEENS,2026-09-30 04:00:00+00:00,17.024,0.0,18400.0,0.0,0.0,0.0,8.089993,2026-09-30,4,Wednesday,False,False,True,9,FALL,CLEAR,LIGHT
QUEENS,2026-09-30 05:00:00+00:00,16.874,0.0,19000.0,0.0,0.0,0.0,7.289445,2026-09-30,5,Wednesday,False,False,True,9,FALL,CLEAR,LIGHT
QUEENS,2026-09-30 06:00:00+00:00,17.224,0.0,19200.0,0.0,0.0,0.0,4.39436,2026-09-30,6,Wednesday,False,False,False,9,FALL,CLEAR,LIGHT
QUEENS,2026-09-30 07:00:00+00:00,16.824001,0.0,15700.0,0.0,0.0,0.0,8.587338,2026-09-30,7,Wednesday,False,True,False,9,FALL,CLEAR,LIGHT
QUEENS,2026-09-30 08:00:00+00:00,16.574001,0.0,16900.0,0.0,0.0,0.0,4.3349743,2026-09-30,8,Wednesday,False,True,False,9,FALL,CLEAR,LIGHT
QUEENS,2026-09-30 09:00:00+00:00,16.274,0.0,16500.0,0.0,0.0,0.0,3.563818,2026-09-30,9,Wednesday,False,True,False,9,FALL,CLEAR,LIGHT
QUEENS,2026-09-30 10:00:00+00:00,16.074001,0.0,16000.0,0.0,0.0,0.0,3.8939953,2026-09-30,10,Wednesday,False,False,False,9,FALL,CLEAR,LIGHT
QUEENS,2026-09-30 11:00:00+00:00,15.724,0.0,16100.0,0.0,0.0,0.0,3.7064266,2026-09-30,11,Wednesday,False,False,False,9,FALL,CLEAR,LIGHT
QUEENS,2026-09-30 12:00:00+00:00,16.524,0.0,16400.0,0.0,0.0,0.0,2.9024127,2026-09-30,12,Wednesday,False,False,False,9,FALL,CLEAR,LIGHT
QUEENS,2026-09-30 13:00:00+00:00,17.924002,0.0,17200.0,0.0,0.0,0.0,6.3690495,2026-09-30,13,Wednesday,False,False,False,9,FALL,CLEAR,LIGHT
QUEENS,2026-09-30 14:00:00+00:00,19.024,0.0,22600.0,0.0,0.0,0.0,8.587338,2026-09-30,14,Wednesday,False,False,False,9,FALL,CLEAR,LIGHT
QUEENS,2026-09-30 15:00:00+00:00,19.924002,0.0,26900.0,0.0,0.0,0.0,10.685391,2026-09-30,15,Wednesday,False,False,False,9,FALL,CLEAR,LIGHT
QUEENS,2026-09-30 16:00:00+00:00,20.924002,0.0,26600.0,0.0,0.0,0.0,10.144082,2026-09-30,16,Wednesday,False,True,False,9,FALL,CLEAR,LIGHT
QUEENS,2026-09-30 17:00:00+00:00,21.824001,0.0,27900.0,0.0,0.0,0.0,7.42159,2026-09-30,17,Wednesday,False,True,False,9,FALL,CLEAR,LIGHT
QUEENS,2026-09-30 18:00:00+00:00,22.174002,0.0,27800.0,0.0,0.0,0.0,8.39657,2026-09-30,18,Wednesday,False,True,False,9,FALL,CLEAR,LIGHT
QUEENS,2026-09-30 19:00:00+00:00,22.024,0.0,25000.0,0.0,0.0,0.0,7.5685663,2026-09-30,19,Wednesday,False,False,False,9,FALL,CLEAR,LIGHT
QUEENS,2026-09-30 20:00:00+00:00,22.674002,0.0,26200.0,0.0,0.0,0.0,6.87779,2026-09-30,20,Wednesday,False,False,True,9,FALL,CLEAR,LIGHT
QUEENS,2026-09-30 21:00:00+00:00,21.624,0.0,22900.0,0.0,0.0,0.0,9.6932955,2026-09-30,21,Wednesday,False,False,True,9,FALL,CLEAR,LIGHT
QUEENS,2026-09-30 22:00:00+00:00,20.624,0.0,23300.0,0.0,0.0,0.0,9.793059,2026-09-30,22,Wednesday,False,False,True,9,FALL,CLEAR,LIGHT
QUEENS,2026-09-30 23:00:00+00:00,18.774,0.0,18300.0,0.0,0.0,0.0,7.289444,2026-09-30,23,Wednesday,False,False,True,9,FALL,CLEAR,LIGHT
QUEENS,2026-10-01 00:00:00+00:00,18.024,0.0,16000.0,0.0,0.0,0.0,6.9247384,2026-10-01,0,Thursday,False,False,True,10,FALL,CLEAR,LIGHT
QUEENS,2026-10-01 01:00:00+00:00,17.724,0.0,13300.0,0.0,0.0,0.0,7.289445,2026-10-01,1,Thursday,False,False,True,10,FALL,CLEAR,LIGHT
QUEENS,2026-10-01 02:00:00+00:00,17.424002,0.0,12200.0,0.0,0.0,0.0,6.28713,2026-10-01,2,Thursday,False,False,True,10,FALL,CLEAR,LIGHT
QUEENS,2026-10-01 03:00:00+00:00,17.524,0.0,12200.0,0.0,0.0,0.0,5.634891,2026-10-01,3,Thursday,False,False,True,10,FALL,CLEAR,LIGHT
QUEENS,2026-10-01 04:00:00+00:00,17.324001,0.0,12600.0,0.0,0.0,0.0,1.2979984,2026-10-01,4,Thursday,False,False,True,10,FALL,CLEAR,LIGHT
QUEENS,2026-10-01 05:00:00+00:00,17.324001,0.0,13600.0,0.0,0.0,0.0,3.219938,2026-10-01,5,Thursday,False,False,True,10,FALL,CLEAR,LIGHT
QUEENS,2026-10-01 06:00:00+00:00,17.574001,0.0,14600.0,0.0,0.0,0.0,5.3517847,2026-10-01,6,Thursday,False,False,False,10,FALL,CLEAR,LIGHT
QUEENS,2026-10-01 07:00:00+00:00,17.624,0.0,13500.0,0.0,0.0,0.0,5.1165614,2026-10-01,7,Thursday,False,True,False,10,FALL,CLEAR,LIGHT
QUEENS,2026-10-01 08:00:00+00:00,17.624,0.0,13100.0,0.0,0.0,0.0,5.00128,2026-10-01,8,Thursday,False,True,False,10,FALL,CLEAR,LIGHT
QUEENS,2026-10-01 09:00:00+00:00,17.774,0.0,13100.0,0.0,0.0,0.0,7.289444,2026-10-01,9,Thursday,False,True,False,10,FALL,CLEAR,LIGHT
QUEENS,2026-10-01 10:00:00+00:00,17.974,0.0,12900.0,0.0,0.0,0.0,5.00128,2026-10-01,10,Thursday,False,False,False,10,FALL,CLEAR,LIGHT
QUEENS,2026-10-01 11:00:00+00:00,18.124,0.0,13400.0,0.0,0.0,0.0,5.5887027,2026-10-01,11,Thursday,False,False,False,10,FALL,CLEAR,LIGHT
QUEENS,2026-10-01 12:00:00+00:00,18.674002,0.0,13600.0,0.0,0.0,0.0,5.506941,2026-10-01,12,Thursday,False,False,False,10,FALL,CLEAR,LIGHT
QUEENS,2026-10-01 13:00:00+00:00,19.624,0.0,14700.0,0.0,0.0,0.0,6.193674,2026-10-01,13,Thursday,False,False,False,10,FALL,CLEAR,LIGHT
QUEENS,2026-10-01 14:00:00+00:00,19.974,0.0,14500.0,0.0,0.0,0.0,7.8954163,2026-10-01,14,Thursday,False,False,False,10,FALL,CLEAR,LIGHT
QUEENS,2026-10-01 15:00:00+00:00,21.224,0.0,16800.0,0.0,0.0,0.0,9.339208,2026-10-01,15,Thursday,False,False,False,10,FALL,CLEAR,LIGHT
QUEENS,2026-10-01 16:00:00+00:00,21.174002,0.0,16300.0,0.0,0.0,0.0,8.28,2026-10-01,16,Thursday,False,True,False,10,FALL,CLEAR,LIGHT
QUEENS,2026-10-01 17:00:00+00:00,22.574001,0.0,15200.0,0.0,0.0,0.0,10.495713,2026-10-01,17,Thursday,False,True,False,10,FALL,CLEAR,LIGHT
QUEENS,2026-10-01 18:00:00+00:00,23.474,0.0,19000.0,0.0,0.0,0.0,11.570515,2026-10-01,18,Thursday,False,True,False,10,FALL,CLEAR,LIGHT
QUEENS,2026-10-01 19:00:00+00:00,24.074001,0.0,19700.0,0.0,0.0,0.0,10.661107,2026-10-01,19,Thursday,False,False,False,10,FALL,CLEAR,LIGHT
QUEENS,2026-10-01 20:00:00+00:00,23.724,0.0,19400.0,0.0,0.0,0.0,9.746631,2026-10-01,20,Thursday,False,False,True,10,FALL,CLEAR,LIGHT
QUEENS,2026-10-01 21:00:00+00:00,23.024,0.0,16100.0,0.0,0.0,0.0,10.440001,2026-10-01,21,Thursday,False,False,True,10,FALL,CLEAR,LIGHT
QUEENS,2026-10-01 22:00:00+00:00,22.324001,0.0,17400.0,0.0,0.0,0.0,10.931203,2026-10-01,22,Thursday,False,False,True,10,FALL,CLEAR,LIGHT
QUEENS,2026-10-01 23:00:00+00:00,21.374,0.0,17500.0,0.0,0.0,0.0,2.8116899,2026-10-01,23,Thursday,False,False,True,10,FALL,CLEAR,LIGHT
QUEENS,2026-10-02 00:00:00+00:00,20.924002,0.0,16000.0,0.0,0.0,0.0,4.3349743,2026-10-02,0,Friday,False,False,True,10,FALL,CLEAR,LIGHT
QUEENS,2026-10-02 01:00:00+00:00,20.924002,0.0,12800.0,0.0,0.0,0.0,6.12,2026-10-02,1,Friday,False,False,True,10,FALL,CLEAR,LIGHT
QUEENS,2026-10-02 02:00:00+00:00,21.124,0.0,13900.0,0.0,0.0,0.0,8.28,2026-10-02,2,Friday,False,False,True,10,FALL,CLEAR,LIGHT
QUEENS,2026-10-02 03:00:00+00:00,21.074001,0.0,13600.0,0.0,0.0,0.0,7.5942073,2026-10-02,3,Friday,False,False,True,10,FALL,CLEAR,LIGHT
QUEENS,2026-10-02 04:00:00+00:00,21.074001,0.0,17500.0,0.0,0.0,0.0,6.9899354,2026-10-02,4,Friday,False,False,True,10,FALL,CLEAR,LIGHT
QUEENS,2026-10-02 05:00:00+00:00,20.174002,0.0,15500.0,0.0,0.0,0.0,5.3517847,2026-10-02,5,Friday,False,False,True,10,FALL,CLEAR,LIGHT
QUEENS,2026-10-02 06:00:00+00:00,20.024,0.0,15600.0,0.0,0.0,0.0,5.937272,2026-10-02,6,Friday,False,False,False,10,FALL,CLEAR,LIGHT
QUEENS,2026-10-02 07:00:00+00:00,19.774,0.0,16000.0,0.0,0.0,0.0,5.495161,2026-10-02,7,Friday,False,True,False,10,FALL,CLEAR,LIGHT
QUEENS,2026-10-02 08:00:00+00:00,19.374,0.0,15500.0,0.0,0.0,0.0,4.896529,2026-10-02,8,Friday,False,True,False,10,FALL,CLEAR,LIGHT
QUEENS,2026-10-02 09:00:00+00:00,19.074001,0.0,14300.0,0.0,0.0,0.0,4.829907,2026-10-02,9,Friday,False,True,False,10,FALL,CLEAR,LIGHT
QUEENS,2026-10-02 10:00:00+00:00,18.724,0.0,14100.0,0.0,0.0,0.0,4.0249224,2026-10-02,10,Friday,False,False,False,10,FALL,CLEAR,LIGHT
QUEENS,2026-10-02 11:00:00+00:00,18.424002,0.0,13400.0,0.0,0.0,0.0,5.0528407,2026-10-02,11,Friday,False,False,False,10,FALL,CLEAR,LIGHT
QUEENS,2026-10-02 12:00:00+00:00,19.174002,0.0,13100.0,0.0,0.0,0.0,10.144082,2026-10-02,12,Friday,False,False,False,10,FALL,CLEAR,LIGHT
QUEENS,2026-10-02 13:00:00+00:00,20.974,0.0,16100.0,0.0,0.0,0.0,10.514218,2026-10-02,13,Friday,False,False,False,10,FALL,CLEAR,LIGHT
QUEENS,2026-10-02 14:00:00+00:00,22.474,0.0,17800.0,0.0,0.0,0.0,12.074766,2026-10-02,14,Friday,False,False,False,10,FALL,CLEAR,LIGHT
QUEENS,2026-10-02 15:00:00+00:00,24.624,0.0,23200.0,0.0,0.0,0.0,12.4811535,2026-10-02,15,Friday,False,False,False,10,FALL,CLEAR,LIGHT
QUEENS,2026-10-02 16:00:00+00:00,25.924002,0.0,26100.0,0.0,0.0,0.0,16.595179,2026-10-02,16,Friday,False,True,False,10,FALL,CLEAR,LIGHT
QUEENS,2026-10-02 17:00:00+00:00,27.724,0.0,29100.0,0.0,0.0,0.0,20.12461,2026-10-02,17,Friday,False,True,False,10,FALL,CLEAR,LIGHT
QUEENS,2026-10-02 18:00:00+00:00,29.074001,0.0,33900.0,0.0,0.0,0.0,19.272614,2026-10-02,18,Friday,False,True,False,10,FALL,CLEAR,LIGHT
QUEENS,2026-10-02 19:00:00+00:00,29.174002,0.0,33800.0,0.0,0.0,0.0,19.586119,2026-10-02,19,Friday,False,False,False,10,FALL,CLEAR,LIGHT
QUEENS,2026-10-02 20:00:00+00:00,29.274,0.0,34700.0,0.0,0.0,0.0,18.581022,2026-10-02,20,Friday,False,False,True,10,FALL,CLEAR,LIGHT
QUEENS,2026-10-02 21:00:00+00:00,28.424002,0.0,29700.0,0.0,0.0,0.0,16.92383,2026-10-02,21,Friday,False,False,True,10,FALL,CLEAR,LIGHT
QUEENS,2026-10-02 22:00:00+00:00,27.674002,0.0,30900.0,0.0,0.0,0.0,11.709688,2026-10-02,22,Friday,False,False,True,10,FALL,CLEAR,LIGHT
QUEENS,2026-10-02 23:00:00+00:00,25.624,0.0,24600.0,0.0,0.0,0.0,11.435313,2026-10-02,23,Friday,False,False,True,10,FALL,CLEAR,LIGHT
QUEENS,2026-10-03 00:00:00+00:00,24.274,0.0,26200.0,0.0,0.0,0.0,13.584932,2026-10-03,0,Saturday,True,False,True,10,FALL,CLEAR,LIGHT
QUEENS,2026-10-03 01:00:00+00:00,24.574001,0.0,27900.0,0.0,0.0,0.0,20.63023,2026-10-03,1,Saturday,True,False,True,10,FALL,CLEAR,LIGHT
QUEENS,2026-10-03 02:00:00+00:00,23.724,0.0,26900.0,0.0,0.0,0.0,13.608762,2026-10-03,2,Saturday,True,False,True,10,FALL,CLEAR,LIGHT
QUEENS,2026-10-03 03:00:00+00:00,23.124,0.0,26400.0,0.0,0.0,0.0,16.055355,2026-10-03,3,Saturday,True,False,True,10,FALL,CLEAR,LIGHT
QUEENS,2026-10-03 04:00:00+00:00,22.974,0.0,28700.0,0.0,0.0,0.0,16.676977,2026-10-03,4,Saturday,True,False,True,10,FALL,CLEAR,LIGHT
QUEENS,2026-10-03 05:00:00+00:00,22.424002,0.0,33200.0,0.0,0.0,0.0,11.113451,2026-10-03,5,Saturday,True,False,True,10,FALL,CLEAR,LIGHT
QUEENS,2026-10-03 06:00:00+00:00,21.124,0.0,36700.0,0.0,0.0,0.0,15.725037,2026-10-03,6,Saturday,True,False,False,10,FALL,CLEAR,LIGHT
QUEENS,2026-10-03 07:00:00+00:00,19.774,0.0,36300.0,0.0,0.0,0.0,16.595179,2026-10-03,7,Saturday,True,True,False,10,FALL,CLEAR,LIGHT
QUEENS,2026-10-03 08:00:00+00:00,18.374,0.0,34200.0,0.0,0.0,0.0,14.84318,2026-10-03,8,Saturday,True,True,False,10,FALL,CLEAR,LIGHT
QUEENS,2026-10-03 09:00:00+00:00,17.374,0.0,30500.0,0.0,0.0,0.0,14.332341,2026-10-03,9,Saturday,True,True,False,10,FALL,CLEAR,LIGHT
QUEENS,2026-10-03 10:00:00+00:00,16.374,0.0,26100.0,0.0,0.0,0.0,12.57426,2026-10-03,10,Saturday,True,False,False,10,FALL,CLEAR,LIGHT
QUEENS,2026-10-03 11:00:00+00:00,15.674,0.0,25400.0,0.0,0.0,0.0,8.759178,2026-10-03,11,Saturday,True,False,False,10,FALL,CLEAR,LIGHT
QUEENS,2026-10-03 12:00:00+00:00,16.774,0.0,25900.0,0.0,0.0,0.0,14.764389,2026-10-03,12,Saturday,True,False,False,10,FALL,CLEAR,LIGHT
QUEENS,2026-10-03 13:00:00+00:00,18.274,0.0,27400.0,0.0,0.0,0.0,17.373497,2026-10-03,13,Saturday,True,False,False,10,FALL,CLEAR,LIGHT
QUEENS,2026-10-03 14:00:00+00:00,19.224,0.0,33100.0,0.0,0.0,0.0,18.692286,2026-10-03,14,Saturday,True,False,False,10,FALL,CLEAR,LIGHT
QUEENS,2026-10-03 15:00:00+00:00,21.124,0.0,42000.0,0.0,0.0,0.0,18.532135,2026-10-03,15,Saturday,True,False,False,10,FALL,CLEAR,LIGHT
QUEENS,2026-10-03 16:00:00+00:00,21.924002,0.0,37000.0,0.0,0.0,0.0,18.440998,2026-10-03,16,Saturday,True,True,False,10,FALL,CLEAR,LIGHT
QUEENS,2026-10-03 17:00:00+00:00,22.174002,0.0,41400.0,0.0,0.0,0.0,17.786331,2026-10-03,17,Saturday,True,True,False,10,FALL,CLEAR,LIGHT
QUEENS,2026-10-03 18:00:00+00:00,22.474,0.0,37500.0,0.0,0.0,0.0,14.565548,2026-10-03,18,Saturday,True,True,False,10,FALL,CLEAR,LIGHT
QUEENS,2026-10-03 19:00:00+00:00,22.924002,0.0,41800.0,0.0,0.0,0.0,8.4963045,2026-10-03,19,Saturday,True,False,False,10,FALL,CLEAR,LIGHT
QUEENS,2026-10-03 20:00:00+00:00,22.524,0.0,40900.0,0.0,0.0,0.0,8.942214,2026-10-03,20,Saturday,True,False,True,10,FALL,CLEAR,LIGHT
QUEENS,2026-10-03 21:00:00+00:00,22.224,0.0,43900.0,0.0,0.0,0.0,8.39657,2026-10-03,21,Saturday,True,False,True,10,FALL,CLEAR,LIGHT
QUEENS,2026-10-03 22:00:00+00:00,20.874,0.0,41800.0,0.0,0.0,0.0,9.793058,2026-10-03,22,Saturday,True,False,True,10,FALL,CLEAR,LIGHT
QUEENS,2026-10-03 23:00:00+00:00,18.574001,0.0,31900.0,0.0,0.0,0.0,9.3876505,2026-10-03,23,Saturday,True,False,True,10,FALL,CLEAR,LIGHT
QUEENS,2026-10-04 00:00:00+00:00,17.124,0.0,28300.0,0.0,0.0,0.0,5.5887027,2026-10-04,0,Sunday,True,False,True,10,FALL,CLEAR,LIGHT
QUEENS,2026-10-04 01:00:00+00:00,16.324001,0.0,24200.0,0.0,0.0,0.0,5.0142193,2026-10-04,1,Sunday,True,False,True,10,FALL,CLEAR,LIGHT
QUEENS,2026-10-04 02:00:00+00:00,15.874,0.0,20100.0,0.0,0.0,0.0,5.1544156,2026-10-04,2,Sunday,True,False,True,10,FALL,CLEAR,LIGHT
QUEENS,2026-10-04 03:00:00+00:00,14.974,0.0,16100.0,0.0,0.0,0.0,2.4149535,2026-10-04,3,Sunday,True,False,True,10,FALL,CLEAR,LIGHT
QUEENS,2026-10-04 04:00:00+00:00,14.374,0.0,14100.0,0.0,0.0,0.0,5.4833565,2026-10-04,4,Sunday,True,False,True,10,FALL,CLEAR,LIGHT
QUEENS,2026-10-04 05:00:00+00:00,14.324,0.0,15800.0,0.0,0.0,0.0,4.39436,2026-10-04,5,Sunday,True,False,True,10,FALL,CLEAR,LIGHT
QUEENS,2026-10-04 06:00:00+00:00,13.724,0.0,16100.0,0.0,0.0,0.0,6.297428,2026-10-04,6,Sunday,True,False,False,10,FALL,CLEAR,LIGHT
QUEENS,2026-10-04 07:00:00+00:00,13.424,0.0,13500.0,0.0,0.0,0.0,6.489992,2026-10-04,7,Sunday,True,True,False,10,FALL,CLEAR,LIGHT
QUEENS,2026-10-04 08:00:00+00:00,13.674,0.0,15900.0,0.0,0.0,0.0,7.928177,2026-10-04,8,Sunday,True,True,False,10,FALL,CLEAR,LIGHT
QUEENS,2026-10-04 09:00:00+00:00,13.474,0.0,15900.0,0.0,0.0,0.0,9.793059,2026-10-04,9,Sunday,True,True,False,10,FALL,CLEAR,LIGHT
QUEENS,2026-10-04 10:00:00+00:00,13.574,0.0,17000.0,0.0,0.0,0.0,10.464797,2026-10-04,10,Sunday,True,False,False,10,FALL,CLEAR,LIGHT
QUEENS,2026-10-04 11:00:00+00:00,13.374,0.0,14900.0,0.0,0.0,0.0,11.525623,2026-10-04,11,Sunday,True,False,False,10,FALL,CLEAR,LIGHT
QUEENS,2026-10-04 12:00:00+00:00,15.224,0.0,19300.0,0.0,0.0,0.0,11.966954,2026-10-04,12,Sunday,True,False,False,10,FALL,CLEAR,LIGHT
QUEENS,2026-10-04 13:00:00+00:00,15.424,0.0,22100.0,0.0,0.0,0.0,14.904173,2026-10-04,13,Sunday,True,False,False,10,FALL,CLEAR,LIGHT
QUEENS,2026-10-04 14:00:00+00:00,16.374,0.0,24400.0,0.0,0.0,0.0,17.58481,2026-10-04,14,Sunday,True,False,False,10,FALL,CLEAR,LIGHT
QUEENS,2026-10-04 15:00:00+00:00,17.174002,0.0,25800.0,0.0,0.0,0.0,12.904882,2026-10-04,15,Sunday,True,False,False,10,FALL,CLEAR,LIGHT
QUEENS,2026-10-04 16:00:00+00:00,16.574001,0.0,25300.0,0.0,0.0,0.0,11.753877,2026-10-04,16,Sunday,True,True,False,10,FALL,CLEAR,LIGHT
QUEENS,2026-10-04 17:00:00+00:00,16.574001,0.0,25400.0,0.0,0.0,0.0,11.659777,2026-10-04,17,Sunday,True,True,False,10,FALL,CLEAR,LIGHT
QUEENS,2026-10-04 18:00:00+00:00,15.624,1.1,19100.0,1.1,0.0,0.0,5.8603754,2026-10-04,18,Sunday,True,True,False,10,FALL,RAIN,LIGHT
QUEENS,2026-10-04 19:00:00+00:00,14.774,0.0,16100.0,0.0,0.0,0.0,5.1165614,2026-10-04,19,Sunday,True,False,False,10,FALL,CLEAR,LIGHT
QUEENS,2026-10-04 20:00:00+00:00,14.024,0.0,15400.0,0.0,0.0,0.0,15.111424,2026-10-04,20,Sunday,True,False,True,10,FALL,CLEAR,LIGHT
QUEENS,2026-10-04 21:00:00+00:00,13.474,0.0,12700.0,0.0,0.0,0.0,11.631956,2026-10-04,21,Sunday,True,False,True,10,FALL,CLEAR,LIGHT
QUEENS,2026-10-04 22:00:00+00:00,13.024,0.0,12800.0,0.0,0.0,0.0,12.661564,2026-10-04,22,Sunday,True,False,True,10,FALL,CLEAR,LIGHT
QUEENS,2026-10-04 23:00:00+00:00,13.474,0.0,13600.0,0.0,0.0,0.0,9.72,2026-10-04,23,Sunday,True,False,True,10,FALL,CLEAR,LIGHT
QUEENS,2026-10-05 00:00:00+00:00,13.474,0.0,12800.0,0.0,0.0,0.0,8.557102,2026-10-05,0,Monday,False,False,True,10,FALL,CLEAR,LIGHT
QUEENS,2026-10-05 01:00:00+00:00,13.674,0.0,13700.0,0.0,0.0,0.0,5.634891,2026-10-05,1,Monday,False,False,True,10,FALL,CLEAR,LIGHT
QUEENS,2026-10-05 02:00:00+00:00,13.974,0.0,12400.0,0.0,0.0,0.0,5.3999996,2026-10-05,2,Monday,False,False,True,10,FALL,CLEAR,LIGHT
QUEENS,2026-10-05 03:00:00+00:00,13.924,0.0,13700.0,0.0,0.0,0.0,6.130579,2026-10-05,3,Monday,False,False,True,10,FALL,CLEAR,LIGHT
QUEENS,2026-10-05 04:00:00+00:00,13.324,0.0,12200.0,0.0,0.0,0.0,8.587338,2026-10-05,4,Monday,False,False,True,10,FALL,CLEAR,LIGHT
QUEENS,2026-10-05 05:00:00+00:00,13.524,0.0,12400.0,0.0,0.0,0.0,6.6087217,2026-10-05,5,Monday,False,False,True,10,FALL,CLEAR,LIGHT
QUEENS,2026-10-05 06:00:00+00:00,13.224,0.0,12700.0,0.0,0.0,0.0,4.0249224,2026-10-05,6,Monday,False,False,False,10,FALL,CLEAR,LIGHT
QUEENS,2026-10-05 07:00:00+00:00,13.074,0.0,13200.0,0.0,0.0,0.0,6.696387,2026-10-05,7,Monday,False,True,False,10,FALL,CLEAR,LIGHT
QUEENS,2026-10-05 08:00:00+00:00,13.074,0.0,13600.0,0.0,0.0,0.0,6.379216,2026-10-05,8,Monday,False,True,False,10,FALL,CLEAR,LIGHT
QUEENS,2026-10-05 09:00:00+00:00,12.674,0.0,13700.0,0.0,0.0,0.0,4.1046314,2026-10-05,9,Monday,False,True,False,10,FALL,CLEAR,LIGHT
QUEENS,2026-10-05 10:00:00+00:00,12.324,0.0,13200.0,0.0,0.0,0.0,5.5887027,2026-10-05,10,Monday,False,False,False,10,FALL,CLEAR,LIGHT
QUEENS,2026-10-05 11:00:00+00:00,12.274,0.0,13200.0,0.0,0.0,0.0,4.072935,2026-10-05,11,Monday,False,False,False,10,FALL,CLEAR,LIGHT
QUEENS,2026-10-05 12:00:00+00:00,13.524,0.0,13700.0,0.0,0.0,0.0,7.10031,2026-10-05,12,Monday,False,False,False,10,FALL,CLEAR,LIGHT
QUEENS,2026-10-05 13:00:00+00:00,14.674,0.0,13900.0,0.0,0.0,0.0,11.609651,2026-10-05,13,Monday,False,False,False,10,FALL,CLEAR,LIGHT
QUEENS,2026-10-05 14:00:00+00:00,16.174002,0.0,15500.0,0.0,0.0,0.0,12.371645,2026-10-05,14,Monday,False,False,False,10,FALL,CLEAR,LIGHT
QUEENS,2026-10-05 15:00:00+00:00,18.074001,0.0,18300.0,0.0,0.0,0.0,14.494192,2026-10-05,15,Monday,False,False,False,10,FALL,CLEAR,LIGHT
QUEENS,2026-10-05 16:00:00+00:00,19.424002,0.0,25400.0,0.0,0.0,0.0,18.709612,2026-10-05,16,Monday,False,True,False,10,FALL,CLEAR,LIGHT
QUEENS,2026-10-05 17:00:00+00:00,20.874,0.0,35600.0,0.0,0.0,0.0,19.959719,2026-10-05,17,Monday,False,True,False,10,FALL,CLEAR,LIGHT
QUEENS,2026-10-05 18:00:00+00:00,21.974,0.0,49800.0,0.0,0.0,0.0,26.299719,2026-10-05,18,Monday,False,True,False,10,FALL,CLEAR,LIGHT
QUEENS,2026-10-05 19:00:00+00:00,21.374,0.0,50600.0,0.0,0.0,0.0,24.066206,2026-10-05,19,Monday,False,False,False,10,FALL,CLEAR,LIGHT
QUEENS,2026-10-05 20:00:00+00:00,21.524,0.0,57600.0,0.0,0.0,0.0,28.820242,2026-10-05,20,Monday,False,False,True,10,FALL,CLEAR,LIGHT
QUEENS,2026-10-05 21:00:00+00:00,20.774,0.0,59800.0,0.0,0.0,0.0,23.313995,2026-10-05,21,Monday,False,False,True,10,FALL,CLEAR,LIGHT
QUEENS,2026-10-05 22:00:00+00:00,19.274,0.0,60800.0,0.0,0.0,0.0,22.682856,2026-10-05,22,Monday,False,False,True,10,FALL,CLEAR,LIGHT
QUEENS,2026-10-05 23:00:00+00:00,18.274,0.0,61700.0,0.0,0.0,0.0,15.807239,2026-10-05,23,Monday,False,False,True,10,FALL,CLEAR,LIGHT
QUEENS,2026-10-06 00:00:00+00:00,17.274,0.0,66700.0,0.0,0.0,0.0,16.179987,2026-10-06,0,Tuesday,False,False,True,10,FALL,CLEAR,LIGHT
QUEENS,2026-10-06 01:00:00+00:00,16.174002,0.0,67700.0,0.0,0.0,0.0,12.229406,2026-10-06,1,Tuesday,False,False,True,10,FALL,CLEAR,LIGHT
QUEENS,2026-10-06 02:00:00+00:00,14.624,0.0,57500.0,0.0,0.0,0.0,12.7279215,2026-10-06,2,Tuesday,False,False,True,10,FALL,CLEAR,LIGHT
QUEENS,2026-10-06 03:00:00+00:00,14.174,0.0,62100.0,0.0,0.0,0.0,10.390226,2026-10-06,3,Tuesday,False,False,True,10,FALL,CLEAR,LIGHT
QUEENS,2026-10-06 04:00:00+00:00,12.524,0.0,48000.0,0.0,0.0,0.0,10.805998,2026-10-06,4,Tuesday,False,False,True,10,FALL,CLEAR,LIGHT
QUEENS,2026-10-06 05:00:00+00:00,11.374,0.0,40900.0,0.0,0.0,0.0,7.2359104,2026-10-06,5,Tuesday,False,False,True,10,FALL,CLEAR,LIGHT
QUEENS,2026-10-06 06:00:00+00:00,11.874,0.0,46200.0,0.0,0.0,0.0,14.707222,2026-10-06,6,Tuesday,False,False,False,10,FALL,CLEAR,LIGHT
QUEENS,2026-10-06 07:00:00+00:00,11.124,0.0,40000.0,0.0,0.0,0.0,13.202726,2026-10-06,7,Tuesday,False,True,False,10,FALL,CLEAR,LIGHT
QUEENS,2026-10-06 08:00:00+00:00,10.474,0.0,35200.0,0.0,0.0,0.0,13.392774,2026-10-06,8,Tuesday,False,True,False,10,FALL,CLEAR,LIGHT
QUEENS,2026-10-06 09:00:00+00:00,9.774,0.0,31600.0,0.0,0.0,0.0,11.4862,2026-10-06,9,Tuesday,False,True,False,10,FALL,CLEAR,LIGHT
QUEENS,2026-10-06 10:00:00+00:00,9.324,0.0,33700.0,0.0,0.0,0.0,10.883676,2026-10-06,10,Tuesday,False,False,False,10,FALL,CLEAR,LIGHT
QUEENS,2026-10-06 11:00:00+00:00,8.624,0.0,29800.0,0.0,0.0,0.0,8.39657,2026-10-06,11,Tuesday,False,False,False,10,FALL,CLEAR,LIGHT
QUEENS,2026-10-06 12:00:00+00:00,9.924,0.0,34700.0,0.0,0.0,0.0,11.525623,2026-10-06,12,Tuesday,False,False,False,10,FALL,CLEAR,LIGHT
QUEENS,2026-10-06 13:00:00+00:00,10.724,0.0,32600.0,0.0,0.0,0.0,15.807239,2026-10-06,13,Tuesday,False,False,False,10,FALL,CLEAR,LIGHT
QUEENS,2026-10-06 14:00:00+00:00,12.324,0.0,41900.0,0.0,0.0,0.0,17.826363,2026-10-06,14,Tuesday,False,False,False,10,FALL,CLEAR,LIGHT
QUEENS,2026-10-06 15:00:00+00:00,13.674,0.0,46700.0,0.0,0.0,0.0,19.8,2026-10-06,15,Tuesday,False,False,False,10,FALL,CLEAR,LIGHT
QUEENS,2026-10-06 16:00:00+00:00,14.874,0.0,52000.0,0.0,0.0,0.0,14.618837,2026-10-06,16,Tuesday,False,True,False,10,FALL,CLEAR,LIGHT
QUEENS,2026-10-06 17:00:00+00:00,16.074001,0.0,55300.0,0.0,0.0,0.0,14.982228,2026-10-06,17,Tuesday,False,True,False,10,FALL,CLEAR,LIGHT
QUEENS,2026-10-06 18:00:00+00:00,16.924002,0.0,62100.0,0.0,0.0,0.0,15.683774,2026-10-06,18,Tuesday,False,True,False,10,FALL,CLEAR,LIGHT
QUEENS,2026-10-06 19:00:00+00:00,17.524,0.0,61400.0,0.0,0.0,0.0,14.372974,2026-10-06,19,Tuesday,False,False,False,10,FALL,CLEAR,LIGHT
QUEENS,2026-10-06 20:00:00+00:00,17.874,0.0,62000.0,0.0,0.0,0.0,13.661038,2026-10-06,20,Tuesday,False,False,True,10,FALL,CLEAR,LIGHT
QUEENS,2026-10-06 21:00:00+00:00,17.574001,0.0,64000.0,0.0,0.0,0.0,12.768586,2026-10-06,21,Tuesday,False,False,True,10,FALL,CLEAR,LIGHT
QUEENS,2026-10-06 22:00:00+00:00,16.274,0.0,59900.0,0.0,0.0,0.0,9.449572,2026-10-06,22,Tuesday,False,False,True,10,FALL,CLEAR,LIGHT
QUEENS,2026-10-06 23:00:00+00:00,13.874,0.0,48300.0,0.0,0.0,0.0,4.68,2026-10-06,23,Tuesday,False,False,True,10,FALL,CLEAR,LIGHT
QUEENS,2026-10-07 00:00:00+00:00,13.124,0.0,45200.0,0.0,0.0,0.0,6.489992,2026-10-07,0,Wednesday,False,False,True,10,FALL,CLEAR,LIGHT
QUEENS,2026-10-07 01:00:00+00:00,12.074,0.0,42400.0,0.0,0.0,0.0,6.12,2026-10-07,1,Wednesday,False,False,True,10,FALL,CLEAR,LIGHT
QUEENS,2026-10-07 02:00:00+00:00,11.024,0.0,37000.0,0.0,0.0,0.0,4.8965297,2026-10-07,2,Wednesday,False,False,True,10,FALL,CLEAR,LIGHT
QUEENS,2026-10-07 03:00:00+00:00,10.374,0.0,36700.0,0.0,0.0,0.0,3.8939953,2026-10-07,3,Wednesday,False,False,True,10,FALL,CLEAR,LIGHT
QUEENS,2026-10-07 04:00:00+00:00,9.524,0.0,31900.0,0.0,0.0,0.0,4.8965297,2026-10-07,4,Wednesday,False,False,True,10,FALL,CLEAR,LIGHT
QUEENS,2026-10-07 05:00:00+00:00,8.624,0.0,26800.0,0.0,0.0,0.0,2.9024127,2026-10-07,5,Wednesday,False,False,True,10,FALL,CLEAR,LIGHT
QUEENS,2026-10-07 06:00:00+00:00,9.074,0.0,34300.0,0.0,0.0,0.0,4.896529,2026-10-07,6,Wednesday,False,False,False,10,FALL,CLEAR,LIGHT
QUEENS,2026-10-07 07:00:00+00:00,8.474,0.0,30800.0,0.0,0.0,0.0,7.771331,2026-10-07,7,Wednesday,False,True,False,10,FALL,CLEAR,LIGHT
QUEENS,2026-10-07 08:00:00+00:00,7.824,0.0,26200.0,0.0,0.0,0.0,2.8116899,2026-10-07,8,Wednesday,False,True,False,10,FALL,CLEAR,LIGHT
QUEENS,2026-10-07 09:00:00+00:00,7.774,0.0,26700.0,0.0,0.0,0.0,3.7585104,2026-10-07,9,Wednesday,False,True,False,10,FALL,CLEAR,LIGHT
QUEENS,2026-10-07 10:00:00+00:00,7.924,0.0,30500.0,0.0,0.0,0.0,5.3999996,2026-10-07,10,Wednesday,False,False,False,10,FALL,CLEAR,LIGHT
QUEENS,2026-10-07 11:00:00+00:00,7.274,0.0,24700.0,0.0,0.0,0.0,9.178235,2026-10-07,11,Wednesday,False,False,False,10,FALL,CLEAR,LIGHT
QUEENS,2026-10-07 12:00:00+00:00,8.524,0.0,20400.0,0.0,0.0,0.0,2.1897945,2026-10-07,12,Wednesday,False,False,False,10,FALL,CLEAR,LIGHT
QUEENS,2026-10-07 13:00:00+00:00,12.424,0.0,26500.0,0.0,0.0,0.0,2.7416782,2026-10-07,13,Wednesday,False,False,False,10,FALL,CLEAR,LIGHT
QUEENS,2026-10-07 14:00:00+00:00,15.474,0.0,39600.0,0.0,0.0,0.0,4.802999,2026-10-07,14,Wednesday,False,False,False,10,FALL,CLEAR,LIGHT
QUEENS,2026-10-07 15:00:00+00:00,16.824001,0.0,46600.0,0.0,0.0,0.0,10.086427,2026-10-07,15,Wednesday,False,False,False,10,FALL,CLEAR,LIGHT
QUEENS,2026-10-07 16:00:00+00:00,18.224,0.0,47600.0,0.0,0.0,0.0,12.6462,2026-10-07,16,Wednesday,False,True,False,10,FALL,CLEAR,LIGHT
QUEENS,2026-10-07 17:00:00+00:00,18.774,0.0,49600.0,0.0,0.0,0.0,13.441071,2026-10-07,17,Wednesday,False,True,False,10,FALL,CLEAR,LIGHT
QUEENS,2026-10-07 18:00:00+00:00,18.774,0.0,42200.0,0.0,0.0,0.0,15.4800005,2026-10-07,18,Wednesday,False,True,False,10,FALL,CLEAR,LIGHT
QUEENS,2026-10-07 19:00:00+00:00,18.474,0.0,31900.0,0.0,0.0,0.0,18.671474,2026-10-07,19,Wednesday,False,False,False,10,FALL,CLEAR,LIGHT
QUEENS,2026-10-07 20:00:00+00:00,18.524,0.0,37200.0,0.0,0.0,0.0,17.76081,2026-10-07,20,Wednesday,False,False,True,10,FALL,CLEAR,LIGHT
QUEENS,2026-10-07 21:00:00+00:00,17.774,0.0,30200.0,0.0,0.0,0.0,19.483284,2026-10-07,21,Wednesday,False,False,True,10,FALL,CLEAR,LIGHT
QUEENS,2026-10-07 22:00:00+00:00,16.574001,0.0,25300.0,0.0,0.0,0.0,17.377226,2026-10-07,22,Wednesday,False,False,True,10,FALL,CLEAR,LIGHT
QUEENS,2026-10-07 23:00:00+00:00,15.824,0.0,22500.0,0.0,0.0,0.0,13.363711,2026-10-07,23,Wednesday,False,False,True,10,FALL,CLEAR,LIGHT
QUEENS,2026-10-08 00:00:00+00:00,16.074001,0.0,21900.0,0.0,0.0,0.0,16.56,2026-10-08,0,Thursday,False,False,True,10,FALL,CLEAR,LIGHT
QUEENS,2026-10-08 01:00:00+00:00,15.574,0.0,22900.0,0.0,0.0,0.0,11.841756,2026-10-08,1,Thursday,False,False,True,10,FALL,CLEAR,LIGHT
QUEENS,2026-10-08 02:00:00+00:00,15.424,0.0,26800.0,0.0,0.0,0.0,14.24163,2026-10-08,2,Thursday,False,False,True,10,FALL,CLEAR,LIGHT
QUEENS,2026-10-08 03:00:00+00:00,14.724,0.0,22300.0,0.0,0.0,0.0,11.631956,2026-10-08,3,Thursday,False,False,True,10,FALL,CLEAR,LIGHT
QUEENS,2026-10-08 04:00:00+00:00,14.224,0.0,21200.0,0.0,0.0,0.0,9.6932955,2026-10-08,4,Thursday,False,False,True,10,FALL,CLEAR,LIGHT
QUEENS,2026-10-08 05:00:00+00:00,14.274,0.0,20100.0,0.0,0.0,0.0,11.792404,2026-10-08,5,Thursday,False,False,True,10,FALL,CLEAR,LIGHT
QUEENS,2026-10-08 06:00:00+00:00,14.074,0.0,19000.0,0.0,0.0,0.0,10.587917,2026-10-08,6,Thursday,False,False,False,10,FALL,CLEAR,LIGHT
QUEENS,2026-10-08 07:00:00+00:00,13.724,0.0,14400.0,0.0,0.0,0.0,8.049845,2026-10-08,7,Thursday,False,True,False,10,FALL,CLEAR,LIGHT
QUEENS,2026-10-08 08:00:00+00:00,13.874,0.0,17100.0,0.0,0.0,0.0,7.9036193,2026-10-08,8,Thursday,False,True,False,10,FALL,CLEAR,LIGHT
QUEENS,2026-10-08 09:00:00+00:00,14.124,0.0,16700.0,0.0,0.0,0.0,10.495713,2026-10-08,9,Thursday,False,True,False,10,FALL,CLEAR,LIGHT
QUEENS,2026-10-08 10:00:00+00:00,14.274,0.0,17200.0,0.0,0.0,0.0,8.39657,2026-10-08,10,Thursday,False,False,False,10,FALL,CLEAR,LIGHT
QUEENS,2026-10-08 11:00:00+00:00,13.674,0.0,16100.0,0.0,0.0,0.0,9.19939,2026-10-08,11,Thursday,False,False,False,10,FALL,CLEAR,LIGHT
QUEENS,2026-10-08 12:00:00+00:00,15.024,0.0,16300.0,0.0,0.0,0.0,9.422101,2026-10-08,12,Thursday,False,False,False,10,FALL,CLEAR,LIGHT
QUEENS,2026-10-08 13:00:00+00:00,16.274,0.0,17300.0,0.0,0.0,0.0,12.979984,2026-10-08,13,Thursday,False,False,False,10,FALL,CLEAR,LIGHT
QUEENS,2026-10-08 14:00:00+00:00,18.074001,0.0,19900.0,0.0,0.0,0.0,14.512064,2026-10-08,14,Thursday,False,False,False,10,FALL,CLEAR,LIGHT
QUEENS,2026-10-08 15:00:00+00:00,20.674002,0.0,26000.0,0.0,0.0,0.0,15.273505,2026-10-08,15,Thursday,False,False,False,10,FALL,CLEAR,LIGHT
QUEENS,2026-10-08 16:00:00+00:00,22.874,0.0,32700.0,0.0,0.0,0.0,18.733839,2026-10-08,16,Thursday,False,True,False,10,FALL,CLEAR,LIGHT
QUEENS,2026-10-08 17:00:00+00:00,24.424002,0.0,49300.0,0.0,0.0,0.0,19.852295,2026-10-08,17,Thursday,False,True,False,10,FALL,CLEAR,LIGHT
QUEENS,2026-10-08 18:00:00+00:00,24.874,0.0,61900.0,0.0,0.0,0.0,25.212852,2026-10-08,18,Thursday,False,True,False,10,FALL,CLEAR,LIGHT
QUEENS,2026-10-08 19:00:00+00:00,24.474,0.0,61300.0,0.0,0.0,0.0,21.9718,2026-10-08,19,Thursday,False,False,False,10,FALL,CLEAR,LIGHT
QUEENS,2026-10-08 20:00:00+00:00,24.524,0.0,63300.0,0.0,0.0,0.0,21.749481,2026-10-08,20,Thursday,False,False,True,10,FALL,CLEAR,LIGHT
QUEENS,2026-10-08 21:00:00+00:00,23.624,0.0,64700.0,0.0,0.0,0.0,20.892412,2026-10-08,21,Thursday,False,False,True,10,FALL,CLEAR,LIGHT
QUEENS,2026-10-08 22:00:00+00:00,22.574001,0.0,61800.0,0.0,0.0,0.0,17.727943,2026-10-08,22,Thursday,False,False,True,10,FALL,CLEAR,LIGHT
QUEENS,2026-10-08 23:00:00+00:00,20.824001,0.0,57700.0,0.0,0.0,0.0,8.557102,2026-10-08,23,Thursday,False,False,True,10,FALL,CLEAR,LIGHT
QUEENS,2026-10-09 00:00:00+00:00,19.624,0.0,52900.0,0.0,0.0,0.0,6.12,2026-10-09,0,Friday,False,False,True,10,FALL,CLEAR,LIGHT
QUEENS,2026-10-09 01:00:00+00:00,18.374,0.0,46000.0,0.0,0.0,0.0,5.95906,2026-10-09,1,Friday,False,False,True,10,FALL,CLEAR,LIGHT
QUEENS,2026-10-09 02:00:00+00:00,17.574001,0.0,43200.0,0.0,0.0,0.0,6.297428,2026-10-09,2,Friday,False,False,True,10,FALL,CLEAR,LIGHT
QUEENS,2026-10-09 03:00:00+00:00,16.874,0.0,43800.0,0.0,0.0,0.0,7.24486,2026-10-09,3,Friday,False,False,True,10,FALL,CLEAR,LIGHT
QUEENS,2026-10-09 04:00:00+00:00,15.124,0.0,33600.0,0.0,0.0,0.0,4.198285,2026-10-09,4,Friday,False,False,True,10,FALL,CLEAR,LIGHT
QUEENS,2026-10-09 05:00:00+00:00,14.374,0.0,34400.0,0.0,0.0,0.0,3.7064266,2026-10-09,5,Friday,False,False,True,10,FALL,CLEAR,LIGHT
QUEENS,2026-10-09 06:00:00+00:00,14.274,0.0,37300.0,0.0,0.0,0.0,5.4833565,2026-10-09,6,Friday,False,False,False,10,FALL,CLEAR,LIGHT
QUEENS,2026-10-09 07:00:00+00:00,12.674,0.0,29900.0,0.0,0.0,0.0,3.219938,2026-10-09,7,Friday,False,True,False,10,FALL,CLEAR,LIGHT
QUEENS,2026-10-09 08:00:00+00:00,11.924,0.0,26500.0,0.0,0.0,0.0,0.35999998,2026-10-09,8,Friday,False,True,False,10,FALL,CLEAR,LIGHT
QUEENS,2026-10-09 09:00:00+00:00,11.174,0.0,23200.0,0.0,0.0,0.0,3.6,2026-10-09,9,Friday,False,True,False,10,FALL,CLEAR,LIGHT
QUEENS,2026-10-09 10:00:00+00:00,10.724,0.0,20800.0,0.0,0.0,0.0,4.0249224,2026-10-09,10,Friday,False,False,False,10,FALL,CLEAR,LIGHT
QUEENS,2026-10-09 11:00:00+00:00,11.324,0.0,26800.0,0.0,0.0,0.0,8.287822,2026-10-09,11,Friday,False,False,False,10,FALL,CLEAR,LIGHT
QUEENS,2026-10-09 12:00:00+00:00,12.774,0.0,24000.0,0.0,0.0,0.0,5.8603754,2026-10-09,12,Friday,False,False,False,10,FALL,CLEAR,LIGHT
QUEENS,2026-10-09 13:00:00+00:00,15.424,0.0,30600.0,0.0,0.0,0.0,4.68,2026-10-09,13,Friday,False,False,False,10,FALL,CLEAR,LIGHT
QUEENS,2026-10-09 14:00:00+00:00,17.874,0.0,39300.0,0.0,0.0,0.0,10.440001,2026-10-09,14,Friday,False,False,False,10,FALL,CLEAR,LIGHT
QUEENS,2026-10-09 15:00:00+00:00,19.924002,0.0,43700.0,0.0,0.0,0.0,9.178235,2026-10-09,15,Friday,False,False,False,10,FALL,CLEAR,LIGHT
QUEENS,2026-10-09 16:00:00+00:00,21.574001,0.0,46900.0,0.0,0.0,0.0,14.182355,2026-10-09,16,Friday,False,True,False,10,FALL,CLEAR,LIGHT
QUEENS,2026-10-09 17:00:00+00:00,23.024,0.0,58900.0,0.0,0.0,0.0,23.377836,2026-10-09,17,Friday,False,True,False,10,FALL,CLEAR,LIGHT
QUEENS,2026-10-09 18:00:00+00:00,23.474,0.0,61000.0,0.0,0.0,0.0,24.18707,2026-10-09,18,Friday,False,True,False,10,FALL,CLEAR,LIGHT
QUEENS,2026-10-09 19:00:00+00:00,23.374,0.0,59900.0,0.0,0.0,0.0,15.941944,2026-10-09,19,Friday,False,False,False,10,FALL,CLEAR,LIGHT
QUEENS,2026-10-09 20:00:00+00:00,23.224,0.0,63100.0,0.0,0.0,0.0,19.245697,2026-10-09,20,Friday,False,False,True,10,FALL,CLEAR,LIGHT
QUEENS,2026-10-09 21:00:00+00:00,22.274,0.0,61400.0,0.0,0.0,0.0,15.7908325,2026-10-09,21,Friday,False,False,True,10,FALL,CLEAR,LIGHT
QUEENS,2026-10-09 22:00:00+00:00,20.774,0.0,61300.0,0.0,0.0,0.0,10.00256,2026-10-09,22,Friday,False,False,True,10,FALL,CLEAR,LIGHT
QUEENS,2026-10-09 23:00:00+00:00,18.474,0.0,56500.0,0.0,0.0,0.0,9.220499,2026-10-09,23,Friday,False,False,True,10,FALL,CLEAR,LIGHT
QUEENS,2026-10-10 00:00:00+00:00,17.724,0.0,55000.0,0.0,0.0,0.0,6.638072,2026-10-10,0,Saturday,True,False,True,10,FALL,CLEAR,LIGHT
QUEENS,2026-10-10 01:00:00+00:00,16.074001,0.0,45500.0,0.0,0.0,0.0,9.422101,2026-10-10,1,Saturday,True,False,True,10,FALL,CLEAR,LIGHT
QUEENS,2026-10-10 02:00:00+00:00,16.424002,0.0,48100.0,0.0,0.0,0.0,9.085988,2026-10-10,2,Saturday,True,False,True,10,FALL,CLEAR,LIGHT
QUEENS,2026-10-10 03:00:00+00:00,15.274,0.0,40600.0,0.0,0.0,0.0,2.0991426,2026-10-10,3,Saturday,True,False,True,10,FALL,CLEAR,LIGHT
BRONX,2026-09-11 04:00:00+00:00,25.825998,0.0,28200.0,0.0,0.0,0.0,7.0911775,2026-09-11,4,Friday,False,False,True,9,FALL,CLEAR,LIGHT
BRONX,2026-09-11 05:00:00+00:00,24.925999,0.0,30500.0,0.0,0.0,0.0,7.342588,2026-09-11,5,Friday,False,False,True,9,FALL,CLEAR,LIGHT
BRONX,2026-09-11 06:00:00+00:00,23.425999,0.0,28300.0,0.0,0.0,0.0,7.5685663,2026-09-11,6,Friday,False,False,False,9,FALL,CLEAR,LIGHT
BRONX,2026-09-11 07:00:00+00:00,22.276,0.0,24700.0,0.0,0.0,0.0,1.2979984,2026-09-11,7,Friday,False,True,False,9,FALL,CLEAR,LIGHT
BRONX,2026-09-11 08:00:00+00:00,22.026,0.0,26600.0,0.0,0.0,0.0,5.495161,2026-09-11,8,Friday,False,True,False,9,FALL,CLEAR,LIGHT
BRONX,2026-09-11 09:00:00+00:00,21.575998,0.0,30300.0,0.0,0.0,0.0,5.6002855,2026-09-11,9,Friday,False,True,False,9,FALL,CLEAR,LIGHT
BRONX,2026-09-11 10:00:00+00:00,20.925999,0.0,32900.0,0.0,0.0,0.0,2.7416782,2026-09-11,10,Friday,False,False,False,9,FALL,CLEAR,LIGHT
BRONX,2026-09-11 11:00:00+00:00,20.976,0.0,39200.0,0.0,0.0,0.0,3.219938,2026-09-11,11,Friday,False,False,False,9,FALL,CLEAR,LIGHT
BRONX,2026-09-11 12:00:00+00:00,21.575998,0.0,36600.0,0.0,0.0,0.0,8.78872,2026-09-11,12,Friday,False,False,False,9,FALL,CLEAR,LIGHT
BRONX,2026-09-11 13:00:00+00:00,21.276,0.0,32200.0,0.0,0.0,0.0,8.404285,2026-09-11,13,Friday,False,False,False,9,FALL,CLEAR,LIGHT
BRONX,2026-09-11 14:00:00+00:00,22.526,0.0,33200.0,0.0,0.0,0.0,8.942214,2026-09-11,14,Friday,False,False,False,9,FALL,CLEAR,LIGHT
BRONX,2026-09-11 15:00:00+00:00,23.776,0.0,36400.0,0.0,0.0,0.0,10.97262,2026-09-11,15,Friday,False,False,False,9,FALL,CLEAR,LIGHT
BRONX,2026-09-11 16:00:00+00:00,24.825998,0.0,40300.0,0.0,0.0,0.0,9.931042,2026-09-11,16,Friday,False,True,False,9,FALL,CLEAR,LIGHT
BRONX,2026-09-11 17:00:00+00:00,25.726,0.0,45500.0,0.0,0.0,0.0,12.819235,2026-09-11,17,Friday,False,True,False,9,FALL,CLEAR,LIGHT
BRONX,2026-09-11 18:00:00+00:00,26.976,0.0,49500.0,0.0,0.0,0.0,10.703569,2026-09-11,18,Friday,False,True,False,9,FALL,CLEAR,LIGHT
BRONX,2026-09-11 19:00:00+00:00,27.675999,0.0,58100.0,0.0,0.0,0.0,12.904882,2026-09-11,19,Friday,False,False,False,9,FALL,CLEAR,LIGHT
BRONX,2026-09-11 20:00:00+00:00,27.925999,0.0,64300.0,0.0,0.0,0.0,14.81259,2026-09-11,20,Friday,False,False,True,9,FALL,CLEAR,LIGHT
BRONX,2026-09-11 21:00:00+00:00,26.876,0.0,56600.0,0.0,0.0,0.0,13.584932,2026-09-11,21,Friday,False,False,True,9,FALL,CLEAR,LIGHT
BRONX,2026-09-11 22:00:00+00:00,26.575998,0.0,57800.0,0.0,0.0,0.0,7.928177,2026-09-11,22,Friday,False,False,True,9,FALL,CLEAR,LIGHT
BRONX,2026-09-11 23:00:00+00:00,24.425999,0.0,53900.0,0.0,0.0,0.0,5.8048253,2026-09-11,23,Friday,False,False,True,9,FALL,CLEAR,LIGHT
BRONX,2026-09-12 00:00:00+00:00,22.876,0.0,47600.0,0.0,0.0,0.0,0.8049845,2026-09-12,0,Saturday,True,False,True,9,FALL,CLEAR,LIGHT
BRONX,2026-09-12 01:00:00+00:00,21.726,0.0,43200.0,0.0,0.0,0.0,2.7416782,2026-09-12,1,Saturday,True,False,True,9,FALL,CLEAR,LIGHT
BRONX,2026-09-12 02:00:00+00:00,20.376,0.0,39600.0,0.0,0.0,0.0,3.9763298,2026-09-12,2,Saturday,True,False,True,9,FALL,CLEAR,LIGHT
BRONX,2026-09-12 03:00:00+00:00,19.526,0.0,37200.0,0.0,0.0,0.0,2.968636,2026-09-12,3,Saturday,True,False,True,9,FALL,CLEAR,LIGHT
BRONX,2026-09-12 04:00:00+00:00,18.376,0.0,26200.0,0.0,0.0,0.0,2.9024127,2026-09-12,4,Saturday,True,False,True,9,FALL,CLEAR,LIGHT
BRONX,2026-09-12 05:00:00+00:00,17.726,0.0,18900.0,0.0,0.0,0.0,5.3999996,2026-09-12,5,Saturday,True,False,True,9,FALL,CLEAR,LIGHT
BRONX,2026-09-12 06:00:00+00:00,17.026,0.0,17800.0,0.0,0.0,0.0,4.379589,2026-09-12,6,Saturday,True,False,False,9,FALL,CLEAR,LIGHT
BRONX,2026-09-12 07:00:00+00:00,16.825998,0.0,17900.0,0.0,0.0,0.0,4.6800003,2026-09-12,7,Saturday,True,True,False,9,FALL,CLEAR,LIGHT
BRONX,2026-09-12 08:00:00+00:00,16.376,0.0,19300.0,0.0,0.0,0.0,4.1046314,2026-09-12,8,Saturday,True,True,False,9,FALL,CLEAR,LIGHT
BRONX,2026-09-12 09:00:00+00:00,15.976,0.0,18700.0,0.0,0.0,0.0,4.3349743,2026-09-12,9,Saturday,True,True,False,9,FALL,CLEAR,LIGHT
BRONX,2026-09-12 10:00:00+00:00,15.626,0.0,18300.0,0.0,0.0,0.0,5.1544156,2026-09-12,10,Saturday,True,False,False,9,FALL,CLEAR,LIGHT
BRONX,2026-09-12 11:00:00+00:00,15.526,0.0,20600.0,0.0,0.0,0.0,7.072878,2026-09-12,11,Saturday,True,False,False,9,FALL,CLEAR,LIGHT
BRONX,2026-09-12 12:00:00+00:00,17.925999,0.0,22000.0,0.0,0.0,0.0,6.5693827,2026-09-12,12,Saturday,True,False,False,9,FALL,CLEAR,LIGHT
BRONX,2026-09-12 13:00:00+00:00,20.976,0.0,24600.0,0.0,0.0,0.0,5.6233797,2026-09-12,13,Saturday,True,False,False,9,FALL,CLEAR,LIGHT
BRONX,2026-09-12 14:00:00+00:00,22.626,0.0,24500.0,0.0,0.0,0.0,8.089993,2026-09-12,14,Saturday,True,False,False,9,FALL,CLEAR,LIGHT
BRONX,2026-09-12 15:00:00+00:00,24.126,0.0,27500.0,0.0,0.0,0.0,6.8399997,2026-09-12,15,Saturday,True,False,False,9,FALL,CLEAR,LIGHT
BRONX,2026-09-12 16:00:00+00:00,25.575998,0.0,29800.0,0.0,0.0,0.0,6.849467,2026-09-12,16,Saturday,True,True,False,9,FALL,CLEAR,LIGHT
BRONX,2026-09-12 17:00:00+00:00,26.175999,0.0,29800.0,0.0,0.0,0.0,7.653705,2026-09-12,17,Saturday,True,True,False,9,FALL,CLEAR,LIGHT
BRONX,2026-09-12 18:00:00+00:00,26.175999,0.0,32200.0,0.0,0.0,0.0,14.986553,2026-09-12,18,Saturday,True,True,False,9,FALL,CLEAR,LIGHT
BRONX,2026-09-12 19:00:00+00:00,26.026,0.0,32600.0,0.0,0.0,0.0,18.58451,2026-09-12,19,Saturday,True,False,False,9,FALL,CLEAR,LIGHT
BRONX,2026-09-12 20:00:00+00:00,25.825998,0.0,30800.0,0.0,0.0,0.0,16.1198,2026-09-12,20,Saturday,True,False,True,9,FALL,CLEAR,LIGHT
BRONX,2026-09-12 21:00:00+00:00,25.075998,0.0,31300.0,0.0,0.0,0.0,17.287498,2026-09-12,21,Saturday,True,False,True,9,FALL,CLEAR,LIGHT
BRONX,2026-09-12 22:00:00+00:00,24.075998,0.0,32100.0,0.0,0.0,0.0,17.555307,2026-09-12,22,Saturday,True,False,True,9,FALL,CLEAR,LIGHT
BRONX,2026-09-12 23:00:00+00:00,23.026,0.0,30700.0,0.0,0.0,0.0,13.708391,2026-09-12,23,Saturday,True,False,True,9,FALL,CLEAR,LIGHT
BRONX,2026-09-13 00:00:00+00:00,22.726,0.0,30400.0,0.0,0.0,0.0,9.726664,2026-09-13,0,Sunday,True,False,True,9,FALL,CLEAR,LIGHT
BRONX,2026-09-13 01:00:00+00:00,22.276,0.0,31200.0,0.0,0.0,0.0,7.2,2026-09-13,1,Sunday,True,False,True,9,FALL,CLEAR,LIGHT
BRONX,2026-09-13 02:00:00+00:00,21.825998,0.0,29000.0,0.0,0.0,0.0,6.3690495,2026-09-13,2,Sunday,True,False,True,9,FALL,CLEAR,LIGHT
BRONX,2026-09-13 03:00:00+00:00,21.126,0.0,25700.0,0.0,0.0,0.0,7.0911775,2026-09-13,3,Sunday,True,False,True,9,FALL,CLEAR,LIGHT
BRONX,2026-09-13 04:00:00+00:00,20.626,0.0,22800.0,0.0,0.0,0.0,4.3498964,2026-09-13,4,Sunday,True,False,True,9,FALL,CLEAR,LIGHT
BRONX,2026-09-13 05:00:00+00:00,20.325998,0.0,20400.0,0.0,0.0,0.0,4.6938252,2026-09-13,5,Sunday,True,False,True,9,FALL,CLEAR,LIGHT
BRONX,2026-09-13 06:00:00+00:00,20.175999,0.0,18400.0,0.0,0.0,0.0,7.2805495,2026-09-13,6,Sunday,True,False,False,9,FALL,CLEAR,LIGHT
BRONX,2026-09-13 07:00:00+00:00,19.626,0.0,17500.0,0.0,0.0,0.0,3.4152596,2026-09-13,7,Sunday,True,True,False,9,FALL,CLEAR,LIGHT
BRONX,2026-09-13 08:00:00+00:00,20.175999,0.0,17900.0,0.0,0.0,0.0,3.396233,2026-09-13,8,Sunday,True,True,False,9,FALL,CLEAR,LIGHT
BRONX,2026-09-13 09:00:00+00:00,20.325998,0.4,8400.0,0.4,0.0,0.0,7.628263,2026-09-13,9,Sunday,True,True,False,9,FALL,RAIN,LIGHT
BRONX,2026-09-13 10:00:00+00:00,20.425999,0.4,12900.0,0.4,0.0,0.0,6.379216,2026-09-13,10,Sunday,True,False,False,9,FALL,RAIN,LIGHT
BRONX,2026-09-13 11:00:00+00:00,20.376,0.0,6800.0,0.0,0.0,0.0,5.8048253,2026-09-13,11,Sunday,True,False,False,9,FALL,CLEAR,LIGHT
BRONX,2026-09-13 12:00:00+00:00,21.226,0.0,12200.0,0.0,0.0,0.0,1.4399999,2026-09-13,12,Sunday,True,False,False,9,FALL,CLEAR,LIGHT
BRONX,2026-09-13 13:00:00+00:00,20.876,16.6,11400.0,16.6,0.0,0.0,5.6002855,2026-09-13,13,Sunday,True,False,False,9,FALL,RAIN,SEVERE
BRONX,2026-09-13 14:00:00+00:00,21.126,0.4,12200.0,0.4,0.0,0.0,5.1544156,2026-09-13,14,Sunday,True,False,False,9,FALL,RAIN,LIGHT
BRONX,2026-09-13 15:00:00+00:00,20.425999,0.4,12200.0,0.4,0.0,0.0,9.0,2026-09-13,15,Sunday,True,False,False,9,FALL,RAIN,LIGHT
BRONX,2026-09-13 16:00:00+00:00,20.325998,8.3,12200.0,8.3,0.0,0.0,5.8048253,2026-09-13,16,Sunday,True,True,False,9,FALL,RAIN,MODERATE
BRONX,2026-09-13 17:00:00+00:00,21.776,0.4,12200.0,0.4,0.0,0.0,11.457958,2026-09-13,17,Sunday,True,True,False,9,FALL,RAIN,LIGHT
BRONX,2026-09-13 18:00:00+00:00,23.126,0.0,14200.0,0.0,0.0,0.0,5.315336,2026-09-13,18,Sunday,True,True,False,9,FALL,CLEAR,LIGHT
BRONX,2026-09-13 19:00:00+00:00,24.925999,0.0,17200.0,0.0,0.0,0.0,4.3349743,2026-09-13,19,Sunday,True,False,False,9,FALL,CLEAR,LIGHT
BRONX,2026-09-13 20:00:00+00:00,25.876,0.0,20200.0,0.0,0.0,0.0,5.1544156,2026-09-13,20,Sunday,True,False,True,9,FALL,CLEAR,LIGHT
BRONX,2026-09-13 21:00:00+00:00,25.976,0.0,23000.0,0.0,0.0,0.0,5.2416787,2026-09-13,21,Sunday,True,False,True,9,FALL,CLEAR,LIGHT
BRONX,2026-09-13 22:00:00+00:00,25.976,0.0,23700.0,0.0,0.0,0.0,0.71999997,2026-09-13,22,Sunday,True,False,True,9,FALL,CLEAR,LIGHT
BRONX,2026-09-13 23:00:00+00:00,25.476,0.0,25500.0,0.0,0.0,0.0,2.2768397,2026-09-13,23,Sunday,True,False,True,9,FALL,CLEAR,LIGHT
BRONX,2026-09-14 00:00:00+00:00,23.976,0.0,17900.0,0.0,0.0,0.0,3.219938,2026-09-14,0,Monday,False,False,True,9,FALL,CLEAR,LIGHT
BRONX,2026-09-14 01:00:00+00:00,23.526,0.0,16400.0,0.0,0.0,0.0,2.5959969,2026-09-14,1,Monday,False,False,True,9,FALL,CLEAR,LIGHT
BRONX,2026-09-14 02:00:00+00:00,23.075998,0.0,15200.0,0.0,0.0,0.0,6.28713,2026-09-14,2,Monday,False,False,True,9,FALL,CLEAR,LIGHT
BRONX,2026-09-14 03:00:00+00:00,22.476,0.0,12800.0,0.0,0.0,0.0,4.73506,2026-09-14,3,Monday,False,False,True,9,FALL,CLEAR,LIGHT
BRONX,2026-09-14 04:00:00+00:00,22.526,0.0,14400.0,0.0,0.0,0.0,3.8939953,2026-09-14,4,Monday,False,False,True,9,FALL,CLEAR,LIGHT
BRONX,2026-09-14 05:00:00+00:00,22.276,0.0,13900.0,0.0,0.0,0.0,3.096837,2026-09-14,5,Monday,False,False,True,9,FALL,CLEAR,LIGHT
BRONX,2026-09-14 06:00:00+00:00,22.626,0.0,16000.0,0.0,0.0,0.0,10.594036,2026-09-14,6,Monday,False,False,False,9,FALL,CLEAR,LIGHT
BRONX,2026-09-14 07:00:00+00:00,22.075998,0.0,17400.0,0.0,0.0,0.0,7.968939,2026-09-14,7,Monday,False,True,False,9,FALL,CLEAR,LIGHT
BRONX,2026-09-14 08:00:00+00:00,21.675999,0.0,18300.0,0.0,0.0,0.0,12.57426,2026-09-14,8,Monday,False,True,False,9,FALL,CLEAR,LIGHT
BRONX,2026-09-14 09:00:00+00:00,20.376,0.0,21900.0,0.0,0.0,0.0,15.021105,2026-09-14,9,Monday,False,True,False,9,FALL,CLEAR,LIGHT
BRONX,2026-09-14 10:00:00+00:00,20.376,0.0,21000.0,0.0,0.0,0.0,14.336861,2026-09-14,10,Monday,False,False,False,9,FALL,CLEAR,LIGHT
BRONX,2026-09-14 11:00:00+00:00,20.726,0.0,25500.0,0.0,0.0,0.0,15.021105,2026-09-14,11,Monday,False,False,False,9,FALL,CLEAR,LIGHT
BRONX,2026-09-14 12:00:00+00:00,20.075998,0.0,27400.0,0.0,0.0,0.0,9.673221,2026-09-14,12,Monday,False,False,False,9,FALL,CLEAR,LIGHT
BRONX,2026-09-14 13:00:00+00:00,20.675999,0.0,30200.0,0.0,0.0,0.0,15.9134655,2026-09-14,13,Monday,False,False,False,9,FALL,CLEAR,LIGHT
BRONX,2026-09-14 14:00:00+00:00,21.276,0.0,32200.0,0.0,0.0,0.0,17.072504,2026-09-14,14,Monday,False,False,False,9,FALL,CLEAR,LIGHT
BRONX,2026-09-14 15:00:00+00:00,22.126,0.0,35700.0,0.0,0.0,0.0,18.391737,2026-09-14,15,Monday,False,False,False,9,FALL,CLEAR,LIGHT
BRONX,2026-09-14 16:00:00+00:00,22.526,0.0,32700.0,0.0,0.0,0.0,16.489416,2026-09-14,16,Monday,False,True,False,9,FALL,CLEAR,LIGHT
BRONX,2026-09-14 17:00:00+00:00,23.075998,0.0,37700.0,0.0,0.0,0.0,19.319628,2026-09-14,17,Monday,False,True,False,9,FALL,CLEAR,LIGHT
BRONX,2026-09-14 18:00:00+00:00,23.376,0.0,44900.0,0.0,0.0,0.0,20.570463,2026-09-14,18,Monday,False,True,False,9,FALL,CLEAR,LIGHT
BRONX,2026-09-14 19:00:00+00:00,24.226,0.0,51400.0,0.0,0.0,0.0,19.228851,2026-09-14,19,Monday,False,False,False,9,FALL,CLEAR,LIGHT
BRONX,2026-09-14 20:00:00+00:00,24.126,0.0,55800.0,0.0,0.0,0.0,20.63023,2026-09-14,20,Monday,False,False,True,9,FALL,CLEAR,LIGHT
BRONX,2026-09-14 21:00:00+00:00,23.726,0.0,55500.0,0.0,0.0,0.0,16.311613,2026-09-14,21,Monday,False,False,True,9,FALL,CLEAR,LIGHT
BRONX,2026-09-14 22:00:00+00:00,23.126,0.0,56000.0,0.0,0.0,0.0,15.509274,2026-09-14,22,Monday,False,False,True,9,FALL,CLEAR,LIGHT
BRONX,2026-09-14 23:00:00+00:00,21.325998,0.0,47700.0,0.0,0.0,0.0,9.693296,2026-09-14,23,Monday,False,False,True,9,FALL,CLEAR,LIGHT
BRONX,2026-09-15 00:00:00+00:00,19.075998,0.0,34100.0,0.0,0.0,0.0,6.3690495,2026-09-15,0,Tuesday,False,False,True,9,FALL,CLEAR,LIGHT
BRONX,2026-09-15 01:00:00+00:00,17.776,0.0,33000.0,0.0,0.0,0.0,6.28713,2026-09-15,1,Tuesday,False,False,True,9,FALL,CLEAR,LIGHT
BRONX,2026-09-15 02:00:00+00:00,16.026,0.0,28900.0,0.0,0.0,0.0,3.8268526,2026-09-15,2,Tuesday,False,False,True,9,FALL,CLEAR,LIGHT
BRONX,2026-09-15 03:00:00+00:00,15.626,0.0,28600.0,0.0,0.0,0.0,6.6185193,2026-09-15,3,Tuesday,False,False,True,9,FALL,CLEAR,LIGHT
BRONX,2026-09-15 04:00:00+00:00,14.726,0.0,27000.0,0.0,0.0,0.0,6.489992,2026-09-15,4,Tuesday,False,False,True,9,FALL,CLEAR,LIGHT
BRONX,2026-09-15 05:00:00+00:00,14.276,0.0,27300.0,0.0,0.0,0.0,6.9247384,2026-09-15,5,Tuesday,False,False,True,9,FALL,CLEAR,LIGHT
BRONX,2026-09-15 06:00:00+00:00,13.676,0.0,28400.0,0.0,0.0,0.0,5.771239,2026-09-15,6,Tuesday,False,False,False,9,FALL,CLEAR,LIGHT
BRONX,2026-09-15 07:00:00+00:00,12.826,0.0,23500.0,0.0,0.0,0.0,6.87779,2026-09-15,7,Tuesday,False,True,False,9,FALL,CLEAR,LIGHT
BRONX,2026-09-15 08:00:00+00:00,12.376,0.0,23500.0,0.0,0.0,0.0,7.5685663,2026-09-15,8,Tuesday,False,True,False,9,FALL,CLEAR,LIGHT
BRONX,2026-09-15 09:00:00+00:00,12.126,0.0,22300.0,0.0,0.0,0.0,3.2599385,2026-09-15,9,Tuesday,False,True,False,9,FALL,CLEAR,LIGHT
BRONX,2026-09-15 10:00:00+00:00,12.026,0.0,21400.0,0.0,0.0,0.0,5.8048253,2026-09-15,10,Tuesday,False,False,False,9,FALL,CLEAR,LIGHT
BRONX,2026-09-15 11:00:00+00:00,11.876,0.0,22100.0,0.0,0.0,0.0,5.771239,2026-09-15,11,Tuesday,False,False,False,9,FALL,CLEAR,LIGHT
BRONX,2026-09-15 12:00:00+00:00,13.926,0.0,23500.0,0.0,0.0,0.0,6.725354,2026-09-15,12,Tuesday,False,False,False,9,FALL,CLEAR,LIGHT
BRONX,2026-09-15 13:00:00+00:00,16.126,0.0,27000.0,0.0,0.0,0.0,8.78872,2026-09-15,13,Tuesday,False,False,False,9,FALL,CLEAR,LIGHT
BRONX,2026-09-15 14:00:00+00:00,17.776,0.0,25100.0,0.0,0.0,0.0,10.009036,2026-09-15,14,Tuesday,False,False,False,9,FALL,CLEAR,LIGHT
BRONX,2026-09-15 15:00:00+00:00,18.825998,0.0,27700.0,0.0,0.0,0.0,8.161764,2026-09-15,15,Tuesday,False,False,False,9,FALL,CLEAR,LIGHT
BRONX,2026-09-15 16:00:00+00:00,20.376,0.0,32800.0,0.0,0.0,0.0,5.3517847,2026-09-15,16,Tuesday,False,True,False,9,FALL,CLEAR,LIGHT
BRONX,2026-09-15 17:00:00+00:00,21.575998,0.0,35800.0,0.0,0.0,0.0,5.2416787,2026-09-15,17,Tuesday,False,True,False,9,FALL,CLEAR,LIGHT
BRONX,2026-09-15 18:00:00+00:00,22.075998,0.0,35800.0,0.0,0.0,0.0,8.311245,2026-09-15,18,Tuesday,False,True,False,9,FALL,CLEAR,LIGHT
BRONX,2026-09-15 19:00:00+00:00,23.175999,0.0,45600.0,0.0,0.0,0.0,5.6233797,2026-09-15,19,Tuesday,False,False,False,9,FALL,CLEAR,LIGHT
BRONX,2026-09-15 20:00:00+00:00,23.325998,0.0,42600.0,0.0,0.0,0.0,4.3349743,2026-09-15,20,Tuesday,False,False,True,9,FALL,CLEAR,LIGHT
BRONX,2026-09-15 21:00:00+00:00,22.976,0.0,37900.0,0.0,0.0,0.0,9.504273,2026-09-15,21,Tuesday,False,False,True,9,FALL,CLEAR,LIGHT
BRONX,2026-09-15 22:00:00+00:00,21.776,0.0,33100.0,0.0,0.0,0.0,11.631956,2026-09-15,22,Tuesday,False,False,True,9,FALL,CLEAR,LIGHT
BRONX,2026-09-15 23:00:00+00:00,19.175999,0.0,28400.0,0.0,0.0,0.0,12.303366,2026-09-15,23,Tuesday,False,False,True,9,FALL,CLEAR,LIGHT
BRONX,2026-09-16 00:00:00+00:00,18.026,0.0,25100.0,0.0,0.0,0.0,10.495713,2026-09-16,0,Wednesday,False,False,True,9,FALL,CLEAR,LIGHT
BRONX,2026-09-16 01:00:00+00:00,17.026,0.0,22800.0,0.0,0.0,0.0,7.127636,2026-09-16,1,Wednesday,False,False,True,9,FALL,CLEAR,LIGHT
BRONX,2026-09-16 02:00:00+00:00,16.425999,0.0,23100.0,0.0,0.0,0.0,5.3999996,2026-09-16,2,Wednesday,False,False,True,9,FALL,CLEAR,LIGHT
BRONX,2026-09-16 03:00:00+00:00,15.826,0.0,19100.0,0.0,0.0,0.0,6.1094027,2026-09-16,3,Wednesday,False,False,True,9,FALL,CLEAR,LIGHT
BRONX,2026-09-16 04:00:00+00:00,15.876,0.0,19500.0,0.0,0.0,0.0,1.08,2026-09-16,4,Wednesday,False,False,True,9,FALL,CLEAR,LIGHT
BRONX,2026-09-16 05:00:00+00:00,15.626,0.0,17100.0,0.0,0.0,0.0,2.3051248,2026-09-16,5,Wednesday,False,False,True,9,FALL,CLEAR,LIGHT
BRONX,2026-09-16 06:00:00+00:00,16.026,0.0,22800.0,0.0,0.0,0.0,2.7416782,2026-09-16,6,Wednesday,False,False,False,9,FALL,CLEAR,LIGHT
BRONX,2026-09-16 07:00:00+00:00,15.276,0.0,21600.0,0.0,0.0,0.0,2.968636,2026-09-16,7,Wednesday,False,True,False,9,FALL,CLEAR,LIGHT
BRONX,2026-09-16 08:00:00+00:00,14.976,0.0,17100.0,0.0,0.0,0.0,5.3999996,2026-09-16,8,Wednesday,False,True,False,9,FALL,CLEAR,LIGHT
BRONX,2026-09-16 09:00:00+00:00,15.276,0.0,20000.0,0.0,0.0,0.0,3.4152596,2026-09-16,9,Wednesday,False,True,False,9,FALL,CLEAR,LIGHT
BRONX,2026-09-16 10:00:00+00:00,15.226,0.0,20600.0,0.0,0.0,0.0,3.396233,2026-09-16,10,Wednesday,False,False,False,9,FALL,CLEAR,LIGHT
BRONX,2026-09-16 11:00:00+00:00,15.026,0.0,18700.0,0.0,0.0,0.0,4.510787,2026-09-16,11,Wednesday,False,False,False,9,FALL,CLEAR,LIGHT
BRONX,2026-09-16 12:00:00+00:00,17.175999,0.0,17800.0,0.0,0.0,0.0,4.0249224,2026-09-16,12,Wednesday,False,False,False,9,FALL,CLEAR,LIGHT
BRONX,2026-09-16 13:00:00+00:00,18.126,0.0,19500.0,0.0,0.0,0.0,8.647496,2026-09-16,13,Wednesday,False,False,False,9,FALL,CLEAR,LIGHT
BRONX,2026-09-16 14:00:00+00:00,18.825998,0.0,20400.0,0.0,0.0,0.0,8.4963045,2026-09-16,14,Wednesday,False,False,False,9,FALL,CLEAR,LIGHT
BRONX,2026-09-16 15:00:00+00:00,21.026,0.0,24000.0,0.0,0.0,0.0,9.693296,2026-09-16,15,Wednesday,False,False,False,9,FALL,CLEAR,LIGHT
BRONX,2026-09-16 16:00:00+00:00,23.276,0.0,26100.0,0.0,0.0,0.0,13.044722,2026-09-16,16,Wednesday,False,True,False,9,FALL,CLEAR,LIGHT
BRONX,2026-09-16 17:00:00+00:00,24.925999,0.0,30600.0,0.0,0.0,0.0,13.202726,2026-09-16,17,Wednesday,False,True,False,9,FALL,CLEAR,LIGHT
BRONX,2026-09-16 18:00:00+00:00,25.976,0.0,31700.0,0.0,0.0,0.0,12.144331,2026-09-16,18,Wednesday,False,True,False,9,FALL,CLEAR,LIGHT
BRONX,2026-09-16 19:00:00+00:00,24.976,0.0,32200.0,0.0,0.0,0.0,11.113451,2026-09-16,19,Wednesday,False,False,False,9,FALL,CLEAR,LIGHT
BRONX,2026-09-16 20:00:00+00:00,25.925999,0.0,28600.0,0.0,0.0,0.0,16.394829,2026-09-16,20,Wednesday,False,False,True,9,FALL,CLEAR,LIGHT
BRONX,2026-09-16 21:00:00+00:00,24.526,0.0,23200.0,0.0,0.0,0.0,15.281989,2026-09-16,21,Wednesday,False,False,True,9,FALL,CLEAR,LIGHT
BRONX,2026-09-16 22:00:00+00:00,23.675999,0.0,23300.0,0.0,0.0,0.0,12.641076,2026-09-16,22,Wednesday,False,False,True,9,FALL,CLEAR,LIGHT
BRONX,2026-09-16 23:00:00+00:00,22.626,0.0,20500.0,0.0,0.0,0.0,9.904906,2026-09-16,23,Wednesday,False,False,True,9,FALL,CLEAR,LIGHT
BRONX,2026-09-17 00:00:00+00:00,21.925999,0.0,19600.0,0.0,0.0,0.0,4.39436,2026-09-17,0,Thursday,False,False,True,9,FALL,CLEAR,LIGHT
BRONX,2026-09-17 01:00:00+00:00,21.575998,0.0,18200.0,0.0,0.0,0.0,3.563818,2026-09-17,1,Thursday,False,False,True,9,FALL,CLEAR,LIGHT
BRONX,2026-09-17 02:00:00+00:00,21.425999,0.0,18000.0,0.0,0.0,0.0,2.6208394,2026-09-17,2,Thursday,False,False,True,9,FALL,CLEAR,LIGHT
BRONX,2026-09-17 03:00:00+00:00,21.425999,0.0,17000.0,0.0,0.0,0.0,3.8773184,2026-09-17,3,Thursday,False,False,True,9,FALL,CLEAR,LIGHT
BRONX,2026-09-17 04:00:00+00:00,21.425999,0.0,14600.0,0.0,0.0,0.0,5.6920996,2026-09-17,4,Thursday,False,False,True,9,FALL,CLEAR,LIGHT
BRONX,2026-09-17 05:00:00+00:00,21.325998,0.0,14200.0,0.0,0.0,0.0,2.9024127,2026-09-17,5,Thursday,False,False,True,9,FALL,CLEAR,LIGHT
BRONX,2026-09-17 06:00:00+00:00,21.626,0.0,15000.0,0.0,0.0,0.0,1.9386592,2026-09-17,6,Thursday,False,False,False,9,FALL,CLEAR,LIGHT
BRONX,2026-09-17 07:00:00+00:00,21.075998,0.0,16300.0,0.0,0.0,0.0,3.396233,2026-09-17,7,Thursday,False,True,False,9,FALL,CLEAR,LIGHT
BRONX,2026-09-17 08:00:00+00:00,21.026,0.0,17100.0,0.0,0.0,0.0,1.8,2026-09-17,8,Thursday,False,True,False,9,FALL,CLEAR,LIGHT
BRONX,2026-09-17 09:00:00+00:00,20.575998,0.0,13600.0,0.0,0.0,0.0,1.8,2026-09-17,9,Thursday,False,True,False,9,FALL,CLEAR,LIGHT
BRONX,2026-09-17 10:00:00+00:00,20.526,0.0,15000.0,0.0,0.0,0.0,4.6938252,2026-09-17,10,Thursday,False,False,False,9,FALL,CLEAR,LIGHT
BRONX,2026-09-17 11:00:00+00:00,20.376,0.0,14300.0,0.0,0.0,0.0,2.8116899,2026-09-17,11,Thursday,False,False,False,9,FALL,CLEAR,LIGHT
BRONX,2026-09-17 12:00:00+00:00,22.075998,0.0,13700.0,0.0,0.0,0.0,2.5455842,2026-09-17,12,Thursday,False,False,False,9,FALL,CLEAR,LIGHT
BRONX,2026-09-17 13:00:00+00:00,23.575998,0.0,17100.0,0.0,0.0,0.0,3.6179552,2026-09-17,13,Thursday,False,False,False,9,FALL,CLEAR,LIGHT
BRONX,2026-09-17 14:00:00+00:00,24.776,0.0,19100.0,0.0,0.0,0.0,8.78872,2026-09-17,14,Thursday,False,False,False,9,FALL,CLEAR,LIGHT
BRONX,2026-09-17 15:00:00+00:00,25.376,0.0,21500.0,0.0,0.0,0.0,13.207634,2026-09-17,15,Thursday,False,False,False,9,FALL,CLEAR,LIGHT
BRONX,2026-09-17 16:00:00+00:00,26.976,0.0,24000.0,0.0,0.0,0.0,11.720751,2026-09-17,16,Thursday,False,True,False,9,FALL,CLEAR,LIGHT
BRONX,2026-09-17 17:00:00+00:00,29.376,0.0,31300.0,0.0,0.0,0.0,15.629972,2026-09-17,17,Thursday,False,True,False,9,FALL,CLEAR,LIGHT
BRONX,2026-09-17 18:00:00+00:00,27.776,0.0,23100.0,0.0,0.0,0.0,15.84409,2026-09-17,18,Thursday,False,True,False,9,FALL,CLEAR,LIGHT
BRONX,2026-09-17 19:00:00+00:00,26.876,0.0,20500.0,0.0,0.0,0.0,18.331741,2026-09-17,19,Thursday,False,False,False,9,FALL,CLEAR,LIGHT
BRONX,2026-09-17 20:00:00+00:00,27.175999,0.0,23300.0,0.0,0.0,0.0,15.379206,2026-09-17,20,Thursday,False,False,True,9,FALL,CLEAR,LIGHT
BRONX,2026-09-17 21:00:00+00:00,26.876,0.0,22100.0,0.0,0.0,0.0,15.484185,2026-09-17,21,Thursday,False,False,True,9,FALL,CLEAR,LIGHT
BRONX,2026-09-17 22:00:00+00:00,26.675999,0.0,22400.0,0.0,0.0,0.0,13.627795,2026-09-17,22,Thursday,False,False,True,9,FALL,CLEAR,LIGHT
BRONX,2026-09-17 23:00:00+00:00,26.476,0.0,25800.0,0.0,0.0,0.0,9.178235,2026-09-17,23,Thursday,False,False,True,9,FALL,CLEAR,LIGHT
BRONX,2026-09-18 00:00:00+00:00,26.026,1.8,27000.0,1.8,0.0,0.0,9.72,2026-09-18,0,Friday,False,False,True,9,FALL,RAIN,LIGHT
BRONX,2026-09-18 01:00:00+00:00,25.825998,0.0,25400.0,0.0,0.0,0.0,4.8433046,2026-09-18,1,Friday,False,False,True,9,FALL,CLEAR,LIGHT
BRONX,2026-09-18 02:00:00+00:00,25.026,0.0,21200.0,0.0,0.0,0.0,1.609969,2026-09-18,2,Friday,False,False,True,9,FALL,CLEAR,LIGHT
BRONX,2026-09-18 03:00:00+00:00,24.376,0.0,18000.0,0.0,0.0,0.0,6.130579,2026-09-18,3,Friday,False,False,True,9,FALL,CLEAR,LIGHT
BRONX,2026-09-18 04:00:00+00:00,24.276,0.0,18000.0,0.0,0.0,0.0,6.162207,2026-09-18,4,Friday,False,False,True,9,FALL,CLEAR,LIGHT
BRONX,2026-09-18 05:00:00+00:00,24.325998,0.0,18100.0,0.0,0.0,0.0,5.4119864,2026-09-18,5,Friday,False,False,True,9,FALL,CLEAR,LIGHT
BRONX,2026-09-18 06:00:00+00:00,24.425999,0.0,18800.0,0.0,0.0,0.0,6.12,2026-09-18,6,Friday,False,False,False,9,FALL,CLEAR,LIGHT
BRONX,2026-09-18 07:00:00+00:00,24.276,0.0,17700.0,0.0,0.0,0.0,3.2599385,2026-09-18,7,Friday,False,True,False,9,FALL,CLEAR,LIGHT
BRONX,2026-09-18 08:00:00+00:00,24.075998,0.0,16000.0,0.0,0.0,0.0,7.0911775,2026-09-18,8,Friday,False,True,False,9,FALL,CLEAR,LIGHT
BRONX,2026-09-18 09:00:00+00:00,23.276,0.0,14200.0,0.0,0.0,0.0,5.3517847,2026-09-18,9,Friday,False,True,False,9,FALL,CLEAR,LIGHT
BRONX,2026-09-18 10:00:00+00:00,22.925999,0.0,15200.0,0.0,0.0,0.0,5.6920996,2026-09-18,10,Friday,False,False,False,9,FALL,CLEAR,LIGHT
BRONX,2026-09-18 11:00:00+00:00,22.276,0.0,15000.0,0.0,0.0,0.0,8.473393,2026-09-18,11,Friday,False,False,False,9,FALL,CLEAR,LIGHT
BRONX,2026-09-18 12:00:00+00:00,23.026,0.0,17400.0,0.0,0.0,0.0,10.239453,2026-09-18,12,Friday,False,False,False,9,FALL,CLEAR,LIGHT
BRONX,2026-09-18 13:00:00+00:00,23.376,0.0,19500.0,0.0,0.0,0.0,11.013882,2026-09-18,13,Friday,False,False,False,9,FALL,CLEAR,LIGHT
BRONX,2026-09-18 14:00:00+00:00,23.776,0.0,22600.0,0.0,0.0,0.0,12.43434,2026-09-18,14,Friday,False,False,False,9,FALL,CLEAR,LIGHT
BRONX,2026-09-18 15:00:00+00:00,24.575998,0.0,24500.0,0.0,0.0,0.0,15.716793,2026-09-18,15,Friday,False,False,False,9,FALL,CLEAR,LIGHT
BRONX,2026-09-18 16:00:00+00:00,25.675999,0.0,27000.0,0.0,0.0,0.0,12.43434,2026-09-18,16,Friday,False,True,False,9,FALL,CLEAR,LIGHT
BRONX,2026-09-18 17:00:00+00:00,26.325998,0.0,33000.0,0.0,0.0,0.0,13.797913,2026-09-18,17,Friday,False,True,False,9,FALL,CLEAR,LIGHT
BRONX,2026-09-18 18:00:00+00:00,26.675999,0.0,35700.0,0.0,0.0,0.0,14.578888,2026-09-18,18,Friday,False,True,False,9,FALL,CLEAR,LIGHT
BRONX,2026-09-18 19:00:00+00:00,27.575998,0.0,42000.0,0.0,0.0,0.0,15.509274,2026-09-18,19,Friday,False,False,False,9,FALL,CLEAR,LIGHT
BRONX,2026-09-18 20:00:00+00:00,27.425999,0.0,37400.0,0.0,0.0,0.0,16.73516,2026-09-18,20,Friday,False,False,True,9,FALL,CLEAR,LIGHT
BRONX,2026-09-18 21:00:00+00:00,27.075998,0.0,36000.0,0.0,0.0,0.0,18.782204,2026-09-18,21,Friday,False,False,True,9,FALL,CLEAR,LIGHT
BRONX,2026-09-18 22:00:00+00:00,26.425999,0.0,40000.0,0.0,0.0,0.0,12.371645,2026-09-18,22,Friday,False,False,True,9,FALL,CLEAR,LIGHT
BRONX,2026-09-18 23:00:00+00:00,24.575998,0.0,38700.0,0.0,0.0,0.0,7.69592,2026-09-18,23,Friday,False,False,True,9,FALL,CLEAR,LIGHT
BRONX,2026-09-19 00:00:00+00:00,23.825998,0.0,36700.0,0.0,0.0,0.0,7.92,2026-09-19,0,Saturday,True,False,True,9,FALL,CLEAR,LIGHT
BRONX,2026-09-19 01:00:00+00:00,23.376,0.0,28300.0,0.0,0.0,0.0,6.439876,2026-09-19,1,Saturday,True,False,True,9,FALL,CLEAR,LIGHT
BRONX,2026-09-19 02:00:00+00:00,22.126,0.0,31600.0,0.0,0.0,0.0,10.105681,2026-09-19,2,Saturday,True,False,True,9,FALL,CLEAR,LIGHT
BRONX,2026-09-19 03:00:00+00:00,21.876,0.0,34800.0,0.0,0.0,0.0,9.826088,2026-09-19,3,Saturday,True,False,True,9,FALL,CLEAR,LIGHT
BRONX,2026-09-19 04:00:00+00:00,20.325998,0.0,34600.0,0.0,0.0,0.0,10.239453,2026-09-19,4,Saturday,True,False,True,9,FALL,CLEAR,LIGHT
BRONX,2026-09-19 05:00:00+00:00,19.276,0.0,35700.0,0.0,0.0,0.0,14.05845,2026-09-19,5,Saturday,True,False,True,9,FALL,CLEAR,LIGHT
BRONX,2026-09-19 06:00:00+00:00,18.876,0.0,29500.0,0.0,0.0,0.0,11.304229,2026-09-19,6,Saturday,True,False,False,9,FALL,CLEAR,LIGHT
BRONX,2026-09-19 07:00:00+00:00,17.876,0.0,29100.0,0.0,0.0,0.0,11.901798,2026-09-19,7,Saturday,True,True,False,9,FALL,CLEAR,LIGHT
BRONX,2026-09-19 08:00:00+00:00,17.575998,0.0,28300.0,0.0,0.0,0.0,10.661107,2026-09-19,8,Saturday,True,True,False,9,FALL,CLEAR,LIGHT
BRONX,2026-09-19 09:00:00+00:00,17.175999,0.0,30200.0,0.0,0.0,0.0,13.527572,2026-09-19,9,Saturday,True,True,False,9,FALL,CLEAR,LIGHT
BRONX,2026-09-19 10:00:00+00:00,16.526,0.0,35000.0,0.0,0.0,0.0,11.298495,2026-09-19,10,Saturday,True,False,False,9,FALL,CLEAR,LIGHT
BRONX,2026-09-19 11:00:00+00:00,17.476,0.0,39700.0,0.0,0.0,0.0,14.345898,2026-09-19,11,Saturday,True,False,False,9,FALL,CLEAR,LIGHT
BRONX,2026-09-19 12:00:00+00:00,16.976,0.0,35300.0,0.0,0.0,0.0,15.778518,2026-09-19,12,Saturday,True,False,False,9,FALL,CLEAR,LIGHT
BRONX,2026-09-19 13:00:00+00:00,17.825998,0.0,43300.0,0.0,0.0,0.0,15.575981,2026-09-19,13,Saturday,True,False,False,9,FALL,CLEAR,LIGHT
BRONX,2026-09-19 14:00:00+00:00,18.226,0.0,34200.0,0.0,0.0,0.0,17.884428,2026-09-19,14,Saturday,True,False,False,9,FALL,CLEAR,LIGHT
BRONX,2026-09-19 15:00:00+00:00,19.325998,0.0,34500.0,0.0,0.0,0.0,15.077082,2026-09-19,15,Saturday,True,False,False,9,FALL,CLEAR,LIGHT
BRONX,2026-09-19 16:00:00+00:00,19.776,0.0,35200.0,0.0,0.0,0.0,16.075521,2026-09-19,16,Saturday,True,True,False,9,FALL,CLEAR,LIGHT
BRONX,2026-09-19 17:00:00+00:00,20.325998,0.0,35200.0,0.0,0.0,0.0,11.792404,2026-09-19,17,Saturday,True,True,False,9,FALL,CLEAR,LIGHT
BRONX,2026-09-19 18:00:00+00:00,20.476,0.0,31400.0,0.0,0.0,0.0,11.681987,2026-09-19,18,Saturday,True,True,False,9,FALL,CLEAR,LIGHT
BRONX,2026-09-19 19:00:00+00:00,20.476,0.0,29700.0,0.0,0.0,0.0,10.514218,2026-09-19,19,Saturday,True,False,False,9,FALL,CLEAR,LIGHT
BRONX,2026-09-19 20:00:00+00:00,20.876,0.0,32600.0,0.0,0.0,0.0,8.891344,2026-09-19,20,Saturday,True,False,True,9,FALL,CLEAR,LIGHT
BRONX,2026-09-19 21:00:00+00:00,19.675999,0.0,29000.0,0.0,0.0,0.0,9.387651,2026-09-19,21,Saturday,True,False,True,9,FALL,CLEAR,LIGHT
BRONX,2026-09-19 22:00:00+00:00,19.376,0.0,26100.0,0.0,0.0,0.0,7.6367526,2026-09-19,22,Saturday,True,False,True,9,FALL,CLEAR,LIGHT
BRONX,2026-09-19 23:00:00+00:00,18.825998,0.0,28700.0,0.0,0.0,0.0,7.9932966,2026-09-19,23,Saturday,True,False,True,9,FALL,CLEAR,LIGHT
BRONX,2026-09-20 00:00:00+00:00,17.976,0.0,29000.0,0.0,0.0,0.0,10.685391,2026-09-20,0,Sunday,True,False,True,9,FALL,CLEAR,LIGHT
BRONX,2026-09-20 01:00:00+00:00,17.476,0.0,25900.0,0.0,0.0,0.0,11.525623,2026-09-20,1,Sunday,True,False,True,9,FALL,CLEAR,LIGHT
BRONX,2026-09-20 02:00:00+00:00,17.376,0.0,27200.0,0.0,0.0,0.0,10.00256,2026-09-20,2,Sunday,True,False,True,9,FALL,CLEAR,LIGHT
BRONX,2026-09-20 03:00:00+00:00,17.425999,0.0,26800.0,0.0,0.0,0.0,7.2,2026-09-20,3,Sunday,True,False,True,9,FALL,CLEAR,LIGHT
BRONX,2026-09-20 04:00:00+00:00,17.325998,0.0,24200.0,0.0,0.0,0.0,8.404285,2026-09-20,4,Sunday,True,False,True,9,FALL,CLEAR,LIGHT
BRONX,2026-09-20 05:00:00+00:00,17.425999,0.0,23600.0,0.0,0.0,0.0,6.830519,2026-09-20,5,Sunday,True,False,True,9,FALL,CLEAR,LIGHT
BRONX,2026-09-20 06:00:00+00:00,17.726,0.0,31600.0,0.0,0.0,0.0,6.193674,2026-09-20,6,Sunday,True,False,False,9,FALL,CLEAR,LIGHT
BRONX,2026-09-20 07:00:00+00:00,17.425999,0.0,29700.0,0.0,0.0,0.0,8.699793,2026-09-20,7,Sunday,True,True,False,9,FALL,CLEAR,LIGHT
BRONX,2026-09-20 08:00:00+00:00,17.226,0.0,24000.0,0.0,0.0,0.0,9.178235,2026-09-20,8,Sunday,True,True,False,9,FALL,CLEAR,LIGHT
BRONX,2026-09-20 09:00:00+00:00,17.075998,0.0,24800.0,0.0,0.0,0.0,5.0911684,2026-09-20,9,Sunday,True,True,False,9,FALL,CLEAR,LIGHT
BRONX,2026-09-20 10:00:00+00:00,16.825998,0.0,22100.0,0.0,0.0,0.0,7.5942073,2026-09-20,10,Sunday,True,False,False,9,FALL,CLEAR,LIGHT
BRONX,2026-09-20 11:00:00+00:00,17.325998,0.0,22300.0,0.0,0.0,0.0,9.007196,2026-09-20,11,Sunday,True,False,False,9,FALL,CLEAR,LIGHT
BRONX,2026-09-20 12:00:00+00:00,17.325998,0.7,14100.0,0.7,0.0,0.0,3.5455887,2026-09-20,12,Sunday,True,False,False,9,FALL,RAIN,LIGHT
BRONX,2026-09-20 13:00:00+00:00,17.126,0.7,13800.0,0.7,0.0,0.0,5.1165614,2026-09-20,13,Sunday,True,False,False,9,FALL,RAIN,LIGHT
BRONX,2026-09-20 14:00:00+00:00,17.575998,0.0,13400.0,0.0,0.0,0.0,8.854829,2026-09-20,14,Sunday,True,False,False,9,FALL,CLEAR,LIGHT
BRONX,2026-09-20 15:00:00+00:00,17.776,0.0,13600.0,0.0,0.0,0.0,10.44,2026-09-20,15,Sunday,True,False,False,9,FALL,CLEAR,LIGHT
BRONX,2026-09-20 16:00:00+00:00,18.675999,0.0,15600.0,0.0,0.0,0.0,13.783817,2026-09-20,16,Sunday,True,True,False,9,FALL,CLEAR,LIGHT
BRONX,2026-09-20 17:00:00+00:00,19.026,0.7,15200.0,0.7,0.0,0.0,9.449572,2026-09-20,17,Sunday,True,True,False,9,FALL,RAIN,LIGHT
BRONX,2026-09-20 18:00:00+00:00,19.126,0.4,14300.0,0.4,0.0,0.0,9.449572,2026-09-20,18,Sunday,True,True,False,9,FALL,RAIN,LIGHT
BRONX,2026-09-20 19:00:00+00:00,18.726,5.0,12200.0,5.0,0.0,0.0,11.304229,2026-09-20,19,Sunday,True,False,False,9,FALL,RAIN,MODERATE
BRONX,2026-09-20 20:00:00+00:00,19.175999,3.6,13300.0,3.6,0.0,0.0,11.681987,2026-09-20,20,Sunday,True,False,True,9,FALL,RAIN,LIGHT
BRONX,2026-09-20 21:00:00+00:00,19.325998,0.4,12900.0,0.4,0.0,0.0,6.297428,2026-09-20,21,Sunday,True,False,True,9,FALL,RAIN,LIGHT
BRONX,2026-09-20 22:00:00+00:00,19.575998,0.0,13000.0,0.0,0.0,0.0,3.563818,2026-09-20,22,Sunday,True,False,True,9,FALL,CLEAR,LIGHT
BRONX,2026-09-20 23:00:00+00:00,19.976,0.0,13400.0,0.0,0.0,0.0,4.6938252,2026-09-20,23,Sunday,True,False,True,9,FALL,CLEAR,LIGHT
BRONX,2026-09-21 00:00:00+00:00,20.325998,0.0,13800.0,0.0,0.0,0.0,5.692099,2026-09-21,0,Monday,False,False,True,9,FALL,CLEAR,LIGHT
BRONX,2026-09-21 01:00:00+00:00,20.325998,0.0,13000.0,0.0,0.0,0.0,9.585739,2026-09-21,1,Monday,False,False,True,9,FALL,CLEAR,LIGHT
BRONX,2026-09-21 02:00:00+00:00,20.075998,0.0,13400.0,0.0,0.0,0.0,9.885262,2026-09-21,2,Monday,False,False,True,9,FALL,CLEAR,LIGHT
BRONX,2026-09-21 03:00:00+00:00,19.476,0.0,11700.0,0.0,0.0,0.0,4.39436,2026-09-21,3,Monday,False,False,True,9,FALL,CLEAR,LIGHT
BRONX,2026-09-21 04:00:00+00:00,19.575998,2.2,14200.0,2.2,0.0,0.0,7.5942073,2026-09-21,4,Monday,False,False,True,9,FALL,RAIN,LIGHT
BRONX,2026-09-21 05:00:00+00:00,18.876,0.0,14500.0,0.0,0.0,0.0,10.495713,2026-09-21,5,Monday,False,False,True,9,FALL,CLEAR,LIGHT
BRONX,2026-09-21 06:00:00+00:00,18.226,0.0,13900.0,0.0,0.0,0.0,15.141414,2026-09-21,6,Monday,False,False,False,9,FALL,CLEAR,LIGHT
BRONX,2026-09-21 07:00:00+00:00,17.476,0.0,15200.0,0.0,0.0,0.0,13.797912,2026-09-21,7,Monday,False,True,False,9,FALL,CLEAR,LIGHT
BRONX,2026-09-21 08:00:00+00:00,16.925999,0.0,14100.0,0.0,0.0,0.0,16.215992,2026-09-21,8,Monday,False,True,False,9,FALL,CLEAR,LIGHT
BRONX,2026-09-21 09:00:00+00:00,16.675999,0.0,15300.0,0.0,0.0,0.0,11.901798,2026-09-21,9,Monday,False,True,False,9,FALL,CLEAR,LIGHT
BRONX,2026-09-21 10:00:00+00:00,16.276,0.0,15500.0,0.0,0.0,0.0,12.24,2026-09-21,10,Monday,False,False,False,9,FALL,CLEAR,LIGHT
BRONX,2026-09-21 11:00:00+00:00,16.226,0.0,16300.0,0.0,0.0,0.0,12.682018,2026-09-21,11,Monday,False,False,False,9,FALL,CLEAR,LIGHT
BRONX,2026-09-21 12:00:00+00:00,16.126,0.0,17900.0,0.0,0.0,0.0,15.84409,2026-09-21,12,Monday,False,False,False,9,FALL,CLEAR,LIGHT
BRONX,2026-09-21 13:00:00+00:00,16.476,0.0,18600.0,0.0,0.0,0.0,18.089775,2026-09-21,13,Monday,False,False,False,9,FALL,CLEAR,LIGHT
BRONX,2026-09-21 14:00:00+00:00,17.476,0.0,22300.0,0.0,0.0,0.0,16.039202,2026-09-21,14,Monday,False,False,False,9,FALL,CLEAR,LIGHT
BRONX,2026-09-21 15:00:00+00:00,19.376,0.0,27300.0,0.0,0.0,0.0,16.610792,2026-09-21,15,Monday,False,False,False,9,FALL,CLEAR,LIGHT
BRONX,2026-09-21 16:00:00+00:00,21.075998,0.0,34400.0,0.0,0.0,0.0,14.33234,2026-09-21,16,Monday,False,True,False,9,FALL,CLEAR,LIGHT
BRONX,2026-09-21 17:00:00+00:00,22.626,0.0,43000.0,0.0,0.0,0.0,16.595179,2026-09-21,17,Monday,False,True,False,9,FALL,CLEAR,LIGHT
BRONX,2026-09-21 18:00:00+00:00,21.626,0.0,34300.0,0.0,0.0,0.0,15.629971,2026-09-21,18,Monday,False,True,False,9,FALL,CLEAR,LIGHT
BRONX,2026-09-21 19:00:00+00:00,21.726,0.0,30400.0,0.0,0.0,0.0,14.84318,2026-09-21,19,Monday,False,False,False,9,FALL,CLEAR,LIGHT
BRONX,2026-09-21 20:00:00+00:00,22.075998,0.0,30600.0,0.0,0.0,0.0,14.57889,2026-09-21,20,Monday,False,False,True,9,FALL,CLEAR,LIGHT
BRONX,2026-09-21 21:00:00+00:00,21.626,0.0,31900.0,0.0,0.0,0.0,12.783802,2026-09-21,21,Monday,False,False,True,9,FALL,CLEAR,LIGHT
BRONX,2026-09-21 22:00:00+00:00,20.575998,0.0,33400.0,0.0,0.0,0.0,12.57426,2026-09-21,22,Monday,False,False,True,9,FALL,CLEAR,LIGHT
BRONX,2026-09-21 23:00:00+00:00,18.726,0.0,29300.0,0.0,0.0,0.0,5.815978,2026-09-21,23,Monday,False,False,True,9,FALL,CLEAR,LIGHT
BRONX,2026-09-22 00:00:00+00:00,19.276,0.0,34800.0,0.0,0.0,0.0,7.5685663,2026-09-22,0,Tuesday,False,False,True,9,FALL,CLEAR,LIGHT
BRONX,2026-09-22 01:00:00+00:00,18.276,0.0,28800.0,0.0,0.0,0.0,6.6185193,2026-09-22,1,Tuesday,False,False,True,9,FALL,CLEAR,LIGHT
BRONX,2026-09-22 02:00:00+00:00,17.776,0.0,29100.0,0.0,0.0,0.0,12.783802,2026-09-22,2,Tuesday,False,False,True,9,FALL,CLEAR,LIGHT
BRONX,2026-09-22 03:00:00+00:00,16.626,0.0,23600.0,0.0,0.0,0.0,11.165805,2026-09-22,3,Tuesday,False,False,True,9,FALL,CLEAR,LIGHT
BRONX,2026-09-22 04:00:00+00:00,15.976,0.0,24600.0,0.0,0.0,0.0,6.130579,2026-09-22,4,Tuesday,False,False,True,9,FALL,CLEAR,LIGHT
BRONX,2026-09-22 05:00:00+00:00,15.626,0.0,22400.0,0.0,0.0,0.0,11.252519,2026-09-22,5,Tuesday,False,False,True,9,FALL,CLEAR,LIGHT
BRONX,2026-09-22 06:00:00+00:00,15.226,0.0,23000.0,0.0,0.0,0.0,14.587776,2026-09-22,6,Tuesday,False,False,False,9,FALL,CLEAR,LIGHT
BRONX,2026-09-22 07:00:00+00:00,14.576,0.0,20400.0,0.0,0.0,0.0,13.039754,2026-09-22,7,Tuesday,False,True,False,9,FALL,CLEAR,LIGHT
BRONX,2026-09-22 08:00:00+00:00,14.026,0.0,19200.0,0.0,0.0,0.0,9.885262,2026-09-22,8,Tuesday,False,True,False,9,FALL,CLEAR,LIGHT
BRONX,2026-09-22 09:00:00+00:00,13.576,0.0,18900.0,0.0,0.0,0.0,10.739833,2026-09-22,9,Tuesday,False,True,False,9,FALL,CLEAR,LIGHT
BRONX,2026-09-22 10:00:00+00:00,13.826,0.0,20600.0,0.0,0.0,0.0,13.084402,2026-09-22,10,Tuesday,False,False,False,9,FALL,CLEAR,LIGHT
BRONX,2026-09-22 11:00:00+00:00,13.926,0.0,21700.0,0.0,0.0,0.0,11.659777,2026-09-22,11,Tuesday,False,False,False,9,FALL,CLEAR,LIGHT
BRONX,2026-09-22 12:00:00+00:00,14.426,0.0,21300.0,0.0,0.0,0.0,13.905509,2026-09-22,12,Tuesday,False,False,False,9,FALL,CLEAR,LIGHT
BRONX,2026-09-22 13:00:00+00:00,14.476,0.0,21300.0,0.0,0.0,0.0,9.983106,2026-09-22,13,Tuesday,False,False,False,9,FALL,CLEAR,LIGHT
BRONX,2026-09-22 14:00:00+00:00,14.276,0.0,22300.0,0.0,0.0,0.0,14.039999,2026-09-22,14,Tuesday,False,False,False,9,FALL,CLEAR,LIGHT
BRONX,2026-09-22 15:00:00+00:00,16.425999,0.0,26600.0,0.0,0.0,0.0,15.530151,2026-09-22,15,Tuesday,False,False,False,9,FALL,CLEAR,LIGHT
BRONX,2026-09-22 16:00:00+00:00,16.726,0.0,25100.0,0.0,0.0,0.0,16.055355,2026-09-22,16,Tuesday,False,True,False,9,FALL,CLEAR,LIGHT
BRONX,2026-09-22 17:00:00+00:00,18.626,0.0,25600.0,0.0,0.0,0.0,19.8,2026-09-22,17,Tuesday,False,True,False,9,FALL,CLEAR,LIGHT
BRONX,2026-09-22 18:00:00+00:00,19.575998,0.0,26200.0,0.0,0.0,0.0,22.148046,2026-09-22,18,Tuesday,False,True,False,9,FALL,CLEAR,LIGHT
BRONX,2026-09-22 19:00:00+00:00,19.726,0.0,27500.0,0.0,0.0,0.0,22.932877,2026-09-22,19,Tuesday,False,False,False,9,FALL,CLEAR,LIGHT
BRONX,2026-09-22 20:00:00+00:00,19.675999,0.0,29700.0,0.0,0.0,0.0,22.218153,2026-09-22,20,Tuesday,False,False,True,9,FALL,CLEAR,LIGHT
BRONX,2026-09-22 21:00:00+00:00,19.276,0.0,36100.0,0.0,0.0,0.0,18.584509,2026-09-22,21,Tuesday,False,False,True,9,FALL,CLEAR,LIGHT
BRONX,2026-09-22 22:00:00+00:00,18.675999,0.0,32300.0,0.0,0.0,0.0,14.77755,2026-09-22,22,Tuesday,False,False,True,9,FALL,CLEAR,LIGHT
BRONX,2026-09-22 23:00:00+00:00,17.376,0.0,34600.0,0.0,0.0,0.0,15.990646,2026-09-22,23,Tuesday,False,False,True,9,FALL,CLEAR,LIGHT
BRONX,2026-09-23 00:00:00+00:00,16.976,0.0,32600.0,0.0,0.0,0.0,12.397806,2026-09-23,0,Wednesday,False,False,True,9,FALL,CLEAR,LIGHT
BRONX,2026-09-23 01:00:00+00:00,16.726,0.0,35300.0,0.0,0.0,0.0,18.03237,2026-09-23,1,Wednesday,False,False,True,9,FALL,CLEAR,LIGHT
BRONX,2026-09-23 02:00:00+00:00,15.676,0.0,34000.0,0.0,0.0,0.0,22.73707,2026-09-23,2,Wednesday,False,False,True,9,FALL,CLEAR,LIGHT
BRONX,2026-09-23 03:00:00+00:00,14.476,0.0,36100.0,0.0,0.0,0.0,20.073025,2026-09-23,3,Wednesday,False,False,True,9,FALL,CLEAR,LIGHT
BRONX,2026-09-23 04:00:00+00:00,13.276,0.0,31900.0,0.0,0.0,0.0,16.434305,2026-09-23,4,Wednesday,False,False,True,9,FALL,CLEAR,LIGHT
BRONX,2026-09-23 05:00:00+00:00,12.726,0.0,36100.0,0.0,0.0,0.0,16.179985,2026-09-23,5,Wednesday,False,False,True,9,FALL,CLEAR,LIGHT
BRONX,2026-09-23 06:00:00+00:00,11.876,0.0,29300.0,0.0,0.0,0.0,14.799459,2026-09-23,6,Wednesday,False,False,False,9,FALL,CLEAR,LIGHT
BRONX,2026-09-23 07:00:00+00:00,11.926,0.0,26300.0,0.0,0.0,0.0,17.072504,2026-09-23,7,Wednesday,False,True,False,9,FALL,CLEAR,LIGHT
BRONX,2026-09-23 08:00:00+00:00,11.826,0.0,24800.0,0.0,0.0,0.0,16.92383,2026-09-23,8,Wednesday,False,True,False,9,FALL,CLEAR,LIGHT
BRONX,2026-09-23 09:00:00+00:00,11.726,0.0,24500.0,0.0,0.0,0.0,15.596767,2026-09-23,9,Wednesday,False,True,False,9,FALL,CLEAR,LIGHT
BRONX,2026-09-23 10:00:00+00:00,11.726,0.0,23500.0,0.0,0.0,0.0,17.193533,2026-09-23,10,Wednesday,False,False,False,9,FALL,CLEAR,LIGHT
BRONX,2026-09-23 11:00:00+00:00,11.726,0.0,22600.0,0.0,0.0,0.0,20.291357,2026-09-23,11,Wednesday,False,False,False,9,FALL,CLEAR,LIGHT
BRONX,2026-09-23 12:00:00+00:00,12.926,0.0,21700.0,0.0,0.0,0.0,16.75064,2026-09-23,12,Wednesday,False,False,False,9,FALL,CLEAR,LIGHT
BRONX,2026-09-23 13:00:00+00:00,14.376,0.0,22300.0,0.0,0.0,0.0,19.969458,2026-09-23,13,Wednesday,False,False,False,9,FALL,CLEAR,LIGHT
BRONX,2026-09-23 14:00:00+00:00,15.876,0.0,25300.0,0.0,0.0,0.0,21.203358,2026-09-23,14,Wednesday,False,False,False,9,FALL,CLEAR,LIGHT
BRONX,2026-09-23 15:00:00+00:00,17.126,0.0,25000.0,0.0,0.0,0.0,26.493652,2026-09-23,15,Wednesday,False,False,False,9,FALL,CLEAR,LIGHT
BRONX,2026-09-23 16:00:00+00:00,18.226,0.0,28500.0,0.0,0.0,0.0,25.772078,2026-09-23,16,Wednesday,False,True,False,9,FALL,CLEAR,LIGHT
BRONX,2026-09-23 17:00:00+00:00,18.675999,0.0,28700.0,0.0,0.0,0.0,26.493652,2026-09-23,17,Wednesday,False,True,False,9,FALL,CLEAR,LIGHT
BRONX,2026-09-23 18:00:00+00:00,19.726,0.0,33100.0,0.0,0.0,0.0,27.792374,2026-09-23,18,Wednesday,False,True,False,9,FALL,CLEAR,LIGHT
BRONX,2026-09-23 19:00:00+00:00,20.126,0.0,34000.0,0.0,0.0,0.0,22.401142,2026-09-23,19,Wednesday,False,False,False,9,FALL,CLEAR,LIGHT
BRONX,2026-09-23 20:00:00+00:00,20.575998,0.0,38100.0,0.0,0.0,0.0,20.523157,2026-09-23,20,Wednesday,False,False,True,9,FALL,CLEAR,LIGHT
BRONX,2026-09-23 21:00:00+00:00,20.126,0.0,48300.0,0.0,0.0,0.0,19.64228,2026-09-23,21,Wednesday,False,False,True,9,FALL,CLEAR,LIGHT
BRONX,2026-09-23 22:00:00+00:00,19.126,0.0,42400.0,0.0,0.0,0.0,20.188908,2026-09-23,22,Wednesday,False,False,True,9,FALL,CLEAR,LIGHT
BRONX,2026-09-23 23:00:00+00:00,17.376,0.0,44200.0,0.0,0.0,0.0,17.418196,2026-09-23,23,Wednesday,False,False,True,9,FALL,CLEAR,LIGHT
BRONX,2026-09-24 00:00:00+00:00,16.175999,0.0,37900.0,0.0,0.0,0.0,18.514643,2026-09-24,0,Thursday,False,False,True,9,FALL,CLEAR,LIGHT
BRONX,2026-09-24 01:00:00+00:00,15.126,0.0,34500.0,0.0,0.0,0.0,16.09969,2026-09-24,1,Thursday,False,False,True,9,FALL,CLEAR,LIGHT
BRONX,2026-09-24 02:00:00+00:00,14.426,0.0,33100.0,0.0,0.0,0.0,19.513195,2026-09-24,2,Thursday,False,False,True,9,FALL,CLEAR,LIGHT
BRONX,2026-09-24 03:00:00+00:00,13.676,0.0,35000.0,0.0,0.0,0.0,19.523155,2026-09-24,3,Thursday,False,False,True,9,FALL,CLEAR,LIGHT
BRONX,2026-09-24 04:00:00+00:00,12.676,0.0,31500.0,0.0,0.0,0.0,16.45007,2026-09-24,4,Thursday,False,False,True,9,FALL,CLEAR,LIGHT
BRONX,2026-09-24 05:00:00+00:00,12.026,0.0,26000.0,0.0,0.0,0.0,17.727943,2026-09-24,5,Thursday,False,False,True,9,FALL,CLEAR,LIGHT
BRONX,2026-09-24 06:00:00+00:00,11.576,0.0,23000.0,0.0,0.0,0.0,17.447933,2026-09-24,6,Thursday,False,False,False,9,FALL,CLEAR,LIGHT
BRONX,2026-09-24 07:00:00+00:00,11.326,0.0,21500.0,0.0,0.0,0.0,16.520823,2026-09-24,7,Thursday,False,True,False,9,FALL,CLEAR,LIGHT
BRONX,2026-09-24 08:00:00+00:00,10.876,0.0,22100.0,0.0,0.0,0.0,15.03835,2026-09-24,8,Thursday,False,True,False,9,FALL,CLEAR,LIGHT
BRONX,2026-09-24 09:00:00+00:00,10.676,0.0,19600.0,0.0,0.0,0.0,16.24394,2026-09-24,9,Thursday,False,True,False,9,FALL,CLEAR,LIGHT
BRONX,2026-09-24 10:00:00+00:00,10.526,0.0,19400.0,0.0,0.0,0.0,15.629971,2026-09-24,10,Thursday,False,False,False,9,FALL,CLEAR,LIGHT
BRONX,2026-09-24 11:00:00+00:00,10.176,0.0,18300.0,0.0,0.0,0.0,15.226764,2026-09-24,11,Thursday,False,False,False,9,FALL,CLEAR,LIGHT
BRONX,2026-09-24 12:00:00+00:00,11.576,0.0,17600.0,0.0,0.0,0.0,17.193533,2026-09-24,12,Thursday,False,False,False,9,FALL,CLEAR,LIGHT
BRONX,2026-09-24 13:00:00+00:00,12.926,0.0,20100.0,0.0,0.0,0.0,19.64228,2026-09-24,13,Thursday,False,False,False,9,FALL,CLEAR,LIGHT
BRONX,2026-09-24 14:00:00+00:00,14.726,0.0,24200.0,0.0,0.0,0.0,22.065973,2026-09-24,14,Thursday,False,False,False,9,FALL,CLEAR,LIGHT
BRONX,2026-09-24 15:00:00+00:00,16.325998,0.0,27000.0,0.0,0.0,0.0,23.000591,2026-09-24,15,Thursday,False,False,False,9,FALL,CLEAR,LIGHT
BRONX,2026-09-24 16:00:00+00:00,17.425999,0.0,30700.0,0.0,0.0,0.0,17.610588,2026-09-24,16,Thursday,False,True,False,9,FALL,CLEAR,LIGHT
BRONX,2026-09-24 17:00:00+00:00,17.976,0.0,29600.0,0.0,0.0,0.0,19.576189,2026-09-24,17,Thursday,False,True,False,9,FALL,CLEAR,LIGHT
BRONX,2026-09-24 18:00:00+00:00,19.075998,0.0,35700.0,0.0,0.0,0.0,17.377226,2026-09-24,18,Thursday,False,True,False,9,FALL,CLEAR,LIGHT
BRONX,2026-09-24 19:00:00+00:00,19.575998,0.0,40700.0,0.0,0.0,0.0,14.77755,2026-09-24,19,Thursday,False,False,False,9,FALL,CLEAR,LIGHT
BRONX,2026-09-24 20:00:00+00:00,19.626,0.0,40300.0,0.0,0.0,0.0,13.783817,2026-09-24,20,Thursday,False,False,True,9,FALL,CLEAR,LIGHT
BRONX,2026-09-24 21:00:00+00:00,19.776,0.0,49100.0,0.0,0.0,0.0,17.555305,2026-09-24,21,Thursday,False,False,True,9,FALL,CLEAR,LIGHT
BRONX,2026-09-24 22:00:00+00:00,18.325998,0.0,43200.0,0.0,0.0,0.0,14.618837,2026-09-24,22,Thursday,False,False,True,9,FALL,CLEAR,LIGHT
BRONX,2026-09-24 23:00:00+00:00,16.876,0.0,43800.0,0.0,0.0,0.0,12.015589,2026-09-24,23,Thursday,False,False,True,9,FALL,CLEAR,LIGHT
BRONX,2026-09-25 00:00:00+00:00,16.726,0.0,42500.0,0.0,0.0,0.0,16.700275,2026-09-25,0,Friday,False,False,True,9,FALL,CLEAR,LIGHT
BRONX,2026-09-25 01:00:00+00:00,15.926,0.0,40500.0,0.0,0.0,0.0,11.367109,2026-09-25,1,Friday,False,False,True,9,FALL,CLEAR,LIGHT
BRONX,2026-09-25 02:00:00+00:00,14.926,0.0,41400.0,0.0,0.0,0.0,14.408997,2026-09-25,2,Friday,False,False,True,9,FALL,CLEAR,LIGHT
BRONX,2026-09-25 03:00:00+00:00,14.176,0.0,37700.0,0.0,0.0,0.0,14.372974,2026-09-25,3,Friday,False,False,True,9,FALL,CLEAR,LIGHT
BRONX,2026-09-25 04:00:00+00:00,13.426,0.0,40700.0,0.0,0.0,0.0,11.4862,2026-09-25,4,Friday,False,False,True,9,FALL,CLEAR,LIGHT
BRONX,2026-09-25 05:00:00+00:00,12.976,0.0,40500.0,0.0,0.0,0.0,16.981165,2026-09-25,5,Friday,False,False,True,9,FALL,CLEAR,LIGHT
BRONX,2026-09-25 06:00:00+00:00,12.726,0.0,36900.0,0.0,0.0,0.0,17.015474,2026-09-25,6,Friday,False,False,False,9,FALL,CLEAR,LIGHT
BRONX,2026-09-25 07:00:00+00:00,12.476,0.0,34200.0,0.0,0.0,0.0,16.78156,2026-09-25,7,Friday,False,True,False,9,FALL,CLEAR,LIGHT
BRONX,2026-09-25 08:00:00+00:00,12.626,0.0,32300.0,0.0,0.0,0.0,13.276144,2026-09-25,8,Friday,False,True,False,9,FALL,CLEAR,LIGHT
BRONX,2026-09-25 09:00:00+00:00,12.926,0.0,31400.0,0.0,0.0,0.0,13.698934,2026-09-25,9,Friday,False,True,False,9,FALL,CLEAR,LIGHT
BRONX,2026-09-25 10:00:00+00:00,12.426,0.0,30600.0,0.0,0.0,0.0,15.124284,2026-09-25,10,Friday,False,False,False,9,FALL,CLEAR,LIGHT
BRONX,2026-09-25 11:00:00+00:00,12.676,0.0,29100.0,0.0,0.0,0.0,16.263872,2026-09-25,11,Friday,False,False,False,9,FALL,CLEAR,LIGHT
BRONX,2026-09-25 12:00:00+00:00,13.376,0.0,27500.0,0.0,0.0,0.0,17.64,2026-09-25,12,Friday,False,False,False,9,FALL,CLEAR,LIGHT
BRONX,2026-09-25 13:00:00+00:00,15.526,0.0,36400.0,0.0,0.0,0.0,20.275383,2026-09-25,13,Friday,False,False,False,9,FALL,CLEAR,LIGHT
BRONX,2026-09-25 14:00:00+00:00,17.226,0.0,39000.0,0.0,0.0,0.0,21.434364,2026-09-25,14,Friday,False,False,False,9,FALL,CLEAR,LIGHT
BRONX,2026-09-25 15:00:00+00:00,18.726,0.0,44100.0,0.0,0.0,0.0,23.83896,2026-09-25,15,Friday,False,False,False,9,FALL,CLEAR,LIGHT
BRONX,2026-09-25 16:00:00+00:00,19.976,0.0,45900.0,0.0,0.0,0.0,23.241617,2026-09-25,16,Friday,False,True,False,9,FALL,CLEAR,LIGHT
BRONX,2026-09-25 17:00:00+00:00,20.976,0.0,48200.0,0.0,0.0,0.0,25.346148,2026-09-25,17,Friday,False,True,False,9,FALL,CLEAR,LIGHT
BRONX,2026-09-25 18:00:00+00:00,21.276,0.0,45400.0,0.0,0.0,0.0,26.042212,2026-09-25,18,Friday,False,True,False,9,FALL,CLEAR,LIGHT
BRONX,2026-09-25 19:00:00+00:00,21.526,0.0,47700.0,0.0,0.0,0.0,26.932714,2026-09-25,19,Friday,False,False,False,9,FALL,CLEAR,LIGHT
BRONX,2026-09-25 20:00:00+00:00,21.175999,0.0,51200.0,0.0,0.0,0.0,24.490587,2026-09-25,20,Friday,False,False,True,9,FALL,CLEAR,LIGHT
BRONX,2026-09-25 21:00:00+00:00,20.825998,0.0,45400.0,0.0,0.0,0.0,24.881702,2026-09-25,21,Friday,False,False,True,9,FALL,CLEAR,LIGHT
BRONX,2026-09-25 22:00:00+00:00,20.226,0.0,46100.0,0.0,0.0,0.0,25.223133,2026-09-25,22,Friday,False,False,True,9,FALL,CLEAR,LIGHT
BRONX,2026-09-25 23:00:00+00:00,20.526,0.0,57500.0,0.0,0.0,0.0,24.087738,2026-09-25,23,Friday,False,False,True,9,FALL,CLEAR,LIGHT
BRONX,2026-09-26 00:00:00+00:00,19.876,0.0,55600.0,0.0,0.0,0.0,26.052162,2026-09-26,0,Saturday,True,False,True,9,FALL,CLEAR,LIGHT
BRONX,2026-09-26 01:00:00+00:00,18.376,0.0,45800.0,0.0,0.0,0.0,19.855558,2026-09-26,1,Saturday,True,False,True,9,FALL,CLEAR,LIGHT
BRONX,2026-09-26 02:00:00+00:00,17.825998,0.0,46400.0,0.0,0.0,0.0,24.063513,2026-09-26,2,Saturday,True,False,True,9,FALL,CLEAR,LIGHT
BRONX,2026-09-26 03:00:00+00:00,14.726,1.1,9500.0,1.1,0.0,0.0,16.516901,2026-09-26,3,Saturday,True,False,True,9,FALL,RAIN,LIGHT
BRONX,2026-09-26 04:00:00+00:00,14.276,0.0,26900.0,0.0,0.0,0.0,26.368616,2026-09-26,4,Saturday,True,False,True,9,FALL,CLEAR,LIGHT
BRONX,2026-09-26 05:00:00+00:00,14.376,0.0,27400.0,0.0,0.0,0.0,21.485697,2026-09-26,5,Saturday,True,False,True,9,FALL,CLEAR,LIGHT
BRONX,2026-09-26 06:00:00+00:00,14.676,0.0,32400.0,0.0,0.0,0.0,26.042212,2026-09-26,6,Saturday,True,False,False,9,FALL,CLEAR,LIGHT
BRONX,2026-09-26 07:00:00+00:00,14.026,2.2,23300.0,2.2,0.0,0.0,23.933907,2026-09-26,7,Saturday,True,True,False,9,FALL,RAIN,LIGHT
BRONX,2026-09-26 08:00:00+00:00,13.576,4.7,10400.0,4.7,0.0,0.0,25.959969,2026-09-26,8,Saturday,True,True,False,9,FALL,RAIN,LIGHT
BRONX,2026-09-26 09:00:00+00:00,13.726,0.0,18500.0,0.0,0.0,0.0,24.48,2026-09-26,9,Saturday,True,True,False,9,FALL,CLEAR,LIGHT
BRONX,2026-09-26 10:00:00+00:00,13.276,0.0,11400.0,0.0,0.0,0.0,21.434364,2026-09-26,10,Saturday,True,False,False,9,FALL,CLEAR,LIGHT
BRONX,2026-09-26 11:00:00+00:00,13.276,0.4,17600.0,0.4,0.0,0.0,20.008356,2026-09-26,11,Saturday,True,False,False,9,FALL,RAIN,LIGHT
BRONX,2026-09-26 12:00:00+00:00,13.176,0.4,14900.0,0.4,0.0,0.0,22.366402,2026-09-26,12,Saturday,True,False,False,9,FALL,RAIN,LIGHT
BRONX,2026-09-26 13:00:00+00:00,13.576,0.0,16000.0,0.0,0.0,0.0,19.110542,2026-09-26,13,Saturday,True,False,False,9,FALL,CLEAR,LIGHT
BRONX,2026-09-26 14:00:00+00:00,14.376,0.0,19100.0,0.0,0.0,0.0,29.195534,2026-09-26,14,Saturday,True,False,False,9,FALL,CLEAR,LIGHT
BRONX,2026-09-26 15:00:00+00:00,13.476,0.7,9500.0,0.7,0.0,0.0,25.210283,2026-09-26,15,Saturday,True,False,False,9,FALL,RAIN,LIGHT
BRONX,2026-09-26 16:00:00+00:00,14.126,0.0,18100.0,0.0,0.0,0.0,21.24305,2026-09-26,16,Saturday,True,True,False,9,FALL,CLEAR,LIGHT
BRONX,2026-09-26 17:00:00+00:00,14.826,0.0,16500.0,0.0,0.0,0.0,21.9718,2026-09-26,17,Saturday,True,True,False,9,FALL,CLEAR,LIGHT
BRONX,2026-09-26 18:00:00+00:00,15.476,0.0,20200.0,0.0,0.0,0.0,25.241108,2026-09-26,18,Saturday,True,True,False,9,FALL,CLEAR,LIGHT
BRONX,2026-09-26 19:00:00+00:00,15.226,0.0,18200.0,0.0,0.0,0.0,19.469976,2026-09-26,19,Saturday,True,False,False,9,FALL,CLEAR,LIGHT
BRONX,2026-09-26 20:00:00+00:00,14.926,0.0,19300.0,0.0,0.0,0.0,23.40277,2026-09-26,20,Saturday,True,False,True,9,FALL,CLEAR,LIGHT
BRONX,2026-09-26 21:00:00+00:00,14.526,0.7,17700.0,0.7,0.0,0.0,23.110207,2026-09-26,21,Saturday,True,False,True,9,FALL,RAIN,LIGHT
BRONX,2026-09-26 22:00:00+00:00,14.326,0.0,17400.0,0.0,0.0,0.0,23.762726,2026-09-26,22,Saturday,True,False,True,9,FALL,CLEAR,LIGHT
BRONX,2026-09-26 23:00:00+00:00,14.326,0.4,17300.0,0.4,0.0,0.0,21.2522,2026-09-26,23,Saturday,True,False,True,9,FALL,RAIN,LIGHT
BRONX,2026-09-27 00:00:00+00:00,14.126,2.2,6200.0,2.2,0.0,0.0,21.349546,2026-09-27,0,Sunday,True,False,True,9,FALL,RAIN,LIGHT
BRONX,2026-09-27 01:00:00+00:00,13.976,6.5,8500.0,6.5,0.0,0.0,21.841648,2026-09-27,1,Sunday,True,False,True,9,FALL,RAIN,MODERATE
BRONX,2026-09-27 02:00:00+00:00,13.876,1.1,16000.0,1.1,0.0,0.0,24.216522,2026-09-27,2,Sunday,True,False,True,9,FALL,RAIN,LIGHT
BRONX,2026-09-27 03:00:00+00:00,14.126,1.4,7300.0,1.4,0.0,0.0,21.349546,2026-09-27,3,Sunday,True,False,True,9,FALL,RAIN,LIGHT
BRONX,2026-09-27 04:00:00+00:00,14.376,1.8,5500.0,1.8,0.0,0.0,22.065973,2026-09-27,4,Sunday,True,False,True,9,FALL,RAIN,LIGHT
BRONX,2026-09-27 05:00:00+00:00,14.526,1.1,15300.0,1.1,0.0,0.0,21.829777,2026-09-27,5,Sunday,True,False,True,9,FALL,RAIN,LIGHT
BRONX,2026-09-27 06:00:00+00:00,14.826,2.9,5900.0,2.9,0.0,0.0,24.609364,2026-09-27,6,Sunday,True,False,False,9,FALL,RAIN,LIGHT
BRONX,2026-09-27 07:00:00+00:00,14.626,0.0,14700.0,0.0,0.0,0.0,26.758923,2026-09-27,7,Sunday,True,True,False,9,FALL,CLEAR,LIGHT
BRONX,2026-09-27 08:00:00+00:00,14.826,4.7,9800.0,4.7,0.0,0.0,21.897945,2026-09-27,8,Sunday,True,True,False,9,FALL,RAIN,LIGHT
BRONX,2026-09-27 09:00:00+00:00,14.726,0.0,8000.0,0.0,0.0,0.0,19.45333,2026-09-27,9,Sunday,True,True,False,9,FALL,CLEAR,LIGHT
BRONX,2026-09-27 10:00:00+00:00,14.676,4.7,14300.0,4.7,0.0,0.0,27.153164,2026-09-27,10,Sunday,True,False,False,9,FALL,RAIN,LIGHT
BRONX,2026-09-27 11:00:00+00:00,14.826,0.4,9100.0,0.4,0.0,0.0,26.693459,2026-09-27,11,Sunday,True,False,False,9,FALL,RAIN,LIGHT
BRONX,2026-09-27 12:00:00+00:00,15.176,0.0,8000.0,0.0,0.0,0.0,26.82906,2026-09-27,12,Sunday,True,False,False,9,FALL,CLEAR,LIGHT
BRONX,2026-09-27 13:00:00+00:00,15.376,0.0,14800.0,0.0,0.0,0.0,22.862123,2026-09-27,13,Sunday,True,False,False,9,FALL,CLEAR,LIGHT
BRONX,2026-09-27 14:00:00+00:00,15.326,0.0,9500.0,0.0,0.0,0.0,25.488914,2026-09-27,14,Sunday,True,False,False,9,FALL,CLEAR,LIGHT
BRONX,2026-09-27 15:00:00+00:00,15.926,0.0,6700.0,0.0,0.0,0.0,27.80403,2026-09-27,15,Sunday,True,False,False,9,FALL,CLEAR,LIGHT
BRONX,2026-09-27 16:00:00+00:00,16.526,1.1,12200.0,1.1,0.0,0.0,22.159746,2026-09-27,16,Sunday,True,True,False,9,FALL,RAIN,LIGHT
BRONX,2026-09-27 17:00:00+00:00,16.976,0.0,2600.0,0.0,0.0,0.0,27.155552,2026-09-27,17,Sunday,True,True,False,9,FALL,CLEAR,LIGHT
BRONX,2026-09-27 18:00:00+00:00,16.925999,0.0,12600.0,0.0,0.0,0.0,20.88,2026-09-27,18,Sunday,True,True,False,9,FALL,CLEAR,LIGHT
BRONX,2026-09-27 19:00:00+00:00,16.776,0.0,6200.0,0.0,0.0,0.0,19.346441,2026-09-27,19,Sunday,True,False,False,9,FALL,CLEAR,LIGHT
BRONX,2026-09-27 20:00:00+00:00,16.675999,0.0,12500.0,0.0,0.0,0.0,21.252197,2026-09-27,20,Sunday,True,False,True,9,FALL,CLEAR,LIGHT
BRONX,2026-09-27 21:00:00+00:00,16.325998,1.4,12400.0,1.4,0.0,0.0,14.84318,2026-09-27,21,Sunday,True,False,True,9,FALL,RAIN,LIGHT
BRONX,2026-09-27 22:00:00+00:00,16.325998,0.4,12400.0,0.4,0.0,0.0,14.77755,2026-09-27,22,Sunday,True,False,True,9,FALL,RAIN,LIGHT
BRONX,2026-09-27 23:00:00+00:00,15.926,0.0,12300.0,0.0,0.0,0.0,10.24578,2026-09-27,23,Sunday,True,False,True,9,FALL,CLEAR,LIGHT
BRONX,2026-09-28 00:00:00+00:00,16.026,0.4,12300.0,0.4,0.0,0.0,20.275385,2026-09-28,0,Monday,False,False,True,9,FALL,RAIN,LIGHT
BRONX,2026-09-28 01:00:00+00:00,15.776,0.0,14000.0,0.0,0.0,0.0,12.682018,2026-09-28,1,Monday,False,False,True,9,FALL,CLEAR,LIGHT
BRONX,2026-09-28 02:00:00+00:00,15.726,0.0,13300.0,0.0,0.0,0.0,13.797913,2026-09-28,2,Monday,False,False,True,9,FALL,CLEAR,LIGHT
BRONX,2026-09-28 03:00:00+00:00,15.426,0.0,13700.0,0.0,0.0,0.0,12.074766,2026-09-28,3,Monday,False,False,True,9,FALL,CLEAR,LIGHT
BRONX,2026-09-28 04:00:00+00:00,15.326,0.0,12800.0,0.0,0.0,0.0,16.311613,2026-09-28,4,Monday,False,False,True,9,FALL,CLEAR,LIGHT
BRONX,2026-09-28 05:00:00+00:00,14.976,0.4,6800.0,0.4,0.0,0.0,17.935081,2026-09-28,5,Monday,False,False,True,9,FALL,RAIN,LIGHT
BRONX,2026-09-28 06:00:00+00:00,15.076,0.4,14100.0,0.4,0.0,0.0,17.114204,2026-09-28,6,Monday,False,False,False,9,FALL,RAIN,LIGHT
BRONX,2026-09-28 07:00:00+00:00,15.126,1.1,13200.0,1.1,0.0,0.0,16.299694,2026-09-28,7,Monday,False,True,False,9,FALL,RAIN,LIGHT
BRONX,2026-09-28 08:00:00+00:00,15.026,0.4,12900.0,0.4,0.0,0.0,15.941944,2026-09-28,8,Monday,False,True,False,9,FALL,RAIN,LIGHT
BRONX,2026-09-28 09:00:00+00:00,14.876,0.0,12800.0,0.0,0.0,0.0,14.587776,2026-09-28,9,Monday,False,True,False,9,FALL,CLEAR,LIGHT
BRONX,2026-09-28 10:00:00+00:00,14.726,0.0,14200.0,0.0,0.0,0.0,12.413476,2026-09-28,10,Monday,False,False,False,9,FALL,CLEAR,LIGHT
BRONX,2026-09-28 11:00:00+00:00,14.426,0.7,5400.0,0.7,0.0,0.0,13.797913,2026-09-28,11,Monday,False,False,False,9,FALL,RAIN,LIGHT
BRONX,2026-09-28 12:00:00+00:00,14.476,0.0,13800.0,0.0,0.0,0.0,13.849476,2026-09-28,12,Monday,False,False,False,9,FALL,CLEAR,LIGHT
BRONX,2026-09-28 13:00:00+00:00,14.476,0.0,14100.0,0.0,0.0,0.0,12.599999,2026-09-28,13,Monday,False,False,False,9,FALL,CLEAR,LIGHT
BRONX,2026-09-28 14:00:00+00:00,14.526,0.0,13200.0,0.0,0.0,0.0,11.874544,2026-09-28,14,Monday,False,False,False,9,FALL,CLEAR,LIGHT
BRONX,2026-09-28 15:00:00+00:00,15.126,0.0,13900.0,0.0,0.0,0.0,12.6462,2026-09-28,15,Monday,False,False,False,9,FALL,CLEAR,LIGHT
BRONX,2026-09-28 16:00:00+00:00,15.526,0.0,13500.0,0.0,0.0,0.0,12.015589,2026-09-28,16,Monday,False,True,False,9,FALL,CLEAR,LIGHT
BRONX,2026-09-28 17:00:00+00:00,15.626,0.0,14400.0,0.0,0.0,0.0,12.43434,2026-09-28,17,Monday,False,True,False,9,FALL,CLEAR,LIGHT
BRONX,2026-09-28 18:00:00+00:00,16.226,0.0,14100.0,0.0,0.0,0.0,11.874544,2026-09-28,18,Monday,False,True,False,9,FALL,CLEAR,LIGHT
BRONX,2026-09-28 19:00:00+00:00,15.826,0.0,12900.0,0.0,0.0,0.0,12.397806,2026-09-28,19,Monday,False,False,False,9,FALL,CLEAR,LIGHT
BRONX,2026-09-28 20:00:00+00:00,16.626,0.0,15800.0,0.0,0.0,0.0,11.620809,2026-09-28,20,Monday,False,False,True,9,FALL,CLEAR,LIGHT
BRONX,2026-09-28 21:00:00+00:00,16.776,0.0,16400.0,0.0,0.0,0.0,12.783802,2026-09-28,21,Monday,False,False,True,9,FALL,CLEAR,LIGHT
BRONX,2026-09-28 22:00:00+00:00,16.376,0.0,16700.0,0.0,0.0,0.0,8.287822,2026-09-28,22,Monday,False,False,True,9,FALL,CLEAR,LIGHT
BRONX,2026-09-28 23:00:00+00:00,15.826,0.0,16700.0,0.0,0.0,0.0,7.2,2026-09-28,23,Monday,False,False,True,9,FALL,CLEAR,LIGHT
BRONX,2026-09-29 00:00:00+00:00,15.276,0.0,15600.0,0.0,0.0,0.0,9.0,2026-09-29,0,Tuesday,False,False,True,9,FALL,CLEAR,LIGHT
BRONX,2026-09-29 01:00:00+00:00,14.826,0.0,14100.0,0.0,0.0,0.0,7.491114,2026-09-29,1,Tuesday,False,False,True,9,FALL,CLEAR,LIGHT
BRONX,2026-09-29 02:00:00+00:00,14.876,0.0,14500.0,0.0,0.0,0.0,7.208994,2026-09-29,2,Tuesday,False,False,True,9,FALL,CLEAR,LIGHT
BRONX,2026-09-29 03:00:00+00:00,14.776,0.0,14900.0,0.0,0.0,0.0,5.1544156,2026-09-29,3,Tuesday,False,False,True,9,FALL,CLEAR,LIGHT
BRONX,2026-09-29 04:00:00+00:00,14.476,0.0,13800.0,0.0,0.0,0.0,6.297428,2026-09-29,4,Tuesday,False,False,True,9,FALL,CLEAR,LIGHT
BRONX,2026-09-29 05:00:00+00:00,14.976,0.0,13400.0,0.0,0.0,0.0,5.937272,2026-09-29,5,Tuesday,False,False,True,9,FALL,CLEAR,LIGHT
BRONX,2026-09-29 06:00:00+00:00,14.426,0.0,12700.0,0.0,0.0,0.0,5.95906,2026-09-29,6,Tuesday,False,False,False,9,FALL,CLEAR,LIGHT
BRONX,2026-09-29 07:00:00+00:00,14.226,0.0,12500.0,0.0,0.0,0.0,4.5820518,2026-09-29,7,Tuesday,False,True,False,9,FALL,CLEAR,LIGHT
BRONX,2026-09-29 08:00:00+00:00,14.076,0.0,13100.0,0.0,0.0,0.0,4.198285,2026-09-29,8,Tuesday,False,True,False,9,FALL,CLEAR,LIGHT
BRONX,2026-09-29 09:00:00+00:00,14.026,0.0,14600.0,0.0,0.0,0.0,5.8603754,2026-09-29,9,Tuesday,False,True,False,9,FALL,CLEAR,LIGHT
BRONX,2026-09-29 10:00:00+00:00,14.326,0.0,13300.0,0.0,0.0,0.0,6.130579,2026-09-29,10,Tuesday,False,False,False,9,FALL,CLEAR,LIGHT
BRONX,2026-09-29 11:00:00+00:00,14.376,0.0,12900.0,0.0,0.0,0.0,1.835647,2026-09-29,11,Tuesday,False,False,False,9,FALL,CLEAR,LIGHT
BRONX,2026-09-29 12:00:00+00:00,15.376,0.0,12600.0,0.0,0.0,0.0,3.2399998,2026-09-29,12,Tuesday,False,False,False,9,FALL,CLEAR,LIGHT
BRONX,2026-09-29 13:00:00+00:00,16.925999,0.0,12800.0,0.0,0.0,0.0,4.510787,2026-09-29,13,Tuesday,False,False,False,9,FALL,CLEAR,LIGHT
BRONX,2026-09-29 14:00:00+00:00,17.825998,0.0,16900.0,0.0,0.0,0.0,7.5942082,2026-09-29,14,Tuesday,False,False,False,9,FALL,CLEAR,LIGHT
BRONX,2026-09-29 15:00:00+00:00,19.075998,0.0,20200.0,0.0,0.0,0.0,9.931042,2026-09-29,15,Tuesday,False,False,False,9,FALL,CLEAR,LIGHT
BRONX,2026-09-29 16:00:00+00:00,20.425999,0.0,21700.0,0.0,0.0,0.0,11.183201,2026-09-29,16,Tuesday,False,True,False,9,FALL,CLEAR,LIGHT
BRONX,2026-09-29 17:00:00+00:00,21.175999,0.0,23900.0,0.0,0.0,0.0,9.19939,2026-09-29,17,Tuesday,False,True,False,9,FALL,CLEAR,LIGHT
BRONX,2026-09-29 18:00:00+00:00,21.075998,0.0,26100.0,0.0,0.0,0.0,7.8954163,2026-09-29,18,Tuesday,False,True,False,9,FALL,CLEAR,LIGHT
BRONX,2026-09-29 19:00:00+00:00,20.876,0.0,29200.0,0.0,0.0,0.0,13.493999,2026-09-29,19,Tuesday,False,False,False,9,FALL,CLEAR,LIGHT
BRONX,2026-09-29 20:00:00+00:00,20.226,0.0,23400.0,0.0,0.0,0.0,10.041354,2026-09-29,20,Tuesday,False,False,True,9,FALL,CLEAR,LIGHT
BRONX,2026-09-29 21:00:00+00:00,19.925999,0.0,23600.0,0.0,0.0,0.0,10.495713,2026-09-29,21,Tuesday,False,False,True,9,FALL,CLEAR,LIGHT
BRONX,2026-09-29 22:00:00+00:00,18.976,0.0,24900.0,0.0,0.0,0.0,11.983188,2026-09-29,22,Tuesday,False,False,True,9,FALL,CLEAR,LIGHT
BRONX,2026-09-29 23:00:00+00:00,18.175999,0.0,23100.0,0.0,0.0,0.0,7.289445,2026-09-29,23,Tuesday,False,False,True,9,FALL,CLEAR,LIGHT
BRONX,2026-09-30 00:00:00+00:00,17.476,0.0,21500.0,0.0,0.0,0.0,8.891343,2026-09-30,0,Wednesday,False,False,True,9,FALL,CLEAR,LIGHT
BRONX,2026-09-30 01:00:00+00:00,17.675999,0.0,21000.0,0.0,0.0,0.0,8.534353,2026-09-30,1,Wednesday,False,False,True,9,FALL,CLEAR,LIGHT
BRONX,2026-09-30 02:00:00+00:00,17.376,0.0,19300.0,0.0,0.0,0.0,7.24486,2026-09-30,2,Wednesday,False,False,True,9,FALL,CLEAR,LIGHT
BRONX,2026-09-30 03:00:00+00:00,16.976,0.0,18900.0,0.0,0.0,0.0,6.830519,2026-09-30,3,Wednesday,False,False,True,9,FALL,CLEAR,LIGHT
BRONX,2026-09-30 04:00:00+00:00,16.876,0.0,18000.0,0.0,0.0,0.0,5.991594,2026-09-30,4,Wednesday,False,False,True,9,FALL,CLEAR,LIGHT
BRONX,2026-09-30 05:00:00+00:00,17.075998,0.0,16600.0,0.0,0.0,0.0,7.42159,2026-09-30,5,Wednesday,False,False,True,9,FALL,CLEAR,LIGHT
BRONX,2026-09-30 06:00:00+00:00,16.976,0.0,15500.0,0.0,0.0,0.0,5.495161,2026-09-30,6,Wednesday,False,False,False,9,FALL,CLEAR,LIGHT
BRONX,2026-09-30 07:00:00+00:00,16.825998,0.0,16400.0,0.0,0.0,0.0,1.835647,2026-09-30,7,Wednesday,False,True,False,9,FALL,CLEAR,LIGHT
BRONX,2026-09-30 08:00:00+00:00,16.976,0.0,18000.0,0.0,0.0,0.0,4.3349743,2026-09-30,8,Wednesday,False,True,False,9,FALL,CLEAR,LIGHT
BRONX,2026-09-30 09:00:00+00:00,16.726,0.0,16200.0,0.0,0.0,0.0,3.0547013,2026-09-30,9,Wednesday,False,True,False,9,FALL,CLEAR,LIGHT
BRONX,2026-09-30 10:00:00+00:00,16.825998,0.0,16600.0,0.0,0.0,0.0,3.219938,2026-09-30,10,Wednesday,False,False,False,9,FALL,CLEAR,LIGHT
BRONX,2026-09-30 11:00:00+00:00,16.325998,0.0,16000.0,0.0,0.0,0.0,4.2136917,2026-09-30,11,Wednesday,False,False,False,9,FALL,CLEAR,LIGHT
BRONX,2026-09-30 12:00:00+00:00,16.325998,0.0,16100.0,0.0,0.0,0.0,4.1046314,2026-09-30,12,Wednesday,False,False,False,9,FALL,CLEAR,LIGHT
BRONX,2026-09-30 13:00:00+00:00,17.476,0.0,17400.0,0.0,0.0,0.0,5.4477882,2026-09-30,13,Wednesday,False,False,False,9,FALL,CLEAR,LIGHT
BRONX,2026-09-30 14:00:00+00:00,18.526,0.0,22400.0,0.0,0.0,0.0,3.8773184,2026-09-30,14,Wednesday,False,False,False,9,FALL,CLEAR,LIGHT
BRONX,2026-09-30 15:00:00+00:00,19.425999,0.0,25700.0,0.0,0.0,0.0,6.0347,2026-09-30,15,Wednesday,False,False,False,9,FALL,CLEAR,LIGHT
BRONX,2026-09-30 16:00:00+00:00,20.726,0.0,26000.0,0.0,0.0,0.0,6.28713,2026-09-30,16,Wednesday,False,True,False,9,FALL,CLEAR,LIGHT
BRONX,2026-09-30 17:00:00+00:00,21.825998,0.0,29000.0,0.0,0.0,0.0,5.4477882,2026-09-30,17,Wednesday,False,True,False,9,FALL,CLEAR,LIGHT
BRONX,2026-09-30 18:00:00+00:00,22.776,0.0,28900.0,0.0,0.0,0.0,6.725354,2026-09-30,18,Wednesday,False,True,False,9,FALL,CLEAR,LIGHT
BRONX,2026-09-30 19:00:00+00:00,23.325998,0.0,27100.0,0.0,0.0,0.0,5.6002855,2026-09-30,19,Wednesday,False,False,False,9,FALL,CLEAR,LIGHT
BRONX,2026-09-30 20:00:00+00:00,23.575998,0.0,28700.0,0.0,0.0,0.0,2.9024127,2026-09-30,20,Wednesday,False,False,True,9,FALL,CLEAR,LIGHT
BRONX,2026-09-30 21:00:00+00:00,22.726,0.0,27000.0,0.0,0.0,0.0,5.8048253,2026-09-30,21,Wednesday,False,False,True,9,FALL,CLEAR,LIGHT
BRONX,2026-09-30 22:00:00+00:00,22.126,0.0,26300.0,0.0,0.0,0.0,6.792466,2026-09-30,22,Wednesday,False,False,True,9,FALL,CLEAR,LIGHT
BRONX,2026-09-30 23:00:00+00:00,19.876,0.0,20800.0,0.0,0.0,0.0,7.491114,2026-09-30,23,Wednesday,False,False,True,9,FALL,CLEAR,LIGHT
BRONX,2026-10-01 00:00:00+00:00,18.626,0.0,16100.0,0.0,0.0,0.0,4.802999,2026-10-01,0,Thursday,False,False,True,10,FALL,CLEAR,LIGHT
BRONX,2026-10-01 01:00:00+00:00,17.425999,0.0,14400.0,0.0,0.0,0.0,3.8773184,2026-10-01,1,Thursday,False,False,True,10,FALL,CLEAR,LIGHT
BRONX,2026-10-01 02:00:00+00:00,17.075998,0.0,12500.0,0.0,0.0,0.0,3.319036,2026-10-01,2,Thursday,False,False,True,10,FALL,CLEAR,LIGHT
BRONX,2026-10-01 03:00:00+00:00,17.175999,0.0,12200.0,0.0,0.0,0.0,1.835647,2026-10-01,3,Thursday,False,False,True,10,FALL,CLEAR,LIGHT
BRONX,2026-10-01 04:00:00+00:00,16.925999,0.0,12400.0,0.0,0.0,0.0,4.0249224,2026-10-01,4,Thursday,False,False,True,10,FALL,CLEAR,LIGHT
BRONX,2026-10-01 05:00:00+00:00,16.825998,0.0,12200.0,0.0,0.0,0.0,3.6179552,2026-10-01,5,Thursday,False,False,True,10,FALL,CLEAR,LIGHT
BRONX,2026-10-01 06:00:00+00:00,17.226,0.0,12600.0,0.0,0.0,0.0,3.5455887,2026-10-01,6,Thursday,False,False,False,10,FALL,CLEAR,LIGHT
BRONX,2026-10-01 07:00:00+00:00,17.226,0.0,13300.0,0.0,0.0,0.0,4.6938252,2026-10-01,7,Thursday,False,True,False,10,FALL,CLEAR,LIGHT
BRONX,2026-10-01 08:00:00+00:00,17.126,0.0,14100.0,0.0,0.0,0.0,7.10031,2026-10-01,8,Thursday,False,True,False,10,FALL,CLEAR,LIGHT
BRONX,2026-10-01 09:00:00+00:00,17.325998,0.0,13900.0,0.0,0.0,0.0,7.208994,2026-10-01,9,Thursday,False,True,False,10,FALL,CLEAR,LIGHT
BRONX,2026-10-01 10:00:00+00:00,17.425999,0.0,13800.0,0.0,0.0,0.0,6.519877,2026-10-01,10,Thursday,False,False,False,10,FALL,CLEAR,LIGHT
BRONX,2026-10-01 11:00:00+00:00,17.626,0.0,14100.0,0.0,0.0,0.0,2.16,2026-10-01,11,Thursday,False,False,False,10,FALL,CLEAR,LIGHT
BRONX,2026-10-01 12:00:00+00:00,18.325998,0.0,14700.0,0.0,0.0,0.0,2.1897945,2026-10-01,12,Thursday,False,False,False,10,FALL,CLEAR,LIGHT
BRONX,2026-10-01 13:00:00+00:00,18.976,0.0,15400.0,0.0,0.0,0.0,10.390226,2026-10-01,13,Thursday,False,False,False,10,FALL,CLEAR,LIGHT
BRONX,2026-10-01 14:00:00+00:00,20.325998,0.0,17100.0,0.0,0.0,0.0,8.39657,2026-10-01,14,Thursday,False,False,False,10,FALL,CLEAR,LIGHT
BRONX,2026-10-01 15:00:00+00:00,21.276,0.0,19400.0,0.0,0.0,0.0,11.4862,2026-10-01,15,Thursday,False,False,False,10,FALL,CLEAR,LIGHT
BRONX,2026-10-01 16:00:00+00:00,21.675999,0.0,17800.0,0.0,0.0,0.0,7.968939,2026-10-01,16,Thursday,False,True,False,10,FALL,CLEAR,LIGHT
BRONX,2026-10-01 17:00:00+00:00,23.825998,0.0,21500.0,0.0,0.0,0.0,7.8954163,2026-10-01,17,Thursday,False,True,False,10,FALL,CLEAR,LIGHT
BRONX,2026-10-01 18:00:00+00:00,25.925999,0.0,30100.0,0.0,0.0,0.0,9.686609,2026-10-01,18,Thursday,False,True,False,10,FALL,CLEAR,LIGHT
BRONX,2026-10-01 19:00:00+00:00,25.376,0.0,26200.0,0.0,0.0,0.0,9.227524,2026-10-01,19,Thursday,False,False,False,10,FALL,CLEAR,LIGHT
BRONX,2026-10-01 20:00:00+00:00,24.976,0.0,24400.0,0.0,0.0,0.0,9.028754,2026-10-01,20,Thursday,False,False,True,10,FALL,CLEAR,LIGHT
BRONX,2026-10-01 21:00:00+00:00,23.825998,0.0,21000.0,0.0,0.0,0.0,8.311245,2026-10-01,21,Thursday,False,False,True,10,FALL,CLEAR,LIGHT
BRONX,2026-10-01 22:00:00+00:00,22.925999,0.0,22400.0,0.0,0.0,0.0,8.707238,2026-10-01,22,Thursday,False,False,True,10,FALL,CLEAR,LIGHT
BRONX,2026-10-01 23:00:00+00:00,21.976,0.0,18000.0,0.0,0.0,0.0,6.28713,2026-10-01,23,Thursday,False,False,True,10,FALL,CLEAR,LIGHT
BRONX,2026-10-02 00:00:00+00:00,21.726,0.0,17200.0,0.0,0.0,0.0,6.162207,2026-10-02,0,Friday,False,False,True,10,FALL,CLEAR,LIGHT
BRONX,2026-10-02 01:00:00+00:00,21.476,0.0,17800.0,0.0,0.0,0.0,5.8603754,2026-10-02,1,Friday,False,False,True,10,FALL,CLEAR,LIGHT
BRONX,2026-10-02 02:00:00+00:00,20.825998,0.0,16200.0,0.0,0.0,0.0,7.2359104,2026-10-02,2,Friday,False,False,True,10,FALL,CLEAR,LIGHT
BRONX,2026-10-02 03:00:00+00:00,20.675999,0.0,15200.0,0.0,0.0,0.0,4.2136917,2026-10-02,3,Friday,False,False,True,10,FALL,CLEAR,LIGHT
BRONX,2026-10-02 04:00:00+00:00,20.376,0.0,14400.0,0.0,0.0,0.0,4.2136917,2026-10-02,4,Friday,False,False,True,10,FALL,CLEAR,LIGHT
BRONX,2026-10-02 05:00:00+00:00,20.575998,0.0,15000.0,0.0,0.0,0.0,7.342588,2026-10-02,5,Friday,False,False,True,10,FALL,CLEAR,LIGHT
BRONX,2026-10-02 06:00:00+00:00,20.476,0.0,15000.0,0.0,0.0,0.0,8.404285,2026-10-02,6,Friday,False,False,False,10,FALL,CLEAR,LIGHT
BRONX,2026-10-02 07:00:00+00:00,20.126,0.0,15100.0,0.0,0.0,0.0,6.989936,2026-10-02,7,Friday,False,True,False,10,FALL,CLEAR,LIGHT
BRONX,2026-10-02 08:00:00+00:00,19.575998,0.0,14200.0,0.0,0.0,0.0,5.5887027,2026-10-02,8,Friday,False,True,False,10,FALL,CLEAR,LIGHT
BRONX,2026-10-02 09:00:00+00:00,19.075998,0.0,13800.0,0.0,0.0,0.0,6.297428,2026-10-02,9,Friday,False,True,False,10,FALL,CLEAR,LIGHT
BRONX,2026-10-02 10:00:00+00:00,18.825998,0.0,13800.0,0.0,0.0,0.0,5.0142193,2026-10-02,10,Friday,False,False,False,10,FALL,CLEAR,LIGHT
BRONX,2026-10-02 11:00:00+00:00,18.626,0.0,14400.0,0.0,0.0,0.0,6.151683,2026-10-02,11,Friday,False,False,False,10,FALL,CLEAR,LIGHT
BRONX,2026-10-02 12:00:00+00:00,19.276,0.0,15000.0,0.0,0.0,0.0,8.707237,2026-10-02,12,Friday,False,False,False,10,FALL,CLEAR,LIGHT
BRONX,2026-10-02 13:00:00+00:00,20.976,0.0,16300.0,0.0,0.0,0.0,10.685391,2026-10-02,13,Friday,False,False,False,10,FALL,CLEAR,LIGHT
BRONX,2026-10-02 14:00:00+00:00,22.976,0.0,20400.0,0.0,0.0,0.0,12.904882,2026-10-02,14,Friday,False,False,False,10,FALL,CLEAR,LIGHT
BRONX,2026-10-02 15:00:00+00:00,24.526,0.0,24700.0,0.0,0.0,0.0,13.627795,2026-10-02,15,Friday,False,False,False,10,FALL,CLEAR,LIGHT
BRONX,2026-10-02 16:00:00+00:00,26.325998,0.0,27700.0,0.0,0.0,0.0,15.141414,2026-10-02,16,Friday,False,True,False,10,FALL,CLEAR,LIGHT
BRONX,2026-10-02 17:00:00+00:00,28.276,0.0,33500.0,0.0,0.0,0.0,16.299694,2026-10-02,17,Friday,False,True,False,10,FALL,CLEAR,LIGHT
BRONX,2026-10-02 18:00:00+00:00,30.075998,0.0,36200.0,0.0,0.0,0.0,19.513195,2026-10-02,18,Friday,False,True,False,10,FALL,CLEAR,LIGHT
BRONX,2026-10-02 19:00:00+00:00,30.675999,0.0,38700.0,0.0,0.0,0.0,19.107151,2026-10-02,19,Friday,False,False,False,10,FALL,CLEAR,LIGHT
BRONX,2026-10-02 20:00:00+00:00,30.325998,0.0,40700.0,0.0,0.0,0.0,16.78156,2026-10-02,20,Friday,False,False,True,10,FALL,CLEAR,LIGHT
BRONX,2026-10-02 21:00:00+00:00,29.276,0.0,39200.0,0.0,0.0,0.0,15.978484,2026-10-02,21,Friday,False,False,True,10,FALL,CLEAR,LIGHT
BRONX,2026-10-02 22:00:00+00:00,25.776,0.0,26500.0,0.0,0.0,0.0,10.823973,2026-10-02,22,Friday,False,False,True,10,FALL,CLEAR,LIGHT
BRONX,2026-10-02 23:00:00+00:00,23.575998,0.0,20700.0,0.0,0.0,0.0,10.195057,2026-10-02,23,Friday,False,False,True,10,FALL,CLEAR,LIGHT
BRONX,2026-10-03 00:00:00+00:00,22.626,0.0,21700.0,0.0,0.0,0.0,13.246826,2026-10-03,0,Saturday,True,False,True,10,FALL,CLEAR,LIGHT
BRONX,2026-10-03 01:00:00+00:00,22.075998,0.0,21900.0,0.0,0.0,0.0,13.246826,2026-10-03,1,Saturday,True,False,True,10,FALL,CLEAR,LIGHT
BRONX,2026-10-03 02:00:00+00:00,21.675999,0.0,21200.0,0.0,0.0,0.0,9.793059,2026-10-03,2,Saturday,True,False,True,10,FALL,CLEAR,LIGHT
BRONX,2026-10-03 03:00:00+00:00,20.976,0.0,21000.0,0.0,0.0,0.0,12.819235,2026-10-03,3,Saturday,True,False,True,10,FALL,CLEAR,LIGHT
BRONX,2026-10-03 04:00:00+00:00,20.026,0.0,25000.0,0.0,0.0,0.0,12.245293,2026-10-03,4,Saturday,True,False,True,10,FALL,CLEAR,LIGHT
BRONX,2026-10-03 05:00:00+00:00,19.476,0.0,24900.0,0.0,0.0,0.0,9.983106,2026-10-03,5,Saturday,True,False,True,10,FALL,CLEAR,LIGHT
BRONX,2026-10-03 06:00:00+00:00,18.126,0.0,26500.0,0.0,0.0,0.0,15.778518,2026-10-03,6,Saturday,True,False,False,10,FALL,CLEAR,LIGHT
BRONX,2026-10-03 07:00:00+00:00,17.276,0.0,24200.0,0.0,0.0,0.0,10.636766,2026-10-03,7,Saturday,True,True,False,10,FALL,CLEAR,LIGHT
BRONX,2026-10-03 08:00:00+00:00,16.175999,0.0,24200.0,0.0,0.0,0.0,9.0,2026-10-03,8,Saturday,True,True,False,10,FALL,CLEAR,LIGHT
BRONX,2026-10-03 09:00:00+00:00,15.476,0.0,22800.0,0.0,0.0,0.0,4.2136917,2026-10-03,9,Saturday,True,True,False,10,FALL,CLEAR,LIGHT
BRONX,2026-10-03 10:00:00+00:00,15.026,0.0,21600.0,0.0,0.0,0.0,4.896529,2026-10-03,10,Saturday,True,False,False,10,FALL,CLEAR,LIGHT
BRONX,2026-10-03 11:00:00+00:00,14.476,0.0,21800.0,0.0,0.0,0.0,5.4833565,2026-10-03,11,Saturday,True,False,False,10,FALL,CLEAR,LIGHT
BRONX,2026-10-03 12:00:00+00:00,15.176,0.0,20100.0,0.0,0.0,0.0,14.205182,2026-10-03,12,Saturday,True,False,False,10,FALL,CLEAR,LIGHT
BRONX,2026-10-03 13:00:00+00:00,16.476,0.0,23100.0,0.0,0.0,0.0,13.324863,2026-10-03,13,Saturday,True,False,False,10,FALL,CLEAR,LIGHT
BRONX,2026-10-03 14:00:00+00:00,18.726,0.0,33000.0,0.0,0.0,0.0,16.394829,2026-10-03,14,Saturday,True,False,False,10,FALL,CLEAR,LIGHT
BRONX,2026-10-03 15:00:00+00:00,20.175999,0.0,39500.0,0.0,0.0,0.0,15.1884165,2026-10-03,15,Saturday,True,False,False,10,FALL,CLEAR,LIGHT
BRONX,2026-10-03 16:00:00+00:00,21.325998,0.0,41300.0,0.0,0.0,0.0,16.78156,2026-10-03,16,Saturday,True,True,False,10,FALL,CLEAR,LIGHT
BRONX,2026-10-03 17:00:00+00:00,21.626,0.0,36300.0,0.0,0.0,0.0,15.844089,2026-10-03,17,Saturday,True,True,False,10,FALL,CLEAR,LIGHT
BRONX,2026-10-03 18:00:00+00:00,21.976,0.0,36600.0,0.0,0.0,0.0,15.124284,2026-10-03,18,Saturday,True,True,False,10,FALL,CLEAR,LIGHT
BRONX,2026-10-03 19:00:00+00:00,22.376,0.0,43400.0,0.0,0.0,0.0,14.145756,2026-10-03,19,Saturday,True,False,False,10,FALL,CLEAR,LIGHT
BRONX,2026-10-03 20:00:00+00:00,22.026,0.0,44100.0,0.0,0.0,0.0,15.542662,2026-10-03,20,Saturday,True,False,True,10,FALL,CLEAR,LIGHT
BRONX,2026-10-03 21:00:00+00:00,21.825998,0.0,53900.0,0.0,0.0,0.0,10.8955765,2026-10-03,21,Saturday,True,False,True,10,FALL,CLEAR,LIGHT
BRONX,2026-10-03 22:00:00+00:00,20.675999,0.0,47600.0,0.0,0.0,0.0,9.531505,2026-10-03,22,Saturday,True,False,True,10,FALL,CLEAR,LIGHT
BRONX,2026-10-03 23:00:00+00:00,17.976,0.0,38000.0,0.0,0.0,0.0,3.319036,2026-10-03,23,Saturday,True,False,True,10,FALL,CLEAR,LIGHT
BRONX,2026-10-04 00:00:00+00:00,16.526,0.0,27000.0,0.0,0.0,0.0,5.4119864,2026-10-04,0,Sunday,True,False,True,10,FALL,CLEAR,LIGHT
BRONX,2026-10-04 01:00:00+00:00,15.676,0.0,22900.0,0.0,0.0,0.0,4.1046314,2026-10-04,1,Sunday,True,False,True,10,FALL,CLEAR,LIGHT
BRONX,2026-10-04 02:00:00+00:00,15.076,0.0,23000.0,0.0,0.0,0.0,3.9763298,2026-10-04,2,Sunday,True,False,True,10,FALL,CLEAR,LIGHT
BRONX,2026-10-04 03:00:00+00:00,14.276,0.0,16900.0,0.0,0.0,0.0,3.8268526,2026-10-04,3,Sunday,True,False,True,10,FALL,CLEAR,LIGHT
BRONX,2026-10-04 04:00:00+00:00,13.976,0.0,15700.0,0.0,0.0,0.0,3.5455887,2026-10-04,4,Sunday,True,False,True,10,FALL,CLEAR,LIGHT
BRONX,2026-10-04 05:00:00+00:00,13.676,0.0,13800.0,0.0,0.0,0.0,3.671294,2026-10-04,5,Sunday,True,False,True,10,FALL,CLEAR,LIGHT
BRONX,2026-10-04 06:00:00+00:00,13.526,0.0,12800.0,0.0,0.0,0.0,4.802999,2026-10-04,6,Sunday,True,False,False,10,FALL,CLEAR,LIGHT
BRONX,2026-10-04 07:00:00+00:00,13.476,0.0,14700.0,0.0,0.0,0.0,5.904439,2026-10-04,7,Sunday,True,True,False,10,FALL,CLEAR,LIGHT
BRONX,2026-10-04 08:00:00+00:00,13.526,0.0,13200.0,0.0,0.0,0.0,6.3690495,2026-10-04,8,Sunday,True,True,False,10,FALL,CLEAR,LIGHT
BRONX,2026-10-04 09:00:00+00:00,13.576,0.0,14400.0,0.0,0.0,0.0,8.161764,2026-10-04,9,Sunday,True,True,False,10,FALL,CLEAR,LIGHT
BRONX,2026-10-04 10:00:00+00:00,13.526,0.0,14500.0,0.0,0.0,0.0,6.9247384,2026-10-04,10,Sunday,True,False,False,10,FALL,CLEAR,LIGHT
BRONX,2026-10-04 11:00:00+00:00,13.376,0.0,14300.0,0.0,0.0,0.0,9.19939,2026-10-04,11,Sunday,True,False,False,10,FALL,CLEAR,LIGHT
BRONX,2026-10-04 12:00:00+00:00,14.076,0.0,18700.0,0.0,0.0,0.0,11.457958,2026-10-04,12,Sunday,True,False,False,10,FALL,CLEAR,LIGHT
BRONX,2026-10-04 13:00:00+00:00,14.926,0.0,17200.0,0.0,0.0,0.0,14.773164,2026-10-04,13,Sunday,True,False,False,10,FALL,CLEAR,LIGHT
BRONX,2026-10-04 14:00:00+00:00,15.476,0.0,18200.0,0.0,0.0,0.0,15.807239,2026-10-04,14,Sunday,True,False,False,10,FALL,CLEAR,LIGHT
BRONX,2026-10-04 15:00:00+00:00,16.376,0.0,24100.0,0.0,0.0,0.0,13.570615,2026-10-04,15,Sunday,True,False,False,10,FALL,CLEAR,LIGHT
BRONX,2026-10-04 16:00:00+00:00,15.376,0.0,17200.0,0.0,0.0,0.0,11.988594,2026-10-04,16,Sunday,True,True,False,10,FALL,CLEAR,LIGHT
BRONX,2026-10-04 17:00:00+00:00,15.976,0.0,12300.0,0.0,0.0,0.0,4.73506,2026-10-04,17,Sunday,True,True,False,10,FALL,CLEAR,LIGHT
BRONX,2026-10-04 18:00:00+00:00,15.326,0.0,15800.0,0.0,0.0,0.0,9.686609,2026-10-04,18,Sunday,True,True,False,10,FALL,CLEAR,LIGHT
BRONX,2026-10-04 19:00:00+00:00,14.476,0.0,18600.0,0.0,0.0,0.0,10.163227,2026-10-04,19,Sunday,True,False,False,10,FALL,CLEAR,LIGHT
BRONX,2026-10-04 20:00:00+00:00,13.976,0.0,14500.0,0.0,0.0,0.0,8.404285,2026-10-04,20,Sunday,True,False,True,10,FALL,CLEAR,LIGHT
BRONX,2026-10-04 21:00:00+00:00,13.726,0.0,12700.0,0.0,0.0,0.0,9.0,2026-10-04,21,Sunday,True,False,True,10,FALL,CLEAR,LIGHT
BRONX,2026-10-04 22:00:00+00:00,13.676,0.0,13500.0,0.0,0.0,0.0,5.154415,2026-10-04,22,Sunday,True,False,True,10,FALL,CLEAR,LIGHT
BRONX,2026-10-04 23:00:00+00:00,13.726,0.0,14000.0,0.0,0.0,0.0,6.130579,2026-10-04,23,Sunday,True,False,True,10,FALL,CLEAR,LIGHT
BRONX,2026-10-05 00:00:00+00:00,13.526,0.0,12400.0,0.0,0.0,0.0,11.298495,2026-10-05,0,Monday,False,False,True,10,FALL,CLEAR,LIGHT
BRONX,2026-10-05 01:00:00+00:00,13.376,0.0,14000.0,0.0,0.0,0.0,6.489992,2026-10-05,1,Monday,False,False,True,10,FALL,CLEAR,LIGHT
BRONX,2026-10-05 02:00:00+00:00,13.326,0.0,13800.0,0.0,0.0,0.0,8.287822,2026-10-05,2,Monday,False,False,True,10,FALL,CLEAR,LIGHT
BRONX,2026-10-05 03:00:00+00:00,13.326,0.0,14000.0,0.0,0.0,0.0,6.489992,2026-10-05,3,Monday,False,False,True,10,FALL,CLEAR,LIGHT
BRONX,2026-10-05 04:00:00+00:00,12.476,0.0,12600.0,0.0,0.0,0.0,7.8954163,2026-10-05,4,Monday,False,False,True,10,FALL,CLEAR,LIGHT
BRONX,2026-10-05 05:00:00+00:00,13.076,0.0,12300.0,0.0,0.0,0.0,7.5942082,2026-10-05,5,Monday,False,False,True,10,FALL,CLEAR,LIGHT
BRONX,2026-10-05 06:00:00+00:00,12.626,0.0,12500.0,0.0,0.0,0.0,7.2359104,2026-10-05,6,Monday,False,False,False,10,FALL,CLEAR,LIGHT
BRONX,2026-10-05 07:00:00+00:00,12.526,0.0,13000.0,0.0,0.0,0.0,7.4128532,2026-10-05,7,Monday,False,True,False,10,FALL,CLEAR,LIGHT
BRONX,2026-10-05 08:00:00+00:00,12.226,0.0,13000.0,0.0,0.0,0.0,7.072878,2026-10-05,8,Monday,False,True,False,10,FALL,CLEAR,LIGHT
BRONX,2026-10-05 09:00:00+00:00,11.976,0.0,12600.0,0.0,0.0,0.0,5.1544156,2026-10-05,9,Monday,False,True,False,10,FALL,CLEAR,LIGHT
BRONX,2026-10-05 10:00:00+00:00,12.276,0.0,12900.0,0.0,0.0,0.0,5.692099,2026-10-05,10,Monday,False,False,False,10,FALL,CLEAR,LIGHT
BRONX,2026-10-05 11:00:00+00:00,12.476,0.0,13000.0,0.0,0.0,0.0,6.6185193,2026-10-05,11,Monday,False,False,False,10,FALL,CLEAR,LIGHT
BRONX,2026-10-05 12:00:00+00:00,13.176,0.0,13200.0,0.0,0.0,0.0,8.287822,2026-10-05,12,Monday,False,False,False,10,FALL,CLEAR,LIGHT
BRONX,2026-10-05 13:00:00+00:00,14.376,0.0,13900.0,0.0,0.0,0.0,11.304229,2026-10-05,13,Monday,False,False,False,10,FALL,CLEAR,LIGHT
BRONX,2026-10-05 14:00:00+00:00,15.926,0.0,15400.0,0.0,0.0,0.0,12.496719,2026-10-05,14,Monday,False,False,False,10,FALL,CLEAR,LIGHT
BRONX,2026-10-05 15:00:00+00:00,17.925999,0.0,17600.0,0.0,0.0,0.0,10.24578,2026-10-05,15,Monday,False,False,False,10,FALL,CLEAR,LIGHT
BRONX,2026-10-05 16:00:00+00:00,19.726,0.0,28000.0,0.0,0.0,0.0,17.771753,2026-10-05,16,Monday,False,True,False,10,FALL,CLEAR,LIGHT
BRONX,2026-10-05 17:00:00+00:00,21.075998,0.0,40500.0,0.0,0.0,0.0,22.668568,2026-10-05,17,Monday,False,True,False,10,FALL,CLEAR,LIGHT
BRONX,2026-10-05 18:00:00+00:00,21.325998,0.0,58800.0,0.0,0.0,0.0,26.019806,2026-10-05,18,Monday,False,True,False,10,FALL,CLEAR,LIGHT
BRONX,2026-10-05 19:00:00+00:00,21.675999,0.0,53400.0,0.0,0.0,0.0,22.657131,2026-10-05,19,Monday,False,False,False,10,FALL,CLEAR,LIGHT
BRONX,2026-10-05 20:00:00+00:00,21.126,0.0,59900.0,0.0,0.0,0.0,27.248457,2026-10-05,20,Monday,False,False,True,10,FALL,CLEAR,LIGHT
BRONX,2026-10-05 21:00:00+00:00,20.126,0.0,59900.0,0.0,0.0,0.0,25.294964,2026-10-05,21,Monday,False,False,True,10,FALL,CLEAR,LIGHT
BRONX,2026-10-05 22:00:00+00:00,18.575998,0.0,56600.0,0.0,0.0,0.0,18.043148,2026-10-05,22,Monday,False,False,True,10,FALL,CLEAR,LIGHT
BRONX,2026-10-05 23:00:00+00:00,17.075998,0.0,55900.0,0.0,0.0,0.0,9.360001,2026-10-05,23,Monday,False,False,True,10,FALL,CLEAR,LIGHT
BRONX,2026-10-06 00:00:00+00:00,15.826,0.0,51900.0,0.0,0.0,0.0,11.119281,2026-10-06,0,Tuesday,False,False,True,10,FALL,CLEAR,LIGHT
BRONX,2026-10-06 01:00:00+00:00,14.576,0.0,54800.0,0.0,0.0,0.0,10.703569,2026-10-06,1,Tuesday,False,False,True,10,FALL,CLEAR,LIGHT
BRONX,2026-10-06 02:00:00+00:00,14.176,0.0,56000.0,0.0,0.0,0.0,9.957108,2026-10-06,2,Tuesday,False,False,True,10,FALL,CLEAR,LIGHT
BRONX,2026-10-06 03:00:00+00:00,12.476,0.0,46600.0,0.0,0.0,0.0,10.464797,2026-10-06,3,Tuesday,False,False,True,10,FALL,CLEAR,LIGHT
BRONX,2026-10-06 04:00:00+00:00,11.676,0.0,43300.0,0.0,0.0,0.0,11.885453,2026-10-06,4,Tuesday,False,False,True,10,FALL,CLEAR,LIGHT
BRONX,2026-10-06 05:00:00+00:00,10.926,0.0,40700.0,0.0,0.0,0.0,7.42159,2026-10-06,5,Tuesday,False,False,True,10,FALL,CLEAR,LIGHT
BRONX,2026-10-06 06:00:00+00:00,10.626,0.0,40100.0,0.0,0.0,0.0,12.224107,2026-10-06,6,Tuesday,False,False,False,10,FALL,CLEAR,LIGHT
BRONX,2026-10-06 07:00:00+00:00,9.976,0.0,36200.0,0.0,0.0,0.0,12.224107,2026-10-06,7,Tuesday,False,True,False,10,FALL,CLEAR,LIGHT
BRONX,2026-10-06 08:00:00+00:00,9.426,0.0,30300.0,0.0,0.0,0.0,12.783802,2026-10-06,8,Tuesday,False,True,False,10,FALL,CLEAR,LIGHT
BRONX,2026-10-06 09:00:00+00:00,8.726,0.0,28500.0,0.0,0.0,0.0,11.119281,2026-10-06,9,Tuesday,False,True,False,10,FALL,CLEAR,LIGHT
BRONX,2026-10-06 10:00:00+00:00,8.126,0.0,28200.0,0.0,0.0,0.0,8.891343,2026-10-06,10,Tuesday,False,False,False,10,FALL,CLEAR,LIGHT
BRONX,2026-10-06 11:00:00+00:00,7.526,0.0,28000.0,0.0,0.0,0.0,7.754637,2026-10-06,11,Tuesday,False,False,False,10,FALL,CLEAR,LIGHT
BRONX,2026-10-06 12:00:00+00:00,8.776,0.0,30100.0,0.0,0.0,0.0,9.19939,2026-10-06,12,Tuesday,False,False,False,10,FALL,CLEAR,LIGHT
BRONX,2026-10-06 13:00:00+00:00,10.526,0.0,36100.0,0.0,0.0,0.0,15.379206,2026-10-06,13,Tuesday,False,False,False,10,FALL,CLEAR,LIGHT
BRONX,2026-10-06 14:00:00+00:00,11.926,0.0,40800.0,0.0,0.0,0.0,18.0,2026-10-06,14,Tuesday,False,False,False,10,FALL,CLEAR,LIGHT
BRONX,2026-10-06 15:00:00+00:00,13.476,0.0,46500.0,0.0,0.0,0.0,18.971008,2026-10-06,15,Tuesday,False,False,False,10,FALL,CLEAR,LIGHT
BRONX,2026-10-06 16:00:00+00:00,14.876,0.0,52200.0,0.0,0.0,0.0,16.575644,2026-10-06,16,Tuesday,False,True,False,10,FALL,CLEAR,LIGHT
BRONX,2026-10-06 17:00:00+00:00,15.926,0.0,54700.0,0.0,0.0,0.0,15.0038395,2026-10-06,17,Tuesday,False,True,False,10,FALL,CLEAR,LIGHT
BRONX,2026-10-06 18:00:00+00:00,16.726,0.0,55800.0,0.0,0.0,0.0,17.072504,2026-10-06,18,Tuesday,False,True,False,10,FALL,CLEAR,LIGHT
BRONX,2026-10-06 19:00:00+00:00,17.626,0.0,62200.0,0.0,0.0,0.0,15.937878,2026-10-06,19,Tuesday,False,False,False,10,FALL,CLEAR,LIGHT
BRONX,2026-10-06 20:00:00+00:00,17.776,0.0,62500.0,0.0,0.0,0.0,15.379206,2026-10-06,20,Tuesday,False,False,True,10,FALL,CLEAR,LIGHT
BRONX,2026-10-06 21:00:00+00:00,17.425999,0.0,63900.0,0.0,0.0,0.0,13.32,2026-10-06,21,Tuesday,False,False,True,10,FALL,CLEAR,LIGHT
BRONX,2026-10-06 22:00:00+00:00,16.175999,0.0,63100.0,0.0,0.0,0.0,10.239453,2026-10-06,22,Tuesday,False,False,True,10,FALL,CLEAR,LIGHT
BRONX,2026-10-06 23:00:00+00:00,13.576,0.0,52700.0,0.0,0.0,0.0,6.638072,2026-10-06,23,Tuesday,False,False,True,10,FALL,CLEAR,LIGHT
BRONX,2026-10-07 00:00:00+00:00,12.676,0.0,49500.0,0.0,0.0,0.0,6.849467,2026-10-07,0,Wednesday,False,False,True,10,FALL,CLEAR,LIGHT
BRONX,2026-10-07 01:00:00+00:00,11.776,0.0,45700.0,0.0,0.0,0.0,6.297428,2026-10-07,1,Wednesday,False,False,True,10,FALL,CLEAR,LIGHT
BRONX,2026-10-07 02:00:00+00:00,10.626,0.0,40600.0,0.0,0.0,0.0,4.1046314,2026-10-07,2,Wednesday,False,False,True,10,FALL,CLEAR,LIGHT
BRONX,2026-10-07 03:00:00+00:00,9.926,0.0,38200.0,0.0,0.0,0.0,3.5455887,2026-10-07,3,Wednesday,False,False,True,10,FALL,CLEAR,LIGHT
BRONX,2026-10-07 04:00:00+00:00,9.326,0.0,38400.0,0.0,0.0,0.0,4.6800003,2026-10-07,4,Wednesday,False,False,True,10,FALL,CLEAR,LIGHT
BRONX,2026-10-07 05:00:00+00:00,8.276,0.0,34500.0,0.0,0.0,0.0,3.6,2026-10-07,5,Wednesday,False,False,True,10,FALL,CLEAR,LIGHT
BRONX,2026-10-07 06:00:00+00:00,7.876,0.0,29800.0,0.0,0.0,0.0,3.219938,2026-10-07,6,Wednesday,False,False,False,10,FALL,CLEAR,LIGHT
BRONX,2026-10-07 07:00:00+00:00,7.026,0.0,25200.0,0.0,0.0,0.0,6.439876,2026-10-07,7,Wednesday,False,True,False,10,FALL,CLEAR,LIGHT
BRONX,2026-10-07 08:00:00+00:00,6.676,0.0,23100.0,0.0,0.0,0.0,3.8773184,2026-10-07,8,Wednesday,False,True,False,10,FALL,CLEAR,LIGHT
BRONX,2026-10-07 09:00:00+00:00,6.276,0.0,21700.0,0.0,0.0,0.0,5.4119864,2026-10-07,9,Wednesday,False,True,False,10,FALL,CLEAR,LIGHT
BRONX,2026-10-07 10:00:00+00:00,6.476,0.0,23000.0,0.0,0.0,0.0,4.510787,2026-10-07,10,Wednesday,False,False,False,10,FALL,CLEAR,LIGHT
BRONX,2026-10-07 11:00:00+00:00,7.126,0.0,25900.0,0.0,0.0,0.0,1.9386592,2026-10-07,11,Wednesday,False,False,False,10,FALL,CLEAR,LIGHT
BRONX,2026-10-07 12:00:00+00:00,8.676,0.0,26600.0,0.0,0.0,0.0,4.379589,2026-10-07,12,Wednesday,False,False,False,10,FALL,CLEAR,LIGHT
BRONX,2026-10-07 13:00:00+00:00,12.076,0.0,32000.0,0.0,0.0,0.0,2.7416782,2026-10-07,13,Wednesday,False,False,False,10,FALL,CLEAR,LIGHT
BRONX,2026-10-07 14:00:00+00:00,14.926,0.0,34700.0,0.0,0.0,0.0,6.6185193,2026-10-07,14,Wednesday,False,False,False,10,FALL,CLEAR,LIGHT
BRONX,2026-10-07 15:00:00+00:00,17.026,0.0,45000.0,0.0,0.0,0.0,11.304229,2026-10-07,15,Wednesday,False,False,False,10,FALL,CLEAR,LIGHT
BRONX,2026-10-07 16:00:00+00:00,18.376,0.0,48500.0,0.0,0.0,0.0,13.797912,2026-10-07,16,Wednesday,False,True,False,10,FALL,CLEAR,LIGHT
BRONX,2026-10-07 17:00:00+00:00,19.175999,0.0,53300.0,0.0,0.0,0.0,15.815435,2026-10-07,17,Wednesday,False,True,False,10,FALL,CLEAR,LIGHT
BRONX,2026-10-07 18:00:00+00:00,19.476,0.0,53000.0,0.0,0.0,0.0,17.015474,2026-10-07,18,Wednesday,False,True,False,10,FALL,CLEAR,LIGHT
BRONX,2026-10-07 19:00:00+00:00,19.675999,0.0,57900.0,0.0,0.0,0.0,17.643673,2026-10-07,19,Wednesday,False,False,False,10,FALL,CLEAR,LIGHT
BRONX,2026-10-07 20:00:00+00:00,19.175999,0.0,45000.0,0.0,0.0,0.0,17.902534,2026-10-07,20,Wednesday,False,False,True,10,FALL,CLEAR,LIGHT
BRONX,2026-10-07 21:00:00+00:00,18.425999,0.0,36500.0,0.0,0.0,0.0,19.694992,2026-10-07,21,Wednesday,False,False,True,10,FALL,CLEAR,LIGHT
BRONX,2026-10-07 22:00:00+00:00,16.825998,0.0,30100.0,0.0,0.0,0.0,16.73516,2026-10-07,22,Wednesday,False,False,True,10,FALL,CLEAR,LIGHT
BRONX,2026-10-07 23:00:00+00:00,15.526,0.0,24000.0,0.0,0.0,0.0,9.346143,2026-10-07,23,Wednesday,False,False,True,10,FALL,CLEAR,LIGHT
BRONX,2026-10-08 00:00:00+00:00,15.026,0.0,20900.0,0.0,0.0,0.0,12.605142,2026-10-08,0,Thursday,False,False,True,10,FALL,CLEAR,LIGHT
BRONX,2026-10-08 01:00:00+00:00,14.476,0.0,20200.0,0.0,0.0,0.0,10.495713,2026-10-08,1,Thursday,False,False,True,10,FALL,CLEAR,LIGHT
BRONX,2026-10-08 02:00:00+00:00,14.226,0.0,22000.0,0.0,0.0,0.0,9.793058,2026-10-08,2,Thursday,False,False,True,10,FALL,CLEAR,LIGHT
BRONX,2026-10-08 03:00:00+00:00,13.876,0.0,19900.0,0.0,0.0,0.0,10.041354,2026-10-08,3,Thursday,False,False,True,10,FALL,CLEAR,LIGHT
BRONX,2026-10-08 04:00:00+00:00,13.576,0.0,19100.0,0.0,0.0,0.0,9.9571085,2026-10-08,4,Thursday,False,False,True,10,FALL,CLEAR,LIGHT
BRONX,2026-10-08 05:00:00+00:00,13.176,0.0,18100.0,0.0,0.0,0.0,7.9036193,2026-10-08,5,Thursday,False,False,True,10,FALL,CLEAR,LIGHT
BRONX,2026-10-08 06:00:00+00:00,13.176,0.0,18000.0,0.0,0.0,0.0,9.360001,2026-10-08,6,Thursday,False,False,False,10,FALL,CLEAR,LIGHT
BRONX,2026-10-08 07:00:00+00:00,12.676,0.0,17600.0,0.0,0.0,0.0,5.6920996,2026-10-08,7,Thursday,False,True,False,10,FALL,CLEAR,LIGHT
BRONX,2026-10-08 08:00:00+00:00,12.626,0.0,14200.0,0.0,0.0,0.0,8.427383,2026-10-08,8,Thursday,False,True,False,10,FALL,CLEAR,LIGHT
BRONX,2026-10-08 09:00:00+00:00,12.826,0.0,16200.0,0.0,0.0,0.0,8.404285,2026-10-08,9,Thursday,False,True,False,10,FALL,CLEAR,LIGHT
BRONX,2026-10-08 10:00:00+00:00,12.876,0.0,16100.0,0.0,0.0,0.0,7.968939,2026-10-08,10,Thursday,False,False,False,10,FALL,CLEAR,LIGHT
BRONX,2026-10-08 11:00:00+00:00,12.676,0.0,15000.0,0.0,0.0,0.0,7.8954163,2026-10-08,11,Thursday,False,False,False,10,FALL,CLEAR,LIGHT
BRONX,2026-10-08 12:00:00+00:00,13.776,0.0,15600.0,0.0,0.0,0.0,9.957108,2026-10-08,12,Thursday,False,False,False,10,FALL,CLEAR,LIGHT
BRONX,2026-10-08 13:00:00+00:00,14.826,0.0,15100.0,0.0,0.0,0.0,11.200571,2026-10-08,13,Thursday,False,False,False,10,FALL,CLEAR,LIGHT
BRONX,2026-10-08 14:00:00+00:00,17.276,0.0,18000.0,0.0,0.0,0.0,12.72283,2026-10-08,14,Thursday,False,False,False,10,FALL,CLEAR,LIGHT
BRONX,2026-10-08 15:00:00+00:00,20.425999,0.0,26400.0,0.0,0.0,0.0,14.618837,2026-10-08,15,Thursday,False,False,False,10,FALL,CLEAR,LIGHT
BRONX,2026-10-08 16:00:00+00:00,22.425999,0.0,37300.0,0.0,0.0,0.0,19.110542,2026-10-08,16,Thursday,False,True,False,10,FALL,CLEAR,LIGHT
BRONX,2026-10-08 17:00:00+00:00,24.126,0.0,51400.0,0.0,0.0,0.0,20.570463,2026-10-08,17,Thursday,False,True,False,10,FALL,CLEAR,LIGHT
BRONX,2026-10-08 18:00:00+00:00,24.126,0.0,56600.0,0.0,0.0,0.0,23.241617,2026-10-08,18,Thursday,False,True,False,10,FALL,CLEAR,LIGHT
BRONX,2026-10-08 19:00:00+00:00,24.226,0.0,57600.0,0.0,0.0,0.0,21.479666,2026-10-08,19,Thursday,False,False,False,10,FALL,CLEAR,LIGHT
BRONX,2026-10-08 20:00:00+00:00,24.075998,0.0,67500.0,0.0,0.0,0.0,24.590923,2026-10-08,20,Thursday,False,False,True,10,FALL,CLEAR,LIGHT
BRONX,2026-10-08 21:00:00+00:00,23.575998,0.0,63100.0,0.0,0.0,0.0,19.559633,2026-10-08,21,Thursday,False,False,True,10,FALL,CLEAR,LIGHT
BRONX,2026-10-08 22:00:00+00:00,21.925999,0.0,58000.0,0.0,0.0,0.0,14.830076,2026-10-08,22,Thursday,False,False,True,10,FALL,CLEAR,LIGHT
BRONX,2026-10-08 23:00:00+00:00,20.325998,0.0,56500.0,0.0,0.0,0.0,7.289444,2026-10-08,23,Thursday,False,False,True,10,FALL,CLEAR,LIGHT
BRONX,2026-10-09 00:00:00+00:00,19.276,0.0,55700.0,0.0,0.0,0.0,7.5599995,2026-10-09,0,Friday,False,False,True,10,FALL,CLEAR,LIGHT
BRONX,2026-10-09 01:00:00+00:00,17.175999,0.0,49100.0,0.0,0.0,0.0,5.937272,2026-10-09,1,Friday,False,False,True,10,FALL,CLEAR,LIGHT
BRONX,2026-10-09 02:00:00+00:00,15.126,0.0,43100.0,0.0,0.0,0.0,3.8773184,2026-10-09,2,Friday,False,False,True,10,FALL,CLEAR,LIGHT
BRONX,2026-10-09 03:00:00+00:00,14.776,0.0,42500.0,0.0,0.0,0.0,8.4963045,2026-10-09,3,Friday,False,False,True,10,FALL,CLEAR,LIGHT
BRONX,2026-10-09 04:00:00+00:00,13.926,0.0,38200.0,0.0,0.0,0.0,5.495161,2026-10-09,4,Friday,False,False,True,10,FALL,CLEAR,LIGHT
BRONX,2026-10-09 05:00:00+00:00,12.576,0.0,29900.0,0.0,0.0,0.0,6.2145634,2026-10-09,5,Friday,False,False,True,10,FALL,CLEAR,LIGHT
BRONX,2026-10-09 06:00:00+00:00,11.926,0.0,27600.0,0.0,0.0,0.0,6.489992,2026-10-09,6,Friday,False,False,False,10,FALL,CLEAR,LIGHT
BRONX,2026-10-09 07:00:00+00:00,11.076,0.0,26600.0,0.0,0.0,0.0,5.95906,2026-10-09,7,Friday,False,True,False,10,FALL,CLEAR,LIGHT
BRONX,2026-10-09 08:00:00+00:00,10.426,0.0,24400.0,0.0,0.0,0.0,2.9024127,2026-10-09,8,Friday,False,True,False,10,FALL,CLEAR,LIGHT
BRONX,2026-10-09 09:00:00+00:00,9.826,0.0,24200.0,0.0,0.0,0.0,3.396233,2026-10-09,9,Friday,False,True,False,10,FALL,CLEAR,LIGHT
BRONX,2026-10-09 10:00:00+00:00,9.726,0.0,22900.0,0.0,0.0,0.0,4.802999,2026-10-09,10,Friday,False,False,False,10,FALL,CLEAR,LIGHT
BRONX,2026-10-09 11:00:00+00:00,9.726,0.0,22000.0,0.0,0.0,0.0,6.924738,2026-10-09,11,Friday,False,False,False,10,FALL,CLEAR,LIGHT
BRONX,2026-10-09 12:00:00+00:00,10.876,0.0,23000.0,0.0,0.0,0.0,4.3349743,2026-10-09,12,Friday,False,False,False,10,FALL,CLEAR,LIGHT
BRONX,2026-10-09 13:00:00+00:00,14.176,0.0,28600.0,0.0,0.0,0.0,7.9932976,2026-10-09,13,Friday,False,False,False,10,FALL,CLEAR,LIGHT
BRONX,2026-10-09 14:00:00+00:00,17.226,0.0,40100.0,0.0,0.0,0.0,10.308831,2026-10-09,14,Friday,False,False,False,10,FALL,CLEAR,LIGHT
BRONX,2026-10-09 15:00:00+00:00,19.476,0.0,50700.0,0.0,0.0,0.0,11.720751,2026-10-09,15,Friday,False,False,False,10,FALL,CLEAR,LIGHT
BRONX,2026-10-09 16:00:00+00:00,21.526,0.0,53500.0,0.0,0.0,0.0,15.629971,2026-10-09,16,Friday,False,True,False,10,FALL,CLEAR,LIGHT
BRONX,2026-10-09 17:00:00+00:00,22.726,0.0,59800.0,0.0,0.0,0.0,20.570463,2026-10-09,17,Friday,False,True,False,10,FALL,CLEAR,LIGHT
BRONX,2026-10-09 18:00:00+00:00,22.976,0.0,61700.0,0.0,0.0,0.0,20.907913,2026-10-09,18,Friday,False,True,False,10,FALL,CLEAR,LIGHT
BRONX,2026-10-09 19:00:00+00:00,23.026,0.0,62700.0,0.0,0.0,0.0,19.13426,2026-10-09,19,Friday,False,False,False,10,FALL,CLEAR,LIGHT
BRONX,2026-10-09 20:00:00+00:00,22.675999,0.0,64900.0,0.0,0.0,0.0,19.721298,2026-10-09,20,Friday,False,False,True,10,FALL,CLEAR,LIGHT
BRONX,2026-10-09 21:00:00+00:00,21.726,0.0,61700.0,0.0,0.0,0.0,16.055353,2026-10-09,21,Friday,False,False,True,10,FALL,CLEAR,LIGHT
BRONX,2026-10-09 22:00:00+00:00,19.825998,0.0,60100.0,0.0,0.0,0.0,11.770403,2026-10-09,22,Friday,False,False,True,10,FALL,CLEAR,LIGHT
BRONX,2026-10-09 23:00:00+00:00,17.675999,0.0,54000.0,0.0,0.0,0.0,4.1046314,2026-10-09,23,Friday,False,False,True,10,FALL,CLEAR,LIGHT
BRONX,2026-10-10 00:00:00+00:00,16.476,0.0,47900.0,0.0,0.0,0.0,5.0911684,2026-10-10,0,Saturday,True,False,True,10,FALL,CLEAR,LIGHT
BRONX,2026-10-10 01:00:00+00:00,15.076,0.0,45400.0,0.0,0.0,0.0,4.0249224,2026-10-10,1,Saturday,True,False,True,10,FALL,CLEAR,LIGHT
BRONX,2026-10-10 02:00:00+00:00,13.776,0.0,42800.0,0.0,0.0,0.0,5.154415,2026-10-10,2,Saturday,True,False,True,10,FALL,CLEAR,LIGHT
BRONX,2026-10-10 03:00:00+00:00,13.226,0.0,35700.0,0.0,0.0,0.0,5.495161,2026-10-10,3,Saturday,True,False,True,10,FALL,CLEAR,LIGHT
STATEN ISLAND,2026-09-11 04:00:00+00:00,23.065,0.0,25900.0,0.0,0.0,0.0,7.8625183,2026-09-11,4,Friday,False,False,True,9,FALL,CLEAR,LIGHT
STATEN ISLAND,2026-09-11 05:00:00+00:00,22.865,0.0,24400.0,0.0,0.0,0.0,9.885262,2026-09-11,5,Friday,False,False,True,9,FALL,CLEAR,LIGHT
STATEN ISLAND,2026-09-11 06:00:00+00:00,22.715,0.0,31100.0,0.0,0.0,0.0,11.367109,2026-09-11,6,Friday,False,False,False,9,FALL,CLEAR,LIGHT
STATEN ISLAND,2026-09-11 07:00:00+00:00,21.065,0.0,28400.0,0.0,0.0,0.0,8.427383,2026-09-11,7,Friday,False,True,False,9,FALL,CLEAR,LIGHT
STATEN ISLAND,2026-09-11 08:00:00+00:00,20.765001,0.0,29200.0,0.0,0.0,0.0,6.9527545,2026-09-11,8,Friday,False,True,False,9,FALL,CLEAR,LIGHT
STATEN ISLAND,2026-09-11 09:00:00+00:00,20.715,0.0,35200.0,0.0,0.0,0.0,5.1919937,2026-09-11,9,Friday,False,True,False,9,FALL,CLEAR,LIGHT
STATEN ISLAND,2026-09-11 10:00:00+00:00,20.465,0.0,31600.0,0.0,0.0,0.0,6.28713,2026-09-11,10,Friday,False,False,False,9,FALL,CLEAR,LIGHT
STATEN ISLAND,2026-09-11 11:00:00+00:00,20.165,0.0,37100.0,0.0,0.0,0.0,6.12,2026-09-11,11,Friday,False,False,False,9,FALL,CLEAR,LIGHT
STATEN ISLAND,2026-09-11 12:00:00+00:00,20.865,0.0,32500.0,0.0,0.0,0.0,9.1641035,2026-09-11,12,Friday,False,False,False,9,FALL,CLEAR,LIGHT
STATEN ISLAND,2026-09-11 13:00:00+00:00,21.665,0.0,34300.0,0.0,0.0,0.0,13.608762,2026-09-11,13,Friday,False,False,False,9,FALL,CLEAR,LIGHT
STATEN ISLAND,2026-09-11 14:00:00+00:00,22.115,0.0,33900.0,0.0,0.0,0.0,12.4811535,2026-09-11,14,Friday,False,False,False,9,FALL,CLEAR,LIGHT
STATEN ISLAND,2026-09-11 15:00:00+00:00,22.765001,0.0,38200.0,0.0,0.0,0.0,11.384199,2026-09-11,15,Friday,False,False,False,9,FALL,CLEAR,LIGHT
STATEN ISLAND,2026-09-11 16:00:00+00:00,23.765001,0.0,37900.0,0.0,0.0,0.0,7.8954163,2026-09-11,16,Friday,False,True,False,9,FALL,CLEAR,LIGHT
STATEN ISLAND,2026-09-11 17:00:00+00:00,24.715,0.0,36900.0,0.0,0.0,0.0,10.144082,2026-09-11,17,Friday,False,True,False,9,FALL,CLEAR,LIGHT
STATEN ISLAND,2026-09-11 18:00:00+00:00,25.865,0.0,40600.0,0.0,0.0,0.0,7.69592,2026-09-11,18,Friday,False,True,False,9,FALL,CLEAR,LIGHT
STATEN ISLAND,2026-09-11 19:00:00+00:00,27.115,0.0,46600.0,0.0,0.0,0.0,11.792404,2026-09-11,19,Friday,False,False,False,9,FALL,CLEAR,LIGHT
STATEN ISLAND,2026-09-11 20:00:00+00:00,27.315,0.0,50000.0,0.0,0.0,0.0,17.81909,2026-09-11,20,Friday,False,False,True,9,FALL,CLEAR,LIGHT
STATEN ISLAND,2026-09-11 21:00:00+00:00,27.065,0.0,58400.0,0.0,0.0,0.0,13.708391,2026-09-11,21,Friday,False,False,True,9,FALL,CLEAR,LIGHT
STATEN ISLAND,2026-09-11 22:00:00+00:00,25.615,0.0,51700.0,0.0,0.0,0.0,6.618519,2026-09-11,22,Friday,False,False,True,9,FALL,CLEAR,LIGHT
STATEN ISLAND,2026-09-11 23:00:00+00:00,24.115,0.0,53900.0,0.0,0.0,0.0,4.1046314,2026-09-11,23,Friday,False,False,True,9,FALL,CLEAR,LIGHT
STATEN ISLAND,2026-09-12 00:00:00+00:00,22.215,0.0,48700.0,0.0,0.0,0.0,7.42159,2026-09-12,0,Saturday,True,False,True,9,FALL,CLEAR,LIGHT
STATEN ISLAND,2026-09-12 01:00:00+00:00,20.765001,0.0,45700.0,0.0,0.0,0.0,10.296251,2026-09-12,1,Saturday,True,False,True,9,FALL,CLEAR,LIGHT
STATEN ISLAND,2026-09-12 02:00:00+00:00,20.015001,0.0,39200.0,0.0,0.0,0.0,3.9763298,2026-09-12,2,Saturday,True,False,True,9,FALL,CLEAR,LIGHT
STATEN ISLAND,2026-09-12 03:00:00+00:00,19.365,0.0,22300.0,0.0,0.0,0.0,6.5693827,2026-09-12,3,Saturday,True,False,True,9,FALL,CLEAR,LIGHT
STATEN ISLAND,2026-09-12 04:00:00+00:00,17.765001,0.0,22800.0,0.0,0.0,0.0,6.9527545,2026-09-12,4,Saturday,True,False,True,9,FALL,CLEAR,LIGHT
STATEN ISLAND,2026-09-12 05:00:00+00:00,16.965,0.0,25000.0,0.0,0.0,0.0,6.792466,2026-09-12,5,Saturday,True,False,True,9,FALL,CLEAR,LIGHT
STATEN ISLAND,2026-09-12 06:00:00+00:00,16.315,0.0,22300.0,0.0,0.0,0.0,6.8777895,2026-09-12,6,Saturday,True,False,False,9,FALL,CLEAR,LIGHT
STATEN ISLAND,2026-09-12 07:00:00+00:00,15.865,0.0,19500.0,0.0,0.0,0.0,6.725354,2026-09-12,7,Saturday,True,True,False,9,FALL,CLEAR,LIGHT
STATEN ISLAND,2026-09-12 08:00:00+00:00,16.165,0.0,18400.0,0.0,0.0,0.0,5.4477882,2026-09-12,8,Saturday,True,True,False,9,FALL,CLEAR,LIGHT
STATEN ISLAND,2026-09-12 09:00:00+00:00,15.764999,0.0,17100.0,0.0,0.0,0.0,3.096837,2026-09-12,9,Saturday,True,True,False,9,FALL,CLEAR,LIGHT
STATEN ISLAND,2026-09-12 10:00:00+00:00,16.165,0.0,16900.0,0.0,0.0,0.0,2.968636,2026-09-12,10,Saturday,True,False,False,9,FALL,CLEAR,LIGHT
STATEN ISLAND,2026-09-12 11:00:00+00:00,16.815,0.0,17300.0,0.0,0.0,0.0,4.896529,2026-09-12,11,Saturday,True,False,False,9,FALL,CLEAR,LIGHT
STATEN ISLAND,2026-09-12 12:00:00+00:00,18.765001,0.0,18500.0,0.0,0.0,0.0,5.00128,2026-09-12,12,Saturday,True,False,False,9,FALL,CLEAR,LIGHT
STATEN ISLAND,2026-09-12 13:00:00+00:00,21.515001,0.0,21100.0,0.0,0.0,0.0,3.8939953,2026-09-12,13,Saturday,True,False,False,9,FALL,CLEAR,LIGHT
STATEN ISLAND,2026-09-12 14:00:00+00:00,23.215,0.0,20700.0,0.0,0.0,0.0,7.42159,2026-09-12,14,Saturday,True,False,False,9,FALL,CLEAR,LIGHT
STATEN ISLAND,2026-09-12 15:00:00+00:00,24.515001,0.0,28900.0,0.0,0.0,0.0,10.739832,2026-09-12,15,Saturday,True,False,False,9,FALL,CLEAR,LIGHT
STATEN ISLAND,2026-09-12 16:00:00+00:00,24.415,0.0,20300.0,0.0,0.0,0.0,12.682018,2026-09-12,16,Saturday,True,True,False,9,FALL,CLEAR,LIGHT
STATEN ISLAND,2026-09-12 17:00:00+00:00,25.415,0.0,25800.0,0.0,0.0,0.0,12.522619,2026-09-12,17,Saturday,True,True,False,9,FALL,CLEAR,LIGHT
STATEN ISLAND,2026-09-12 18:00:00+00:00,25.215,0.0,31500.0,0.0,0.0,0.0,19.201874,2026-09-12,18,Saturday,True,True,False,9,FALL,CLEAR,LIGHT
STATEN ISLAND,2026-09-12 19:00:00+00:00,25.415,0.0,32200.0,0.0,0.0,0.0,16.575644,2026-09-12,19,Saturday,True,False,False,9,FALL,CLEAR,LIGHT
STATEN ISLAND,2026-09-12 20:00:00+00:00,24.215,0.0,22600.0,0.0,0.0,0.0,20.46941,2026-09-12,20,Saturday,True,False,True,9,FALL,CLEAR,LIGHT
STATEN ISLAND,2026-09-12 21:00:00+00:00,23.915,0.0,26100.0,0.0,0.0,0.0,20.08916,2026-09-12,21,Saturday,True,False,True,9,FALL,CLEAR,LIGHT
STATEN ISLAND,2026-09-12 22:00:00+00:00,23.715,0.0,27900.0,0.0,0.0,0.0,17.339897,2026-09-12,22,Saturday,True,False,True,9,FALL,CLEAR,LIGHT
STATEN ISLAND,2026-09-12 23:00:00+00:00,22.565,0.0,30100.0,0.0,0.0,0.0,15.349684,2026-09-12,23,Saturday,True,False,True,9,FALL,CLEAR,LIGHT
STATEN ISLAND,2026-09-13 00:00:00+00:00,22.015001,0.0,30600.0,0.0,0.0,0.0,12.218805,2026-09-13,0,Sunday,True,False,True,9,FALL,CLEAR,LIGHT
STATEN ISLAND,2026-09-13 01:00:00+00:00,21.565,0.0,26100.0,0.0,0.0,0.0,12.031756,2026-09-13,1,Sunday,True,False,True,9,FALL,CLEAR,LIGHT
STATEN ISLAND,2026-09-13 02:00:00+00:00,21.415,0.0,24600.0,0.0,0.0,0.0,11.753876,2026-09-13,2,Sunday,True,False,True,9,FALL,CLEAR,LIGHT
STATEN ISLAND,2026-09-13 03:00:00+00:00,20.915,0.0,23000.0,0.0,0.0,0.0,9.339208,2026-09-13,3,Sunday,True,False,True,9,FALL,CLEAR,LIGHT
STATEN ISLAND,2026-09-13 04:00:00+00:00,20.865,0.0,23600.0,0.0,0.0,0.0,7.386582,2026-09-13,4,Sunday,True,False,True,9,FALL,CLEAR,LIGHT
STATEN ISLAND,2026-09-13 05:00:00+00:00,20.815,0.0,22400.0,0.0,0.0,0.0,11.119281,2026-09-13,5,Sunday,True,False,True,9,FALL,CLEAR,LIGHT
STATEN ISLAND,2026-09-13 06:00:00+00:00,20.615,0.0,17000.0,0.0,0.0,0.0,11.609651,2026-09-13,6,Sunday,True,False,False,9,FALL,CLEAR,LIGHT
STATEN ISLAND,2026-09-13 07:00:00+00:00,21.065,0.0,15400.0,0.0,0.0,0.0,9.659814,2026-09-13,7,Sunday,True,True,False,9,FALL,CLEAR,LIGHT
STATEN ISLAND,2026-09-13 08:00:00+00:00,21.465,0.4,14200.0,0.4,0.0,0.0,10.308831,2026-09-13,8,Sunday,True,True,False,9,FALL,RAIN,LIGHT
STATEN ISLAND,2026-09-13 09:00:00+00:00,21.365,0.0,12600.0,0.0,0.0,0.0,3.6,2026-09-13,9,Sunday,True,True,False,9,FALL,CLEAR,LIGHT
STATEN ISLAND,2026-09-13 10:00:00+00:00,21.915,0.0,12500.0,0.0,0.0,0.0,6.489992,2026-09-13,10,Sunday,True,False,False,9,FALL,CLEAR,LIGHT
STATEN ISLAND,2026-09-13 11:00:00+00:00,21.865,0.0,12200.0,0.0,0.0,0.0,8.473393,2026-09-13,11,Sunday,True,False,False,9,FALL,CLEAR,LIGHT
STATEN ISLAND,2026-09-13 12:00:00+00:00,20.965,0.4,12200.0,0.4,0.0,0.0,10.464797,2026-09-13,12,Sunday,True,False,False,9,FALL,RAIN,LIGHT
STATEN ISLAND,2026-09-13 13:00:00+00:00,20.515001,19.8,4700.0,19.8,0.0,0.0,7.5685663,2026-09-13,13,Sunday,True,False,False,9,FALL,RAIN,SEVERE
STATEN ISLAND,2026-09-13 14:00:00+00:00,20.565,0.4,4600.0,0.4,0.0,0.0,8.905908,2026-09-13,14,Sunday,True,False,False,9,FALL,RAIN,LIGHT
STATEN ISLAND,2026-09-13 15:00:00+00:00,20.915,1.4,12200.0,1.4,0.0,0.0,5.991594,2026-09-13,15,Sunday,True,False,False,9,FALL,RAIN,LIGHT
STATEN ISLAND,2026-09-13 16:00:00+00:00,21.515001,1.4,12200.0,1.4,0.0,0.0,6.6087217,2026-09-13,16,Sunday,True,True,False,9,FALL,RAIN,LIGHT
STATEN ISLAND,2026-09-13 17:00:00+00:00,22.215,0.0,12200.0,0.0,0.0,0.0,5.3517847,2026-09-13,17,Sunday,True,True,False,9,FALL,CLEAR,LIGHT
STATEN ISLAND,2026-09-13 18:00:00+00:00,23.915,0.0,15200.0,0.0,0.0,0.0,2.52,2026-09-13,18,Sunday,True,True,False,9,FALL,CLEAR,LIGHT
STATEN ISLAND,2026-09-13 19:00:00+00:00,25.865,0.0,18200.0,0.0,0.0,0.0,3.8773184,2026-09-13,19,Sunday,True,False,False,9,FALL,CLEAR,LIGHT
STATEN ISLAND,2026-09-13 20:00:00+00:00,26.415,0.0,20400.0,0.0,0.0,0.0,1.8,2026-09-13,20,Sunday,True,False,True,9,FALL,CLEAR,LIGHT
STATEN ISLAND,2026-09-13 21:00:00+00:00,26.815,0.0,24800.0,0.0,0.0,0.0,7.5942073,2026-09-13,21,Sunday,True,False,True,9,FALL,CLEAR,LIGHT
STATEN ISLAND,2026-09-13 22:00:00+00:00,26.315,0.0,23400.0,0.0,0.0,0.0,3.219938,2026-09-13,22,Sunday,True,False,True,9,FALL,CLEAR,LIGHT
STATEN ISLAND,2026-09-13 23:00:00+00:00,25.815,0.0,24900.0,0.0,0.0,0.0,2.968636,2026-09-13,23,Sunday,True,False,True,9,FALL,CLEAR,LIGHT
STATEN ISLAND,2026-09-14 00:00:00+00:00,24.115,0.0,22100.0,0.0,0.0,0.0,9.36,2026-09-14,0,Monday,False,False,True,9,FALL,CLEAR,LIGHT
STATEN ISLAND,2026-09-14 01:00:00+00:00,23.115,0.0,15800.0,0.0,0.0,0.0,6.849467,2026-09-14,1,Monday,False,False,True,9,FALL,CLEAR,LIGHT
STATEN ISLAND,2026-09-14 02:00:00+00:00,22.765001,0.0,17500.0,0.0,0.0,0.0,6.638072,2026-09-14,2,Monday,False,False,True,9,FALL,CLEAR,LIGHT
STATEN ISLAND,2026-09-14 03:00:00+00:00,22.265001,0.0,15900.0,0.0,0.0,0.0,3.7064266,2026-09-14,3,Monday,False,False,True,9,FALL,CLEAR,LIGHT
STATEN ISLAND,2026-09-14 04:00:00+00:00,21.815,0.0,15000.0,0.0,0.0,0.0,5.1544156,2026-09-14,4,Monday,False,False,True,9,FALL,CLEAR,LIGHT
STATEN ISLAND,2026-09-14 05:00:00+00:00,21.415,0.0,14000.0,0.0,0.0,0.0,5.8603754,2026-09-14,5,Monday,False,False,True,9,FALL,CLEAR,LIGHT
STATEN ISLAND,2026-09-14 06:00:00+00:00,21.315,0.0,14000.0,0.0,0.0,0.0,11.753876,2026-09-14,6,Monday,False,False,False,9,FALL,CLEAR,LIGHT
STATEN ISLAND,2026-09-14 07:00:00+00:00,21.615,0.0,15000.0,0.0,0.0,0.0,7.289444,2026-09-14,7,Monday,False,True,False,9,FALL,CLEAR,LIGHT
STATEN ISLAND,2026-09-14 08:00:00+00:00,21.565,0.0,16100.0,0.0,0.0,0.0,9.220499,2026-09-14,8,Monday,False,True,False,9,FALL,CLEAR,LIGHT
STATEN ISLAND,2026-09-14 09:00:00+00:00,21.065,0.0,21200.0,0.0,0.0,0.0,14.57889,2026-09-14,9,Monday,False,True,False,9,FALL,CLEAR,LIGHT
STATEN ISLAND,2026-09-14 10:00:00+00:00,20.365,0.0,20800.0,0.0,0.0,0.0,12.181624,2026-09-14,10,Monday,False,False,False,9,FALL,CLEAR,LIGHT
STATEN ISLAND,2026-09-14 11:00:00+00:00,20.515001,0.0,21600.0,0.0,0.0,0.0,12.313894,2026-09-14,11,Monday,False,False,False,9,FALL,CLEAR,LIGHT
STATEN ISLAND,2026-09-14 12:00:00+00:00,19.665,0.0,32200.0,0.0,0.0,0.0,19.022177,2026-09-14,12,Monday,False,False,False,9,FALL,CLEAR,LIGHT
STATEN ISLAND,2026-09-14 13:00:00+00:00,20.165,0.0,30800.0,0.0,0.0,0.0,15.986593,2026-09-14,13,Monday,False,False,False,9,FALL,CLEAR,LIGHT
STATEN ISLAND,2026-09-14 14:00:00+00:00,21.365,0.0,36500.0,0.0,0.0,0.0,19.878391,2026-09-14,14,Monday,False,False,False,9,FALL,CLEAR,LIGHT
STATEN ISLAND,2026-09-14 15:00:00+00:00,22.215,0.0,39300.0,0.0,0.0,0.0,19.376562,2026-09-14,15,Monday,False,False,False,9,FALL,CLEAR,LIGHT
STATEN ISLAND,2026-09-14 16:00:00+00:00,23.065,0.0,42600.0,0.0,0.0,0.0,20.87379,2026-09-14,16,Monday,False,True,False,9,FALL,CLEAR,LIGHT
STATEN ISLAND,2026-09-14 17:00:00+00:00,24.315,0.0,40800.0,0.0,0.0,0.0,19.008545,2026-09-14,17,Monday,False,True,False,9,FALL,CLEAR,LIGHT
STATEN ISLAND,2026-09-14 18:00:00+00:00,24.315,0.0,48500.0,0.0,0.0,0.0,20.969807,2026-09-14,18,Monday,False,True,False,9,FALL,CLEAR,LIGHT
STATEN ISLAND,2026-09-14 19:00:00+00:00,24.765001,0.0,55900.0,0.0,0.0,0.0,20.150354,2026-09-14,19,Monday,False,False,False,9,FALL,CLEAR,LIGHT
STATEN ISLAND,2026-09-14 20:00:00+00:00,24.765001,0.0,61800.0,0.0,0.0,0.0,19.586119,2026-09-14,20,Monday,False,False,True,9,FALL,CLEAR,LIGHT
STATEN ISLAND,2026-09-14 21:00:00+00:00,24.215,0.0,63000.0,0.0,0.0,0.0,16.870138,2026-09-14,21,Monday,False,False,True,9,FALL,CLEAR,LIGHT
STATEN ISLAND,2026-09-14 22:00:00+00:00,23.115,0.0,63100.0,0.0,0.0,0.0,16.135872,2026-09-14,22,Monday,False,False,True,9,FALL,CLEAR,LIGHT
STATEN ISLAND,2026-09-14 23:00:00+00:00,20.715,0.0,56500.0,0.0,0.0,0.0,14.512064,2026-09-14,23,Monday,False,False,True,9,FALL,CLEAR,LIGHT
STATEN ISLAND,2026-09-15 00:00:00+00:00,18.815,0.0,45800.0,0.0,0.0,0.0,9.659814,2026-09-15,0,Tuesday,False,False,True,9,FALL,CLEAR,LIGHT
STATEN ISLAND,2026-09-15 01:00:00+00:00,18.065,0.0,48600.0,0.0,0.0,0.0,6.28713,2026-09-15,1,Tuesday,False,False,True,9,FALL,CLEAR,LIGHT
STATEN ISLAND,2026-09-15 02:00:00+00:00,16.615,0.0,41500.0,0.0,0.0,0.0,7.9036193,2026-09-15,2,Tuesday,False,False,True,9,FALL,CLEAR,LIGHT
STATEN ISLAND,2026-09-15 03:00:00+00:00,15.665,0.0,36000.0,0.0,0.0,0.0,9.028754,2026-09-15,3,Tuesday,False,False,True,9,FALL,CLEAR,LIGHT
STATEN ISLAND,2026-09-15 04:00:00+00:00,14.514999,0.0,29700.0,0.0,0.0,0.0,7.172949,2026-09-15,4,Tuesday,False,False,True,9,FALL,CLEAR,LIGHT
STATEN ISLAND,2026-09-15 05:00:00+00:00,14.014999,0.0,27200.0,0.0,0.0,0.0,5.692099,2026-09-15,5,Tuesday,False,False,True,9,FALL,CLEAR,LIGHT
STATEN ISLAND,2026-09-15 06:00:00+00:00,13.865,0.0,27100.0,0.0,0.0,0.0,6.830519,2026-09-15,6,Tuesday,False,False,False,9,FALL,CLEAR,LIGHT
STATEN ISLAND,2026-09-15 07:00:00+00:00,13.365,0.0,22500.0,0.0,0.0,0.0,8.707237,2026-09-15,7,Tuesday,False,True,False,9,FALL,CLEAR,LIGHT
STATEN ISLAND,2026-09-15 08:00:00+00:00,13.214999,0.0,25400.0,0.0,0.0,0.0,9.422101,2026-09-15,8,Tuesday,False,True,False,9,FALL,CLEAR,LIGHT
STATEN ISLAND,2026-09-15 09:00:00+00:00,12.764999,0.0,24400.0,0.0,0.0,0.0,10.464798,2026-09-15,9,Tuesday,False,True,False,9,FALL,CLEAR,LIGHT
STATEN ISLAND,2026-09-15 10:00:00+00:00,12.815,0.0,22200.0,0.0,0.0,0.0,9.255571,2026-09-15,10,Tuesday,False,False,False,9,FALL,CLEAR,LIGHT
STATEN ISLAND,2026-09-15 11:00:00+00:00,12.665,0.0,21300.0,0.0,0.0,0.0,6.87779,2026-09-15,11,Tuesday,False,False,False,9,FALL,CLEAR,LIGHT
STATEN ISLAND,2026-09-15 12:00:00+00:00,14.714999,0.0,21800.0,0.0,0.0,0.0,6.151683,2026-09-15,12,Tuesday,False,False,False,9,FALL,CLEAR,LIGHT
STATEN ISLAND,2026-09-15 13:00:00+00:00,17.465,0.0,30900.0,0.0,0.0,0.0,10.739832,2026-09-15,13,Tuesday,False,False,False,9,FALL,CLEAR,LIGHT
STATEN ISLAND,2026-09-15 14:00:00+00:00,18.815,0.0,32800.0,0.0,0.0,0.0,9.178235,2026-09-15,14,Tuesday,False,False,False,9,FALL,CLEAR,LIGHT
STATEN ISLAND,2026-09-15 15:00:00+00:00,20.215,0.0,33500.0,0.0,0.0,0.0,5.3517847,2026-09-15,15,Tuesday,False,False,False,9,FALL,CLEAR,LIGHT
STATEN ISLAND,2026-09-15 16:00:00+00:00,20.765001,0.0,35300.0,0.0,0.0,0.0,5.1544156,2026-09-15,16,Tuesday,False,True,False,9,FALL,CLEAR,LIGHT
STATEN ISLAND,2026-09-15 17:00:00+00:00,21.365,0.0,35300.0,0.0,0.0,0.0,7.5942082,2026-09-15,17,Tuesday,False,True,False,9,FALL,CLEAR,LIGHT
STATEN ISLAND,2026-09-15 18:00:00+00:00,21.815,0.0,33600.0,0.0,0.0,0.0,8.404285,2026-09-15,18,Tuesday,False,True,False,9,FALL,CLEAR,LIGHT
STATEN ISLAND,2026-09-15 19:00:00+00:00,21.765001,0.0,31300.0,0.0,0.0,0.0,8.209263,2026-09-15,19,Tuesday,False,False,False,9,FALL,CLEAR,LIGHT
STATEN ISLAND,2026-09-15 20:00:00+00:00,21.915,0.0,35800.0,0.0,0.0,0.0,9.085988,2026-09-15,20,Tuesday,False,False,True,9,FALL,CLEAR,LIGHT
STATEN ISLAND,2026-09-15 21:00:00+00:00,21.315,0.0,33500.0,0.0,0.0,0.0,8.534353,2026-09-15,21,Tuesday,False,False,True,9,FALL,CLEAR,LIGHT
STATEN ISLAND,2026-09-15 22:00:00+00:00,20.615,0.0,31900.0,0.0,0.0,0.0,9.290511,2026-09-15,22,Tuesday,False,False,True,9,FALL,CLEAR,LIGHT
STATEN ISLAND,2026-09-15 23:00:00+00:00,18.815,0.0,28800.0,0.0,0.0,0.0,9.085988,2026-09-15,23,Tuesday,False,False,True,9,FALL,CLEAR,LIGHT
STATEN ISLAND,2026-09-16 00:00:00+00:00,17.965,0.0,24700.0,0.0,0.0,0.0,10.44,2026-09-16,0,Wednesday,False,False,True,9,FALL,CLEAR,LIGHT
STATEN ISLAND,2026-09-16 01:00:00+00:00,17.665,0.0,22800.0,0.0,0.0,0.0,9.931042,2026-09-16,1,Wednesday,False,False,True,9,FALL,CLEAR,LIGHT
STATEN ISLAND,2026-09-16 02:00:00+00:00,17.415,0.0,23000.0,0.0,0.0,0.0,9.686609,2026-09-16,2,Wednesday,False,False,True,9,FALL,CLEAR,LIGHT
STATEN ISLAND,2026-09-16 03:00:00+00:00,16.615,0.0,20100.0,0.0,0.0,0.0,5.5887027,2026-09-16,3,Wednesday,False,False,True,9,FALL,CLEAR,LIGHT
STATEN ISLAND,2026-09-16 04:00:00+00:00,16.165,0.0,17400.0,0.0,0.0,0.0,6.849467,2026-09-16,4,Wednesday,False,False,True,9,FALL,CLEAR,LIGHT
STATEN ISLAND,2026-09-16 05:00:00+00:00,15.415,0.0,15600.0,0.0,0.0,0.0,3.7064266,2026-09-16,5,Wednesday,False,False,True,9,FALL,CLEAR,LIGHT
STATEN ISLAND,2026-09-16 06:00:00+00:00,15.115,0.0,17500.0,0.0,0.0,0.0,3.5455887,2026-09-16,6,Wednesday,False,False,False,9,FALL,CLEAR,LIGHT
STATEN ISLAND,2026-09-16 07:00:00+00:00,15.014999,0.0,19200.0,0.0,0.0,0.0,1.9386592,2026-09-16,7,Wednesday,False,True,False,9,FALL,CLEAR,LIGHT
STATEN ISLAND,2026-09-16 08:00:00+00:00,14.714999,0.0,17400.0,0.0,0.0,0.0,3.6,2026-09-16,8,Wednesday,False,True,False,9,FALL,CLEAR,LIGHT
STATEN ISLAND,2026-09-16 09:00:00+00:00,14.464999,0.0,17000.0,0.0,0.0,0.0,5.04,2026-09-16,9,Wednesday,False,True,False,9,FALL,CLEAR,LIGHT
STATEN ISLAND,2026-09-16 10:00:00+00:00,14.514999,0.0,17900.0,0.0,0.0,0.0,2.6208394,2026-09-16,10,Wednesday,False,False,False,9,FALL,CLEAR,LIGHT
STATEN ISLAND,2026-09-16 11:00:00+00:00,14.115,0.0,15900.0,0.0,0.0,0.0,4.0249224,2026-09-16,11,Wednesday,False,False,False,9,FALL,CLEAR,LIGHT
STATEN ISLAND,2026-09-16 12:00:00+00:00,16.365,0.0,17400.0,0.0,0.0,0.0,3.0758414,2026-09-16,12,Wednesday,False,False,False,9,FALL,CLEAR,LIGHT
STATEN ISLAND,2026-09-16 13:00:00+00:00,17.665,0.0,19100.0,0.0,0.0,0.0,3.8268526,2026-09-16,13,Wednesday,False,False,False,9,FALL,CLEAR,LIGHT
STATEN ISLAND,2026-09-16 14:00:00+00:00,18.965,0.0,20600.0,0.0,0.0,0.0,8.209263,2026-09-16,14,Wednesday,False,False,False,9,FALL,CLEAR,LIGHT
STATEN ISLAND,2026-09-16 15:00:00+00:00,21.315,0.0,22400.0,0.0,0.0,0.0,11.753876,2026-09-16,15,Wednesday,False,False,False,9,FALL,CLEAR,LIGHT
STATEN ISLAND,2026-09-16 16:00:00+00:00,22.915,0.0,25500.0,0.0,0.0,0.0,9.1641035,2026-09-16,16,Wednesday,False,True,False,9,FALL,CLEAR,LIGHT
STATEN ISLAND,2026-09-16 17:00:00+00:00,24.465,0.0,27400.0,0.0,0.0,0.0,9.904906,2026-09-16,17,Wednesday,False,True,False,9,FALL,CLEAR,LIGHT
STATEN ISLAND,2026-09-16 18:00:00+00:00,25.165,0.0,24900.0,0.0,0.0,0.0,11.304229,2026-09-16,18,Wednesday,False,True,False,9,FALL,CLEAR,LIGHT
STATEN ISLAND,2026-09-16 19:00:00+00:00,26.215,0.0,28400.0,0.0,0.0,0.0,12.7279215,2026-09-16,19,Wednesday,False,False,False,9,FALL,CLEAR,LIGHT
STATEN ISLAND,2026-09-16 20:00:00+00:00,26.715,0.0,30800.0,0.0,0.0,0.0,12.144331,2026-09-16,20,Wednesday,False,False,True,9,FALL,CLEAR,LIGHT
STATEN ISLAND,2026-09-16 21:00:00+00:00,26.815,0.0,33500.0,0.0,0.0,0.0,9.007196,2026-09-16,21,Wednesday,False,False,True,9,FALL,CLEAR,LIGHT
STATEN ISLAND,2026-09-16 22:00:00+00:00,25.415,0.0,27400.0,0.0,0.0,0.0,8.28,2026-09-16,22,Wednesday,False,False,True,9,FALL,CLEAR,LIGHT
STATEN ISLAND,2026-09-16 23:00:00+00:00,24.365,0.0,25400.0,0.0,0.0,0.0,7.8954163,2026-09-16,23,Wednesday,False,False,True,9,FALL,CLEAR,LIGHT
STATEN ISLAND,2026-09-17 00:00:00+00:00,23.065,0.0,20700.0,0.0,0.0,0.0,8.534353,2026-09-17,0,Thursday,False,False,True,9,FALL,CLEAR,LIGHT
STATEN ISLAND,2026-09-17 01:00:00+00:00,22.365,0.0,18400.0,0.0,0.0,0.0,10.1376915,2026-09-17,1,Thursday,False,False,True,9,FALL,CLEAR,LIGHT
STATEN ISLAND,2026-09-17 02:00:00+00:00,21.565,0.0,16900.0,0.0,0.0,0.0,4.6938252,2026-09-17,2,Thursday,False,False,True,9,FALL,CLEAR,LIGHT
STATEN ISLAND,2026-09-17 03:00:00+00:00,21.565,0.0,17800.0,0.0,0.0,0.0,3.096837,2026-09-17,3,Thursday,False,False,True,9,FALL,CLEAR,LIGHT
STATEN ISLAND,2026-09-17 04:00:00+00:00,21.665,0.0,20700.0,0.0,0.0,0.0,2.0991426,2026-09-17,4,Thursday,False,False,True,9,FALL,CLEAR,LIGHT
STATEN ISLAND,2026-09-17 05:00:00+00:00,21.065,0.0,17200.0,0.0,0.0,0.0,4.379589,2026-09-17,5,Thursday,False,False,True,9,FALL,CLEAR,LIGHT
STATEN ISLAND,2026-09-17 06:00:00+00:00,20.965,0.0,18400.0,0.0,0.0,0.0,5.3999996,2026-09-17,6,Thursday,False,False,False,9,FALL,CLEAR,LIGHT
STATEN ISLAND,2026-09-17 07:00:00+00:00,20.365,0.0,17400.0,0.0,0.0,0.0,5.8603754,2026-09-17,7,Thursday,False,True,False,9,FALL,CLEAR,LIGHT
STATEN ISLAND,2026-09-17 08:00:00+00:00,20.315,0.0,14100.0,0.0,0.0,0.0,3.8773184,2026-09-17,8,Thursday,False,True,False,9,FALL,CLEAR,LIGHT
STATEN ISLAND,2026-09-17 09:00:00+00:00,20.865,0.0,15900.0,0.0,0.0,0.0,6.28713,2026-09-17,9,Thursday,False,True,False,9,FALL,CLEAR,LIGHT
STATEN ISLAND,2026-09-17 10:00:00+00:00,20.015001,0.0,15100.0,0.0,0.0,0.0,2.9024127,2026-09-17,10,Thursday,False,False,False,9,FALL,CLEAR,LIGHT
STATEN ISLAND,2026-09-17 11:00:00+00:00,19.765001,0.0,15900.0,0.0,0.0,0.0,2.6208394,2026-09-17,11,Thursday,False,False,False,9,FALL,CLEAR,LIGHT
STATEN ISLAND,2026-09-17 12:00:00+00:00,21.965,0.0,17400.0,0.0,0.0,0.0,3.671294,2026-09-17,12,Thursday,False,False,False,9,FALL,CLEAR,LIGHT
STATEN ISLAND,2026-09-17 13:00:00+00:00,22.665,0.0,17000.0,0.0,0.0,0.0,6.830519,2026-09-17,13,Thursday,False,False,False,9,FALL,CLEAR,LIGHT
STATEN ISLAND,2026-09-17 14:00:00+00:00,23.965,0.0,20500.0,0.0,0.0,0.0,10.739833,2026-09-17,14,Thursday,False,False,False,9,FALL,CLEAR,LIGHT
STATEN ISLAND,2026-09-17 15:00:00+00:00,25.265001,0.0,21000.0,0.0,0.0,0.0,7.9526596,2026-09-17,15,Thursday,False,False,False,9,FALL,CLEAR,LIGHT
STATEN ISLAND,2026-09-17 16:00:00+00:00,26.865,0.0,21700.0,0.0,0.0,0.0,11.183201,2026-09-17,16,Thursday,False,True,False,9,FALL,CLEAR,LIGHT
STATEN ISLAND,2026-09-17 17:00:00+00:00,28.215,0.0,25400.0,0.0,0.0,0.0,12.24,2026-09-17,17,Thursday,False,True,False,9,FALL,CLEAR,LIGHT
STATEN ISLAND,2026-09-17 18:00:00+00:00,26.865,0.0,21500.0,0.0,0.0,0.0,12.287555,2026-09-17,18,Thursday,False,True,False,9,FALL,CLEAR,LIGHT
STATEN ISLAND,2026-09-17 19:00:00+00:00,28.615,0.0,25000.0,0.0,0.0,0.0,14.081478,2026-09-17,19,Thursday,False,False,False,9,FALL,CLEAR,LIGHT
STATEN ISLAND,2026-09-17 20:00:00+00:00,28.115,0.0,24300.0,0.0,0.0,0.0,12.015589,2026-09-17,20,Thursday,False,False,True,9,FALL,CLEAR,LIGHT
STATEN ISLAND,2026-09-17 21:00:00+00:00,28.065,0.0,27100.0,0.0,0.0,0.0,13.891522,2026-09-17,21,Thursday,False,False,True,9,FALL,CLEAR,LIGHT
STATEN ISLAND,2026-09-17 22:00:00+00:00,26.565,0.0,25800.0,0.0,0.0,0.0,5.991594,2026-09-17,22,Thursday,False,False,True,9,FALL,CLEAR,LIGHT
STATEN ISLAND,2026-09-17 23:00:00+00:00,26.265001,0.0,26200.0,0.0,0.0,0.0,9.585739,2026-09-17,23,Thursday,False,False,True,9,FALL,CLEAR,LIGHT
STATEN ISLAND,2026-09-18 00:00:00+00:00,25.515001,0.0,24500.0,0.0,0.0,0.0,8.404285,2026-09-18,0,Friday,False,False,True,9,FALL,CLEAR,LIGHT
STATEN ISLAND,2026-09-18 01:00:00+00:00,24.965,0.4,23900.0,0.4,0.0,0.0,2.968636,2026-09-18,1,Friday,False,False,True,9,FALL,RAIN,LIGHT
STATEN ISLAND,2026-09-18 02:00:00+00:00,23.765001,0.0,19300.0,0.0,0.0,0.0,5.0911684,2026-09-18,2,Friday,False,False,True,9,FALL,CLEAR,LIGHT
STATEN ISLAND,2026-09-18 03:00:00+00:00,23.565,0.0,21300.0,0.0,0.0,0.0,5.3517847,2026-09-18,3,Friday,False,False,True,9,FALL,CLEAR,LIGHT
STATEN ISLAND,2026-09-18 04:00:00+00:00,23.015001,0.0,18700.0,0.0,0.0,0.0,6.8777895,2026-09-18,4,Friday,False,False,True,9,FALL,CLEAR,LIGHT
STATEN ISLAND,2026-09-18 05:00:00+00:00,22.615,0.0,18000.0,0.0,0.0,0.0,3.396233,2026-09-18,5,Friday,False,False,True,9,FALL,CLEAR,LIGHT
STATEN ISLAND,2026-09-18 06:00:00+00:00,22.015001,0.0,15200.0,0.0,0.0,0.0,5.154415,2026-09-18,6,Friday,False,False,False,9,FALL,CLEAR,LIGHT
STATEN ISLAND,2026-09-18 07:00:00+00:00,22.115,0.0,15300.0,0.0,0.0,0.0,6.8777895,2026-09-18,7,Friday,False,True,False,9,FALL,CLEAR,LIGHT
STATEN ISLAND,2026-09-18 08:00:00+00:00,21.815,0.0,16200.0,0.0,0.0,0.0,5.937272,2026-09-18,8,Friday,False,True,False,9,FALL,CLEAR,LIGHT
STATEN ISLAND,2026-09-18 09:00:00+00:00,21.715,0.0,14900.0,0.0,0.0,0.0,6.4096174,2026-09-18,9,Friday,False,True,False,9,FALL,CLEAR,LIGHT
STATEN ISLAND,2026-09-18 10:00:00+00:00,21.765001,0.0,13800.0,0.0,0.0,0.0,7.8954163,2026-09-18,10,Friday,False,False,False,9,FALL,CLEAR,LIGHT
STATEN ISLAND,2026-09-18 11:00:00+00:00,22.015001,0.0,15300.0,0.0,0.0,0.0,10.137692,2026-09-18,11,Friday,False,False,False,9,FALL,CLEAR,LIGHT
STATEN ISLAND,2026-09-18 12:00:00+00:00,22.515001,0.0,14400.0,0.0,0.0,0.0,14.118243,2026-09-18,12,Friday,False,False,False,9,FALL,CLEAR,LIGHT
STATEN ISLAND,2026-09-18 13:00:00+00:00,23.315,0.0,16200.0,0.0,0.0,0.0,9.693296,2026-09-18,13,Friday,False,False,False,9,FALL,CLEAR,LIGHT
STATEN ISLAND,2026-09-18 14:00:00+00:00,23.565,0.0,20500.0,0.0,0.0,0.0,14.904173,2026-09-18,14,Friday,False,False,False,9,FALL,CLEAR,LIGHT
STATEN ISLAND,2026-09-18 15:00:00+00:00,24.465,0.0,23200.0,0.0,0.0,0.0,16.62249,2026-09-18,15,Friday,False,False,False,9,FALL,CLEAR,LIGHT
STATEN ISLAND,2026-09-18 16:00:00+00:00,25.715,0.0,33400.0,0.0,0.0,0.0,11.91812,2026-09-18,16,Friday,False,True,False,9,FALL,CLEAR,LIGHT
STATEN ISLAND,2026-09-18 17:00:00+00:00,26.815,0.0,34000.0,0.0,0.0,0.0,8.373386,2026-09-18,17,Friday,False,True,False,9,FALL,CLEAR,LIGHT
STATEN ISLAND,2026-09-18 18:00:00+00:00,27.565,0.0,42600.0,0.0,0.0,0.0,10.587917,2026-09-18,18,Friday,False,True,False,9,FALL,CLEAR,LIGHT
STATEN ISLAND,2026-09-18 19:00:00+00:00,28.165,0.0,44000.0,0.0,0.0,0.0,7.6367526,2026-09-18,19,Friday,False,False,False,9,FALL,CLEAR,LIGHT
STATEN ISLAND,2026-09-18 20:00:00+00:00,28.165,0.0,40500.0,0.0,0.0,0.0,12.245294,2026-09-18,20,Friday,False,False,True,9,FALL,CLEAR,LIGHT
STATEN ISLAND,2026-09-18 21:00:00+00:00,27.215,0.0,36800.0,0.0,0.0,0.0,14.007655,2026-09-18,21,Friday,False,False,True,9,FALL,CLEAR,LIGHT
STATEN ISLAND,2026-09-18 22:00:00+00:00,26.765001,0.0,46400.0,0.0,0.0,0.0,9.346143,2026-09-18,22,Friday,False,False,True,9,FALL,CLEAR,LIGHT
STATEN ISLAND,2026-09-18 23:00:00+00:00,25.115,0.0,44300.0,0.0,0.0,0.0,2.9024127,2026-09-18,23,Friday,False,False,True,9,FALL,CLEAR,LIGHT
STATEN ISLAND,2026-09-19 00:00:00+00:00,23.465,0.0,33300.0,0.0,0.0,0.0,6.8399997,2026-09-19,0,Saturday,True,False,True,9,FALL,CLEAR,LIGHT
STATEN ISLAND,2026-09-19 01:00:00+00:00,22.865,0.0,32900.0,0.0,0.0,0.0,7.5599995,2026-09-19,1,Saturday,True,False,True,9,FALL,CLEAR,LIGHT
STATEN ISLAND,2026-09-19 02:00:00+00:00,21.315,0.0,26900.0,0.0,0.0,0.0,7.928178,2026-09-19,2,Saturday,True,False,True,9,FALL,CLEAR,LIGHT
STATEN ISLAND,2026-09-19 03:00:00+00:00,20.215,0.0,31400.0,0.0,0.0,0.0,8.287822,2026-09-19,3,Saturday,True,False,True,9,FALL,CLEAR,LIGHT
STATEN ISLAND,2026-09-19 04:00:00+00:00,20.215,0.0,35400.0,0.0,0.0,0.0,9.36,2026-09-19,4,Saturday,True,False,True,9,FALL,CLEAR,LIGHT
STATEN ISLAND,2026-09-19 05:00:00+00:00,19.465,0.0,36000.0,0.0,0.0,0.0,11.183201,2026-09-19,5,Saturday,True,False,True,9,FALL,CLEAR,LIGHT
STATEN ISLAND,2026-09-19 06:00:00+00:00,18.115,0.0,30900.0,0.0,0.0,0.0,16.575644,2026-09-19,6,Saturday,True,False,False,9,FALL,CLEAR,LIGHT
STATEN ISLAND,2026-09-19 07:00:00+00:00,17.065,0.0,31800.0,0.0,0.0,0.0,14.759999,2026-09-19,7,Saturday,True,True,False,9,FALL,CLEAR,LIGHT
STATEN ISLAND,2026-09-19 08:00:00+00:00,16.865,0.0,28700.0,0.0,0.0,0.0,11.013882,2026-09-19,8,Saturday,True,True,False,9,FALL,CLEAR,LIGHT
STATEN ISLAND,2026-09-19 09:00:00+00:00,16.815,0.0,24900.0,0.0,0.0,0.0,9.028754,2026-09-19,9,Saturday,True,True,False,9,FALL,CLEAR,LIGHT
STATEN ISLAND,2026-09-19 10:00:00+00:00,16.615,0.0,24700.0,0.0,0.0,0.0,9.178235,2026-09-19,10,Saturday,True,False,False,9,FALL,CLEAR,LIGHT
STATEN ISLAND,2026-09-19 11:00:00+00:00,15.764999,0.0,33500.0,0.0,0.0,0.0,11.298495,2026-09-19,11,Saturday,True,False,False,9,FALL,CLEAR,LIGHT
STATEN ISLAND,2026-09-19 12:00:00+00:00,16.765001,0.0,35100.0,0.0,0.0,0.0,13.513193,2026-09-19,12,Saturday,True,False,False,9,FALL,CLEAR,LIGHT
STATEN ISLAND,2026-09-19 13:00:00+00:00,17.965,0.0,36200.0,0.0,0.0,0.0,13.044722,2026-09-19,13,Saturday,True,False,False,9,FALL,CLEAR,LIGHT
STATEN ISLAND,2026-09-19 14:00:00+00:00,18.315,0.0,33600.0,0.0,0.0,0.0,14.264361,2026-09-19,14,Saturday,True,False,False,9,FALL,CLEAR,LIGHT
STATEN ISLAND,2026-09-19 15:00:00+00:00,19.865,0.0,41800.0,0.0,0.0,0.0,13.246826,2026-09-19,15,Saturday,True,False,False,9,FALL,CLEAR,LIGHT
STATEN ISLAND,2026-09-19 16:00:00+00:00,20.015001,0.0,32300.0,0.0,0.0,0.0,12.496719,2026-09-19,16,Saturday,True,True,False,9,FALL,CLEAR,LIGHT
STATEN ISLAND,2026-09-19 17:00:00+00:00,20.815,0.0,30400.0,0.0,0.0,0.0,11.252519,2026-09-19,17,Saturday,True,True,False,9,FALL,CLEAR,LIGHT
STATEN ISLAND,2026-09-19 18:00:00+00:00,21.115,0.0,27900.0,0.0,0.0,0.0,12.224107,2026-09-19,18,Saturday,True,True,False,9,FALL,CLEAR,LIGHT
STATEN ISLAND,2026-09-19 19:00:00+00:00,20.615,0.0,28400.0,0.0,0.0,0.0,15.315873,2026-09-19,19,Saturday,True,False,False,9,FALL,CLEAR,LIGHT
STATEN ISLAND,2026-09-19 20:00:00+00:00,20.165,0.0,24500.0,0.0,0.0,0.0,14.48972,2026-09-19,20,Saturday,True,False,True,9,FALL,CLEAR,LIGHT
STATEN ISLAND,2026-09-19 21:00:00+00:00,19.215,0.0,21700.0,0.0,0.0,0.0,12.397806,2026-09-19,21,Saturday,True,False,True,9,FALL,CLEAR,LIGHT
STATEN ISLAND,2026-09-19 22:00:00+00:00,18.515001,0.0,21800.0,0.0,0.0,0.0,12.55879,2026-09-19,22,Saturday,True,False,True,9,FALL,CLEAR,LIGHT
STATEN ISLAND,2026-09-19 23:00:00+00:00,17.715,0.0,21700.0,0.0,0.0,0.0,10.483357,2026-09-19,23,Saturday,True,False,True,9,FALL,CLEAR,LIGHT
STATEN ISLAND,2026-09-20 00:00:00+00:00,18.065,0.0,23900.0,0.0,0.0,0.0,11.269782,2026-09-20,0,Sunday,True,False,True,9,FALL,CLEAR,LIGHT
STATEN ISLAND,2026-09-20 01:00:00+00:00,18.415,0.0,24000.0,0.0,0.0,0.0,12.387348,2026-09-20,1,Sunday,True,False,True,9,FALL,CLEAR,LIGHT
STATEN ISLAND,2026-09-20 02:00:00+00:00,18.115,0.0,21900.0,0.0,0.0,0.0,10.8955765,2026-09-20,2,Sunday,True,False,True,9,FALL,CLEAR,LIGHT
STATEN ISLAND,2026-09-20 03:00:00+00:00,17.965,0.0,23100.0,0.0,0.0,0.0,13.37825,2026-09-20,3,Sunday,True,False,True,9,FALL,CLEAR,LIGHT
STATEN ISLAND,2026-09-20 04:00:00+00:00,18.015001,0.0,24700.0,0.0,0.0,0.0,12.303366,2026-09-20,4,Sunday,True,False,True,9,FALL,CLEAR,LIGHT
STATEN ISLAND,2026-09-20 05:00:00+00:00,18.065,0.0,28800.0,0.0,0.0,0.0,13.779114,2026-09-20,5,Sunday,True,False,True,9,FALL,CLEAR,LIGHT
STATEN ISLAND,2026-09-20 06:00:00+00:00,18.065,0.0,28300.0,0.0,0.0,0.0,11.592895,2026-09-20,6,Sunday,True,False,False,9,FALL,CLEAR,LIGHT
STATEN ISLAND,2026-09-20 07:00:00+00:00,18.015001,0.0,25500.0,0.0,0.0,0.0,13.70839,2026-09-20,7,Sunday,True,True,False,9,FALL,CLEAR,LIGHT
STATEN ISLAND,2026-09-20 08:00:00+00:00,18.365,0.0,23300.0,0.0,0.0,0.0,15.034041,2026-09-20,8,Sunday,True,True,False,9,FALL,CLEAR,LIGHT
STATEN ISLAND,2026-09-20 09:00:00+00:00,18.465,0.0,23000.0,0.0,0.0,0.0,12.72283,2026-09-20,9,Sunday,True,True,False,9,FALL,CLEAR,LIGHT
STATEN ISLAND,2026-09-20 10:00:00+00:00,18.765001,0.0,22900.0,0.0,0.0,0.0,13.479583,2026-09-20,10,Sunday,True,False,False,9,FALL,CLEAR,LIGHT
STATEN ISLAND,2026-09-20 11:00:00+00:00,18.715,0.0,21000.0,0.0,0.0,0.0,15.9134655,2026-09-20,11,Sunday,True,False,False,9,FALL,CLEAR,LIGHT
STATEN ISLAND,2026-09-20 12:00:00+00:00,18.065,0.4,15200.0,0.4,0.0,0.0,11.090103,2026-09-20,12,Sunday,True,False,False,9,FALL,RAIN,LIGHT
STATEN ISLAND,2026-09-20 13:00:00+00:00,17.815,0.0,12800.0,0.0,0.0,0.0,13.779114,2026-09-20,13,Sunday,True,False,False,9,FALL,CLEAR,LIGHT
STATEN ISLAND,2026-09-20 14:00:00+00:00,18.265001,0.7,12800.0,0.7,0.0,0.0,13.746156,2026-09-20,14,Sunday,True,False,False,9,FALL,RAIN,LIGHT
STATEN ISLAND,2026-09-20 15:00:00+00:00,19.465,0.0,14200.0,0.0,0.0,0.0,14.021525,2026-09-20,15,Sunday,True,False,False,9,FALL,CLEAR,LIGHT
STATEN ISLAND,2026-09-20 16:00:00+00:00,19.615,0.0,15100.0,0.0,0.0,0.0,15.03835,2026-09-20,16,Sunday,True,True,False,9,FALL,CLEAR,LIGHT
STATEN ISLAND,2026-09-20 17:00:00+00:00,19.365,0.0,15700.0,0.0,0.0,0.0,11.753876,2026-09-20,17,Sunday,True,True,False,9,FALL,CLEAR,LIGHT
STATEN ISLAND,2026-09-20 18:00:00+00:00,19.615,0.0,13500.0,0.0,0.0,0.0,11.753877,2026-09-20,18,Sunday,True,True,False,9,FALL,CLEAR,LIGHT
STATEN ISLAND,2026-09-20 19:00:00+00:00,20.065,0.7,12600.0,0.7,0.0,0.0,7.145796,2026-09-20,19,Sunday,True,False,False,9,FALL,RAIN,LIGHT
STATEN ISLAND,2026-09-20 20:00:00+00:00,20.165,0.0,14100.0,0.0,0.0,0.0,13.0447235,2026-09-20,20,Sunday,True,False,True,9,FALL,CLEAR,LIGHT
STATEN ISLAND,2026-09-20 21:00:00+00:00,20.115,2.9,12600.0,2.9,0.0,0.0,6.130579,2026-09-20,21,Sunday,True,False,True,9,FALL,RAIN,LIGHT
STATEN ISLAND,2026-09-20 22:00:00+00:00,20.515001,0.0,13900.0,0.0,0.0,0.0,1.4399999,2026-09-20,22,Sunday,True,False,True,9,FALL,CLEAR,LIGHT
STATEN ISLAND,2026-09-20 23:00:00+00:00,20.515001,0.0,14200.0,0.0,0.0,0.0,8.350138,2026-09-20,23,Sunday,True,False,True,9,FALL,CLEAR,LIGHT
STATEN ISLAND,2026-09-21 00:00:00+00:00,20.265001,0.0,14100.0,0.0,0.0,0.0,4.6938257,2026-09-21,0,Monday,False,False,True,9,FALL,CLEAR,LIGHT
STATEN ISLAND,2026-09-21 01:00:00+00:00,20.215,0.0,13100.0,0.0,0.0,0.0,3.396233,2026-09-21,1,Monday,False,False,True,9,FALL,CLEAR,LIGHT
STATEN ISLAND,2026-09-21 02:00:00+00:00,20.065,0.7,4400.0,0.7,0.0,0.0,5.2416787,2026-09-21,2,Monday,False,False,True,9,FALL,RAIN,LIGHT
STATEN ISLAND,2026-09-21 03:00:00+00:00,19.765001,0.0,11400.0,0.0,0.0,0.0,10.495713,2026-09-21,3,Monday,False,False,True,9,FALL,CLEAR,LIGHT
STATEN ISLAND,2026-09-21 04:00:00+00:00,19.765001,1.1,12500.0,1.1,0.0,0.0,7.5942082,2026-09-21,4,Monday,False,False,True,9,FALL,RAIN,LIGHT
STATEN ISLAND,2026-09-21 05:00:00+00:00,19.315,0.4,13800.0,0.4,0.0,0.0,10.587917,2026-09-21,5,Monday,False,False,True,9,FALL,RAIN,LIGHT
STATEN ISLAND,2026-09-21 06:00:00+00:00,18.615,0.0,14100.0,0.0,0.0,0.0,18.391735,2026-09-21,6,Monday,False,False,False,9,FALL,CLEAR,LIGHT
STATEN ISLAND,2026-09-21 07:00:00+00:00,17.565,0.0,14500.0,0.0,0.0,0.0,14.869351,2026-09-21,7,Monday,False,True,False,9,FALL,CLEAR,LIGHT
STATEN ISLAND,2026-09-21 08:00:00+00:00,16.965,0.0,14600.0,0.0,0.0,0.0,17.414476,2026-09-21,8,Monday,False,True,False,9,FALL,CLEAR,LIGHT
STATEN ISLAND,2026-09-21 09:00:00+00:00,16.415,0.0,14700.0,0.0,0.0,0.0,15.815435,2026-09-21,9,Monday,False,True,False,9,FALL,CLEAR,LIGHT
STATEN ISLAND,2026-09-21 10:00:00+00:00,16.215,0.0,15600.0,0.0,0.0,0.0,13.684735,2026-09-21,10,Monday,False,False,False,9,FALL,CLEAR,LIGHT
STATEN ISLAND,2026-09-21 11:00:00+00:00,16.165,0.0,15500.0,0.0,0.0,0.0,13.202726,2026-09-21,11,Monday,False,False,False,9,FALL,CLEAR,LIGHT
STATEN ISLAND,2026-09-21 12:00:00+00:00,16.015,0.0,15200.0,0.0,0.0,0.0,14.113653,2026-09-21,12,Monday,False,False,False,9,FALL,CLEAR,LIGHT
STATEN ISLAND,2026-09-21 13:00:00+00:00,16.465,0.0,16300.0,0.0,0.0,0.0,13.363711,2026-09-21,13,Monday,False,False,False,9,FALL,CLEAR,LIGHT
STATEN ISLAND,2026-09-21 14:00:00+00:00,17.465,0.0,18200.0,0.0,0.0,0.0,14.417988,2026-09-21,14,Monday,False,False,False,9,FALL,CLEAR,LIGHT
STATEN ISLAND,2026-09-21 15:00:00+00:00,18.215,0.0,20800.0,0.0,0.0,0.0,15.463244,2026-09-21,15,Monday,False,False,False,9,FALL,CLEAR,LIGHT
STATEN ISLAND,2026-09-21 16:00:00+00:00,19.065,0.0,28300.0,0.0,0.0,0.0,13.854155,2026-09-21,16,Monday,False,True,False,9,FALL,CLEAR,LIGHT
STATEN ISLAND,2026-09-21 17:00:00+00:00,20.515001,0.0,25000.0,0.0,0.0,0.0,15.021105,2026-09-21,17,Monday,False,True,False,9,FALL,CLEAR,LIGHT
STATEN ISLAND,2026-09-21 18:00:00+00:00,21.265001,0.0,33400.0,0.0,0.0,0.0,11.384198,2026-09-21,18,Monday,False,True,False,9,FALL,CLEAR,LIGHT
STATEN ISLAND,2026-09-21 19:00:00+00:00,21.965,0.0,39100.0,0.0,0.0,0.0,9.957108,2026-09-21,19,Monday,False,False,False,9,FALL,CLEAR,LIGHT
STATEN ISLAND,2026-09-21 20:00:00+00:00,21.815,0.0,37400.0,0.0,0.0,0.0,11.019764,2026-09-21,20,Monday,False,False,True,9,FALL,CLEAR,LIGHT
STATEN ISLAND,2026-09-21 21:00:00+00:00,20.965,0.0,32000.0,0.0,0.0,0.0,9.793059,2026-09-21,21,Monday,False,False,True,9,FALL,CLEAR,LIGHT
STATEN ISLAND,2026-09-21 22:00:00+00:00,19.665,0.0,31100.0,0.0,0.0,0.0,8.209263,2026-09-21,22,Monday,False,False,True,9,FALL,CLEAR,LIGHT
STATEN ISLAND,2026-09-21 23:00:00+00:00,18.215,0.0,28900.0,0.0,0.0,0.0,9.659814,2026-09-21,23,Monday,False,False,True,9,FALL,CLEAR,LIGHT
STATEN ISLAND,2026-09-22 00:00:00+00:00,18.065,0.0,30700.0,0.0,0.0,0.0,11.966954,2026-09-22,0,Tuesday,False,False,True,9,FALL,CLEAR,LIGHT
STATEN ISLAND,2026-09-22 01:00:00+00:00,17.715,0.0,26100.0,0.0,0.0,0.0,10.703569,2026-09-22,1,Tuesday,False,False,True,9,FALL,CLEAR,LIGHT
STATEN ISLAND,2026-09-22 02:00:00+00:00,17.515001,0.0,28900.0,0.0,0.0,0.0,12.096214,2026-09-22,2,Tuesday,False,False,True,9,FALL,CLEAR,LIGHT
STATEN ISLAND,2026-09-22 03:00:00+00:00,17.015001,0.0,20300.0,0.0,0.0,0.0,7.9932966,2026-09-22,3,Tuesday,False,False,True,9,FALL,CLEAR,LIGHT
STATEN ISLAND,2026-09-22 04:00:00+00:00,16.915,0.0,21600.0,0.0,0.0,0.0,11.183201,2026-09-22,4,Tuesday,False,False,True,9,FALL,CLEAR,LIGHT
STATEN ISLAND,2026-09-22 05:00:00+00:00,16.265001,0.0,26800.0,0.0,0.0,0.0,14.336861,2026-09-22,5,Tuesday,False,False,True,9,FALL,CLEAR,LIGHT
STATEN ISLAND,2026-09-22 06:00:00+00:00,16.015,0.0,24200.0,0.0,0.0,0.0,14.76439,2026-09-22,6,Tuesday,False,False,False,9,FALL,CLEAR,LIGHT
STATEN ISLAND,2026-09-22 07:00:00+00:00,15.115,0.0,17400.0,0.0,0.0,0.0,10.594036,2026-09-22,7,Tuesday,False,True,False,9,FALL,CLEAR,LIGHT
STATEN ISLAND,2026-09-22 08:00:00+00:00,14.815,0.0,17700.0,0.0,0.0,0.0,11.304229,2026-09-22,8,Tuesday,False,True,False,9,FALL,CLEAR,LIGHT
STATEN ISLAND,2026-09-22 09:00:00+00:00,14.315,0.0,17800.0,0.0,0.0,0.0,12.57426,2026-09-22,9,Tuesday,False,True,False,9,FALL,CLEAR,LIGHT
STATEN ISLAND,2026-09-22 10:00:00+00:00,14.365,0.0,17500.0,0.0,0.0,0.0,11.503113,2026-09-22,10,Tuesday,False,False,False,9,FALL,CLEAR,LIGHT
STATEN ISLAND,2026-09-22 11:00:00+00:00,14.565,0.0,17200.0,0.0,0.0,0.0,8.699793,2026-09-22,11,Tuesday,False,False,False,9,FALL,CLEAR,LIGHT
STATEN ISLAND,2026-09-22 12:00:00+00:00,14.665,0.0,19000.0,0.0,0.0,0.0,13.32,2026-09-22,12,Tuesday,False,False,False,9,FALL,CLEAR,LIGHT
STATEN ISLAND,2026-09-22 13:00:00+00:00,14.964999,0.0,17000.0,0.0,0.0,0.0,14.8257065,2026-09-22,13,Tuesday,False,False,False,9,FALL,CLEAR,LIGHT
STATEN ISLAND,2026-09-22 14:00:00+00:00,15.514999,0.0,19300.0,0.0,0.0,0.0,15.349684,2026-09-22,14,Tuesday,False,False,False,9,FALL,CLEAR,LIGHT
STATEN ISLAND,2026-09-22 15:00:00+00:00,16.565,0.0,21700.0,0.0,0.0,0.0,18.079027,2026-09-22,15,Tuesday,False,False,False,9,FALL,CLEAR,LIGHT
STATEN ISLAND,2026-09-22 16:00:00+00:00,16.565,0.0,21700.0,0.0,0.0,0.0,13.493999,2026-09-22,16,Tuesday,False,True,False,9,FALL,CLEAR,LIGHT
STATEN ISLAND,2026-09-22 17:00:00+00:00,16.215,0.0,22100.0,0.0,0.0,0.0,16.08761,2026-09-22,17,Tuesday,False,True,False,9,FALL,CLEAR,LIGHT
STATEN ISLAND,2026-09-22 18:00:00+00:00,18.015001,0.0,25100.0,0.0,0.0,0.0,17.072504,2026-09-22,18,Tuesday,False,True,False,9,FALL,CLEAR,LIGHT
STATEN ISLAND,2026-09-22 19:00:00+00:00,19.565,0.0,29800.0,0.0,0.0,0.0,15.273505,2026-09-22,19,Tuesday,False,False,False,9,FALL,CLEAR,LIGHT
STATEN ISLAND,2026-09-22 20:00:00+00:00,19.365,0.0,30300.0,0.0,0.0,0.0,15.273505,2026-09-22,20,Tuesday,False,False,True,9,FALL,CLEAR,LIGHT
STATEN ISLAND,2026-09-22 21:00:00+00:00,18.915,0.0,31300.0,0.0,0.0,0.0,14.039999,2026-09-22,21,Tuesday,False,False,True,9,FALL,CLEAR,LIGHT
STATEN ISLAND,2026-09-22 22:00:00+00:00,17.665,0.0,27600.0,0.0,0.0,0.0,12.397806,2026-09-22,22,Tuesday,False,False,True,9,FALL,CLEAR,LIGHT
STATEN ISLAND,2026-09-22 23:00:00+00:00,16.865,0.0,27000.0,0.0,0.0,0.0,12.287555,2026-09-22,23,Tuesday,False,False,True,9,FALL,CLEAR,LIGHT
STATEN ISLAND,2026-09-23 00:00:00+00:00,16.265001,0.0,31800.0,0.0,0.0,0.0,18.0,2026-09-23,0,Wednesday,False,False,True,9,FALL,CLEAR,LIGHT
STATEN ISLAND,2026-09-23 01:00:00+00:00,15.964999,0.0,34000.0,0.0,0.0,0.0,14.512064,2026-09-23,1,Wednesday,False,False,True,9,FALL,CLEAR,LIGHT
STATEN ISLAND,2026-09-23 02:00:00+00:00,15.365,0.0,29900.0,0.0,0.0,0.0,15.856354,2026-09-23,2,Wednesday,False,False,True,9,FALL,CLEAR,LIGHT
STATEN ISLAND,2026-09-23 03:00:00+00:00,14.514999,0.0,22300.0,0.0,0.0,0.0,14.336861,2026-09-23,3,Wednesday,False,False,True,9,FALL,CLEAR,LIGHT
STATEN ISLAND,2026-09-23 04:00:00+00:00,14.165,0.0,30500.0,0.0,0.0,0.0,18.374111,2026-09-23,4,Wednesday,False,False,True,9,FALL,CLEAR,LIGHT
STATEN ISLAND,2026-09-23 05:00:00+00:00,13.115,0.0,28700.0,0.0,0.0,0.0,12.387348,2026-09-23,5,Wednesday,False,False,True,9,FALL,CLEAR,LIGHT
STATEN ISLAND,2026-09-23 06:00:00+00:00,12.615,0.0,24400.0,0.0,0.0,0.0,13.779114,2026-09-23,6,Wednesday,False,False,False,9,FALL,CLEAR,LIGHT
STATEN ISLAND,2026-09-23 07:00:00+00:00,12.865,0.0,23200.0,0.0,0.0,0.0,16.434305,2026-09-23,7,Wednesday,False,True,False,9,FALL,CLEAR,LIGHT
STATEN ISLAND,2026-09-23 08:00:00+00:00,13.264999,0.0,21700.0,0.0,0.0,0.0,13.53236,2026-09-23,8,Wednesday,False,True,False,9,FALL,CLEAR,LIGHT
STATEN ISLAND,2026-09-23 09:00:00+00:00,12.565,0.0,21400.0,0.0,0.0,0.0,16.75064,2026-09-23,9,Wednesday,False,True,False,9,FALL,CLEAR,LIGHT
STATEN ISLAND,2026-09-23 10:00:00+00:00,12.815,0.0,20900.0,0.0,0.0,0.0,16.595179,2026-09-23,10,Wednesday,False,False,False,9,FALL,CLEAR,LIGHT
STATEN ISLAND,2026-09-23 11:00:00+00:00,12.464999,0.0,20700.0,0.0,0.0,0.0,14.88242,2026-09-23,11,Wednesday,False,False,False,9,FALL,CLEAR,LIGHT
STATEN ISLAND,2026-09-23 12:00:00+00:00,13.665,0.0,20100.0,0.0,0.0,0.0,19.33639,2026-09-23,12,Wednesday,False,False,False,9,FALL,CLEAR,LIGHT
STATEN ISLAND,2026-09-23 13:00:00+00:00,15.065,0.0,20800.0,0.0,0.0,0.0,20.696087,2026-09-23,13,Wednesday,False,False,False,9,FALL,CLEAR,LIGHT
STATEN ISLAND,2026-09-23 14:00:00+00:00,16.415,0.0,25300.0,0.0,0.0,0.0,20.620804,2026-09-23,14,Wednesday,False,False,False,9,FALL,CLEAR,LIGHT
STATEN ISLAND,2026-09-23 15:00:00+00:00,17.315,0.0,26700.0,0.0,0.0,0.0,21.897945,2026-09-23,15,Wednesday,False,False,False,9,FALL,CLEAR,LIGHT
STATEN ISLAND,2026-09-23 16:00:00+00:00,18.365,0.0,26300.0,0.0,0.0,0.0,21.817902,2026-09-23,16,Wednesday,False,True,False,9,FALL,CLEAR,LIGHT
STATEN ISLAND,2026-09-23 17:00:00+00:00,19.265001,0.0,32300.0,0.0,0.0,0.0,23.78453,2026-09-23,17,Wednesday,False,True,False,9,FALL,CLEAR,LIGHT
STATEN ISLAND,2026-09-23 18:00:00+00:00,19.765001,0.0,33700.0,0.0,0.0,0.0,24.312662,2026-09-23,18,Wednesday,False,True,False,9,FALL,CLEAR,LIGHT
STATEN ISLAND,2026-09-23 19:00:00+00:00,20.215,0.0,38000.0,0.0,0.0,0.0,20.65848,2026-09-23,19,Wednesday,False,False,False,9,FALL,CLEAR,LIGHT
STATEN ISLAND,2026-09-23 20:00:00+00:00,20.115,0.0,40800.0,0.0,0.0,0.0,19.174856,2026-09-23,20,Wednesday,False,False,True,9,FALL,CLEAR,LIGHT
STATEN ISLAND,2026-09-23 21:00:00+00:00,19.965,0.0,44500.0,0.0,0.0,0.0,17.84816,2026-09-23,21,Wednesday,False,False,True,9,FALL,CLEAR,LIGHT
STATEN ISLAND,2026-09-23 22:00:00+00:00,18.415,0.0,45100.0,0.0,0.0,0.0,16.563911,2026-09-23,22,Wednesday,False,False,True,9,FALL,CLEAR,LIGHT
STATEN ISLAND,2026-09-23 23:00:00+00:00,17.265001,0.0,46200.0,0.0,0.0,0.0,17.148247,2026-09-23,23,Wednesday,False,False,True,9,FALL,CLEAR,LIGHT
STATEN ISLAND,2026-09-24 00:00:00+00:00,16.215,0.0,38600.0,0.0,0.0,0.0,18.59845,2026-09-24,0,Thursday,False,False,True,9,FALL,CLEAR,LIGHT
STATEN ISLAND,2026-09-24 01:00:00+00:00,14.915,0.0,31500.0,0.0,0.0,0.0,17.727943,2026-09-24,1,Thursday,False,False,True,9,FALL,CLEAR,LIGHT
STATEN ISLAND,2026-09-24 02:00:00+00:00,14.365,0.0,34300.0,0.0,0.0,0.0,17.610588,2026-09-24,2,Thursday,False,False,True,9,FALL,CLEAR,LIGHT
STATEN ISLAND,2026-09-24 03:00:00+00:00,13.764999,0.0,36900.0,0.0,0.0,0.0,20.26899,2026-09-24,3,Thursday,False,False,True,9,FALL,CLEAR,LIGHT
STATEN ISLAND,2026-09-24 04:00:00+00:00,12.665,0.0,34500.0,0.0,0.0,0.0,19.406637,2026-09-24,4,Thursday,False,False,True,9,FALL,CLEAR,LIGHT
STATEN ISLAND,2026-09-24 05:00:00+00:00,12.365,0.0,29000.0,0.0,0.0,0.0,14.689588,2026-09-24,5,Thursday,False,False,True,9,FALL,CLEAR,LIGHT
STATEN ISLAND,2026-09-24 06:00:00+00:00,12.065,0.0,24000.0,0.0,0.0,0.0,13.18308,2026-09-24,6,Thursday,False,False,False,9,FALL,CLEAR,LIGHT
STATEN ISLAND,2026-09-24 07:00:00+00:00,11.714999,0.0,18800.0,0.0,0.0,0.0,13.207634,2026-09-24,7,Thursday,False,True,False,9,FALL,CLEAR,LIGHT
STATEN ISLAND,2026-09-24 08:00:00+00:00,11.565,0.0,19500.0,0.0,0.0,0.0,14.84318,2026-09-24,8,Thursday,False,True,False,9,FALL,CLEAR,LIGHT
STATEN ISLAND,2026-09-24 09:00:00+00:00,11.915,0.0,18100.0,0.0,0.0,0.0,11.631956,2026-09-24,9,Thursday,False,True,False,9,FALL,CLEAR,LIGHT
STATEN ISLAND,2026-09-24 10:00:00+00:00,11.565,0.0,18500.0,0.0,0.0,0.0,15.646544,2026-09-24,10,Thursday,False,False,False,9,FALL,CLEAR,LIGHT
STATEN ISLAND,2026-09-24 11:00:00+00:00,11.915,0.0,17900.0,0.0,0.0,0.0,14.654254,2026-09-24,11,Thursday,False,False,False,9,FALL,CLEAR,LIGHT
STATEN ISLAND,2026-09-24 12:00:00+00:00,12.165,0.0,18700.0,0.0,0.0,0.0,16.179985,2026-09-24,12,Thursday,False,False,False,9,FALL,CLEAR,LIGHT
STATEN ISLAND,2026-09-24 13:00:00+00:00,12.815,0.0,18200.0,0.0,0.0,0.0,18.057508,2026-09-24,13,Thursday,False,False,False,9,FALL,CLEAR,LIGHT
STATEN ISLAND,2026-09-24 14:00:00+00:00,13.514999,0.0,20100.0,0.0,0.0,0.0,22.728518,2026-09-24,14,Thursday,False,False,False,9,FALL,CLEAR,LIGHT
STATEN ISLAND,2026-09-24 15:00:00+00:00,15.315,0.0,22900.0,0.0,0.0,0.0,21.470612,2026-09-24,15,Thursday,False,False,False,9,FALL,CLEAR,LIGHT
STATEN ISLAND,2026-09-24 16:00:00+00:00,16.115,0.0,24300.0,0.0,0.0,0.0,17.884428,2026-09-24,16,Thursday,False,True,False,9,FALL,CLEAR,LIGHT
STATEN ISLAND,2026-09-24 17:00:00+00:00,17.465,0.0,29800.0,0.0,0.0,0.0,19.694992,2026-09-24,17,Thursday,False,True,False,9,FALL,CLEAR,LIGHT
STATEN ISLAND,2026-09-24 18:00:00+00:00,17.915,0.0,33500.0,0.0,0.0,0.0,18.947083,2026-09-24,18,Thursday,False,True,False,9,FALL,CLEAR,LIGHT
STATEN ISLAND,2026-09-24 19:00:00+00:00,18.315,0.0,34700.0,0.0,0.0,0.0,18.723461,2026-09-24,19,Thursday,False,False,False,9,FALL,CLEAR,LIGHT
STATEN ISLAND,2026-09-24 20:00:00+00:00,18.465,0.0,36200.0,0.0,0.0,0.0,17.673029,2026-09-24,20,Thursday,False,False,True,9,FALL,CLEAR,LIGHT
STATEN ISLAND,2026-09-24 21:00:00+00:00,18.415,0.0,38200.0,0.0,0.0,0.0,14.168641,2026-09-24,21,Thursday,False,False,True,9,FALL,CLEAR,LIGHT
STATEN ISLAND,2026-09-24 22:00:00+00:00,16.815,0.0,38200.0,0.0,0.0,0.0,9.983106,2026-09-24,22,Thursday,False,False,True,9,FALL,CLEAR,LIGHT
STATEN ISLAND,2026-09-24 23:00:00+00:00,15.815,0.0,40600.0,0.0,0.0,0.0,14.458382,2026-09-24,23,Thursday,False,False,True,9,FALL,CLEAR,LIGHT
STATEN ISLAND,2026-09-25 00:00:00+00:00,15.464999,0.0,44500.0,0.0,0.0,0.0,16.167967,2026-09-25,0,Friday,False,False,True,9,FALL,CLEAR,LIGHT
STATEN ISLAND,2026-09-25 01:00:00+00:00,15.165,0.0,39100.0,0.0,0.0,0.0,17.10284,2026-09-25,1,Friday,False,False,True,9,FALL,CLEAR,LIGHT
STATEN ISLAND,2026-09-25 02:00:00+00:00,14.565,0.0,43800.0,0.0,0.0,0.0,16.79314,2026-09-25,2,Friday,False,False,True,9,FALL,CLEAR,LIGHT
STATEN ISLAND,2026-09-25 03:00:00+00:00,14.214999,0.0,47700.0,0.0,0.0,0.0,17.595861,2026-09-25,3,Friday,False,False,True,9,FALL,CLEAR,LIGHT
STATEN ISLAND,2026-09-25 04:00:00+00:00,13.214999,0.0,44200.0,0.0,0.0,0.0,19.022177,2026-09-25,4,Friday,False,False,True,9,FALL,CLEAR,LIGHT
STATEN ISLAND,2026-09-25 05:00:00+00:00,12.815,0.0,45800.0,0.0,0.0,0.0,18.861387,2026-09-25,5,Friday,False,False,True,9,FALL,CLEAR,LIGHT
STATEN ISLAND,2026-09-25 06:00:00+00:00,12.665,0.0,42500.0,0.0,0.0,0.0,20.633371,2026-09-25,6,Friday,False,False,False,9,FALL,CLEAR,LIGHT
STATEN ISLAND,2026-09-25 07:00:00+00:00,12.514999,0.0,38200.0,0.0,0.0,0.0,19.48661,2026-09-25,7,Friday,False,True,False,9,FALL,CLEAR,LIGHT
STATEN ISLAND,2026-09-25 08:00:00+00:00,12.615,0.0,38400.0,0.0,0.0,0.0,20.06334,2026-09-25,8,Friday,False,True,False,9,FALL,CLEAR,LIGHT
STATEN ISLAND,2026-09-25 09:00:00+00:00,12.714999,0.0,33600.0,0.0,0.0,0.0,16.862455,2026-09-25,9,Friday,False,True,False,9,FALL,CLEAR,LIGHT
STATEN ISLAND,2026-09-25 10:00:00+00:00,13.014999,0.0,34200.0,0.0,0.0,0.0,18.129137,2026-09-25,10,Friday,False,False,False,9,FALL,CLEAR,LIGHT
STATEN ISLAND,2026-09-25 11:00:00+00:00,12.764999,0.0,32500.0,0.0,0.0,0.0,17.727943,2026-09-25,11,Friday,False,False,False,9,FALL,CLEAR,LIGHT
STATEN ISLAND,2026-09-25 12:00:00+00:00,13.665,0.0,31700.0,0.0,0.0,0.0,22.314194,2026-09-25,12,Friday,False,False,False,9,FALL,CLEAR,LIGHT
STATEN ISLAND,2026-09-25 13:00:00+00:00,14.915,0.0,33400.0,0.0,0.0,0.0,24.627787,2026-09-25,13,Friday,False,False,False,9,FALL,CLEAR,LIGHT
STATEN ISLAND,2026-09-25 14:00:00+00:00,16.215,0.0,38500.0,0.0,0.0,0.0,23.749088,2026-09-25,14,Friday,False,False,False,9,FALL,CLEAR,LIGHT
STATEN ISLAND,2026-09-25 15:00:00+00:00,17.665,0.0,38600.0,0.0,0.0,0.0,25.045238,2026-09-25,15,Friday,False,False,False,9,FALL,CLEAR,LIGHT
STATEN ISLAND,2026-09-25 16:00:00+00:00,19.465,0.0,48300.0,0.0,0.0,0.0,24.826952,2026-09-25,16,Friday,False,True,False,9,FALL,CLEAR,LIGHT
STATEN ISLAND,2026-09-25 17:00:00+00:00,20.265001,0.0,46600.0,0.0,0.0,0.0,23.936617,2026-09-25,17,Friday,False,True,False,9,FALL,CLEAR,LIGHT
STATEN ISLAND,2026-09-25 18:00:00+00:00,21.115,0.0,49900.0,0.0,0.0,0.0,23.623243,2026-09-25,18,Friday,False,True,False,9,FALL,CLEAR,LIGHT
STATEN ISLAND,2026-09-25 19:00:00+00:00,20.615,0.0,45600.0,0.0,0.0,0.0,24.503809,2026-09-25,19,Friday,False,False,False,9,FALL,CLEAR,LIGHT
STATEN ISLAND,2026-09-25 20:00:00+00:00,21.215,0.0,46600.0,0.0,0.0,0.0,21.791153,2026-09-25,20,Friday,False,False,True,9,FALL,CLEAR,LIGHT
STATEN ISLAND,2026-09-25 21:00:00+00:00,20.565,0.0,51400.0,0.0,0.0,0.0,23.444265,2026-09-25,21,Friday,False,False,True,9,FALL,CLEAR,LIGHT
STATEN ISLAND,2026-09-25 22:00:00+00:00,19.515001,0.0,49900.0,0.0,0.0,0.0,26.758923,2026-09-25,22,Friday,False,False,True,9,FALL,CLEAR,LIGHT
STATEN ISLAND,2026-09-25 23:00:00+00:00,19.165,0.0,52300.0,0.0,0.0,0.0,21.046917,2026-09-25,23,Friday,False,False,True,9,FALL,CLEAR,LIGHT
STATEN ISLAND,2026-09-26 00:00:00+00:00,19.315,0.0,55200.0,0.0,0.0,0.0,26.6327,2026-09-26,0,Saturday,True,False,True,9,FALL,CLEAR,LIGHT
STATEN ISLAND,2026-09-26 01:00:00+00:00,18.465,0.0,53000.0,0.0,0.0,0.0,29.035288,2026-09-26,1,Saturday,True,False,True,9,FALL,CLEAR,LIGHT
STATEN ISLAND,2026-09-26 02:00:00+00:00,18.665,0.0,61400.0,0.0,0.0,0.0,32.042023,2026-09-26,2,Saturday,True,False,True,9,FALL,CLEAR,LIGHT
STATEN ISLAND,2026-09-26 03:00:00+00:00,14.615,1.4,4300.0,1.4,0.0,0.0,27.047956,2026-09-26,3,Saturday,True,False,True,9,FALL,RAIN,LIGHT
STATEN ISLAND,2026-09-26 04:00:00+00:00,14.065,0.0,28300.0,0.0,0.0,0.0,23.110207,2026-09-26,4,Saturday,True,False,True,9,FALL,CLEAR,LIGHT
STATEN ISLAND,2026-09-26 05:00:00+00:00,14.315,0.4,28900.0,0.4,0.0,0.0,26.28986,2026-09-26,5,Saturday,True,False,True,9,FALL,RAIN,LIGHT
STATEN ISLAND,2026-09-26 06:00:00+00:00,14.714999,0.0,30100.0,0.0,0.0,0.0,25.919998,2026-09-26,6,Saturday,True,False,False,9,FALL,CLEAR,LIGHT
STATEN ISLAND,2026-09-26 07:00:00+00:00,14.214999,0.7,25200.0,0.7,0.0,0.0,22.91026,2026-09-26,7,Saturday,True,True,False,9,FALL,RAIN,LIGHT
STATEN ISLAND,2026-09-26 08:00:00+00:00,13.615,2.9,20500.0,2.9,0.0,0.0,28.802248,2026-09-26,8,Saturday,True,True,False,9,FALL,RAIN,LIGHT
STATEN ISLAND,2026-09-26 09:00:00+00:00,13.464999,4.0,18400.0,4.0,0.0,0.0,27.952787,2026-09-26,9,Saturday,True,True,False,9,FALL,RAIN,LIGHT
STATEN ISLAND,2026-09-26 10:00:00+00:00,13.565,0.0,17700.0,0.0,0.0,0.0,27.729347,2026-09-26,10,Saturday,True,False,False,9,FALL,CLEAR,LIGHT
STATEN ISLAND,2026-09-26 11:00:00+00:00,13.065,2.5,16100.0,2.5,0.0,0.0,29.539747,2026-09-26,11,Saturday,True,False,False,9,FALL,RAIN,LIGHT
STATEN ISLAND,2026-09-26 12:00:00+00:00,12.964999,0.0,8300.0,0.0,0.0,0.0,31.421213,2026-09-26,12,Saturday,True,False,False,9,FALL,CLEAR,LIGHT
STATEN ISLAND,2026-09-26 13:00:00+00:00,13.415,0.0,14700.0,0.0,0.0,0.0,29.69727,2026-09-26,13,Saturday,True,False,False,9,FALL,CLEAR,LIGHT
STATEN ISLAND,2026-09-26 14:00:00+00:00,13.514999,0.0,15900.0,0.0,0.0,0.0,22.691425,2026-09-26,14,Saturday,True,False,False,9,FALL,CLEAR,LIGHT
STATEN ISLAND,2026-09-26 15:00:00+00:00,13.115,11.9,7000.0,11.9,0.0,0.0,26.28986,2026-09-26,15,Saturday,True,False,False,9,FALL,RAIN,SEVERE
STATEN ISLAND,2026-09-26 16:00:00+00:00,14.565,0.0,16100.0,0.0,0.0,0.0,25.929996,2026-09-26,16,Saturday,True,True,False,9,FALL,CLEAR,LIGHT
STATEN ISLAND,2026-09-26 17:00:00+00:00,15.514999,0.0,16600.0,0.0,0.0,0.0,27.362366,2026-09-26,17,Saturday,True,True,False,9,FALL,CLEAR,LIGHT
STATEN ISLAND,2026-09-26 18:00:00+00:00,15.665,0.0,19600.0,0.0,0.0,0.0,29.528778,2026-09-26,18,Saturday,True,True,False,9,FALL,CLEAR,LIGHT
STATEN ISLAND,2026-09-26 19:00:00+00:00,15.264999,0.0,16800.0,0.0,0.0,0.0,25.982424,2026-09-26,19,Saturday,True,False,False,9,FALL,CLEAR,LIGHT
STATEN ISLAND,2026-09-26 20:00:00+00:00,15.964999,0.7,8600.0,0.7,0.0,0.0,27.009598,2026-09-26,20,Saturday,True,False,True,9,FALL,RAIN,LIGHT
STATEN ISLAND,2026-09-26 21:00:00+00:00,14.964999,0.4,17900.0,0.4,0.0,0.0,25.562534,2026-09-26,21,Saturday,True,False,True,9,FALL,RAIN,LIGHT
STATEN ISLAND,2026-09-26 22:00:00+00:00,14.565,0.0,18900.0,0.0,0.0,0.0,28.137634,2026-09-26,22,Saturday,True,False,True,9,FALL,CLEAR,LIGHT
STATEN ISLAND,2026-09-26 23:00:00+00:00,14.264999,0.0,17400.0,0.0,0.0,0.0,26.168804,2026-09-26,23,Saturday,True,False,True,9,FALL,CLEAR,LIGHT
STATEN ISLAND,2026-09-27 00:00:00+00:00,13.964999,2.9,9100.0,2.9,0.0,0.0,24.336637,2026-09-27,0,Sunday,True,False,True,9,FALL,RAIN,LIGHT
STATEN ISLAND,2026-09-27 01:00:00+00:00,13.865,4.3,4500.0,4.3,0.0,0.0,23.795427,2026-09-27,1,Sunday,True,False,True,9,FALL,RAIN,LIGHT
STATEN ISLAND,2026-09-27 02:00:00+00:00,13.615,0.7,14400.0,0.7,0.0,0.0,24.74329,2026-09-27,2,Sunday,True,False,True,9,FALL,RAIN,LIGHT
STATEN ISLAND,2026-09-27 03:00:00+00:00,13.764999,2.2,7200.0,2.2,0.0,0.0,26.6327,2026-09-27,3,Sunday,True,False,True,9,FALL,RAIN,LIGHT
STATEN ISLAND,2026-09-27 04:00:00+00:00,13.915,2.5,14400.0,2.5,0.0,0.0,28.1169,2026-09-27,4,Sunday,True,False,True,9,FALL,RAIN,LIGHT
STATEN ISLAND,2026-09-27 05:00:00+00:00,14.065,1.8,15100.0,1.8,0.0,0.0,29.620802,2026-09-27,5,Sunday,True,False,True,9,FALL,RAIN,LIGHT
STATEN ISLAND,2026-09-27 06:00:00+00:00,14.065,2.9,4500.0,2.9,0.0,0.0,27.820337,2026-09-27,6,Sunday,True,False,False,9,FALL,RAIN,LIGHT
STATEN ISLAND,2026-09-27 07:00:00+00:00,14.165,0.7,13400.0,0.7,0.0,0.0,30.430117,2026-09-27,7,Sunday,True,True,False,9,FALL,RAIN,LIGHT
STATEN ISLAND,2026-09-27 08:00:00+00:00,14.264999,1.1,14400.0,1.1,0.0,0.0,27.852928,2026-09-27,8,Sunday,True,True,False,9,FALL,RAIN,LIGHT
STATEN ISLAND,2026-09-27 09:00:00+00:00,14.415,0.0,16800.0,0.0,0.0,0.0,28.387545,2026-09-27,9,Sunday,True,True,False,9,FALL,CLEAR,LIGHT
STATEN ISLAND,2026-09-27 10:00:00+00:00,14.365,7.2,12600.0,7.2,0.0,0.0,29.381382,2026-09-27,10,Sunday,True,False,False,9,FALL,RAIN,MODERATE
STATEN ISLAND,2026-09-27 11:00:00+00:00,14.615,0.0,13800.0,0.0,0.0,0.0,28.442278,2026-09-27,11,Sunday,True,False,False,9,FALL,CLEAR,LIGHT
STATEN ISLAND,2026-09-27 12:00:00+00:00,14.964999,0.0,7800.0,0.0,0.0,0.0,26.111792,2026-09-27,12,Sunday,True,False,False,9,FALL,CLEAR,LIGHT
STATEN ISLAND,2026-09-27 13:00:00+00:00,15.464999,0.0,13500.0,0.0,0.0,0.0,34.614334,2026-09-27,13,Sunday,True,False,False,9,FALL,CLEAR,LIGHT
STATEN ISLAND,2026-09-27 14:00:00+00:00,15.615,2.9,7900.0,2.9,0.0,0.0,33.89549,2026-09-27,14,Sunday,True,False,False,9,FALL,RAIN,LIGHT
STATEN ISLAND,2026-09-27 15:00:00+00:00,15.815,0.4,12900.0,0.4,0.0,0.0,29.257614,2026-09-27,15,Sunday,True,False,False,9,FALL,RAIN,LIGHT
STATEN ISLAND,2026-09-27 16:00:00+00:00,16.765001,0.0,13700.0,0.0,0.0,0.0,18.947083,2026-09-27,16,Sunday,True,True,False,9,FALL,CLEAR,LIGHT
STATEN ISLAND,2026-09-27 17:00:00+00:00,16.965,0.0,12600.0,0.0,0.0,0.0,18.1041,2026-09-27,17,Sunday,True,True,False,9,FALL,CLEAR,LIGHT
STATEN ISLAND,2026-09-27 18:00:00+00:00,17.615,0.0,13800.0,0.0,0.0,0.0,19.914215,2026-09-27,18,Sunday,True,True,False,9,FALL,CLEAR,LIGHT
STATEN ISLAND,2026-09-27 19:00:00+00:00,17.215,0.0,13500.0,0.0,0.0,0.0,16.704155,2026-09-27,19,Sunday,True,False,False,9,FALL,CLEAR,LIGHT
STATEN ISLAND,2026-09-27 20:00:00+00:00,17.315,7.2,4700.0,7.2,0.0,0.0,9.511088,2026-09-27,20,Sunday,True,False,True,9,FALL,RAIN,MODERATE
STATEN ISLAND,2026-09-27 21:00:00+00:00,16.465,1.8,6600.0,1.8,0.0,0.0,15.9134655,2026-09-27,21,Sunday,True,False,True,9,FALL,RAIN,LIGHT
STATEN ISLAND,2026-09-27 22:00:00+00:00,16.165,2.9,4500.0,2.9,0.0,0.0,16.434305,2026-09-27,22,Sunday,True,False,True,9,FALL,RAIN,LIGHT
STATEN ISLAND,2026-09-27 23:00:00+00:00,16.515001,6.1,5900.0,6.1,0.0,0.0,18.792551,2026-09-27,23,Sunday,True,False,True,9,FALL,RAIN,MODERATE
STATEN ISLAND,2026-09-28 00:00:00+00:00,16.165,0.4,12500.0,0.4,0.0,0.0,18.681883,2026-09-28,0,Monday,False,False,True,9,FALL,RAIN,LIGHT
STATEN ISLAND,2026-09-28 01:00:00+00:00,16.015,1.1,12700.0,1.1,0.0,0.0,16.981165,2026-09-28,1,Monday,False,False,True,9,FALL,RAIN,LIGHT
STATEN ISLAND,2026-09-28 02:00:00+00:00,16.015,1.4,5900.0,1.4,0.0,0.0,15.937878,2026-09-28,2,Monday,False,False,True,9,FALL,RAIN,LIGHT
STATEN ISLAND,2026-09-28 03:00:00+00:00,15.915,0.4,13000.0,0.4,0.0,0.0,15.379206,2026-09-28,3,Monday,False,False,True,9,FALL,RAIN,LIGHT
STATEN ISLAND,2026-09-28 04:00:00+00:00,15.615,0.0,13500.0,0.0,0.0,0.0,17.555305,2026-09-28,4,Monday,False,False,True,9,FALL,CLEAR,LIGHT
STATEN ISLAND,2026-09-28 05:00:00+00:00,15.264999,0.4,12300.0,0.4,0.0,0.0,17.373497,2026-09-28,5,Monday,False,False,True,9,FALL,RAIN,LIGHT
STATEN ISLAND,2026-09-28 06:00:00+00:00,15.115,2.9,12200.0,2.9,0.0,0.0,18.709612,2026-09-28,6,Monday,False,False,False,9,FALL,RAIN,LIGHT
STATEN ISLAND,2026-09-28 07:00:00+00:00,15.264999,2.2,12800.0,2.2,0.0,0.0,14.458382,2026-09-28,7,Monday,False,True,False,9,FALL,RAIN,LIGHT
STATEN ISLAND,2026-09-28 08:00:00+00:00,15.315,0.0,13200.0,0.0,0.0,0.0,12.959999,2026-09-28,8,Monday,False,True,False,9,FALL,CLEAR,LIGHT
STATEN ISLAND,2026-09-28 09:00:00+00:00,15.115,1.1,12700.0,1.1,0.0,0.0,15.03835,2026-09-28,9,Monday,False,True,False,9,FALL,RAIN,LIGHT
STATEN ISLAND,2026-09-28 10:00:00+00:00,15.065,2.2,12600.0,2.2,0.0,0.0,15.463244,2026-09-28,10,Monday,False,False,False,9,FALL,RAIN,LIGHT
STATEN ISLAND,2026-09-28 11:00:00+00:00,14.964999,1.8,12900.0,1.8,0.0,0.0,13.679999,2026-09-28,11,Monday,False,False,False,9,FALL,RAIN,LIGHT
STATEN ISLAND,2026-09-28 12:00:00+00:00,14.815,0.0,13700.0,0.0,0.0,0.0,16.954432,2026-09-28,12,Monday,False,False,False,9,FALL,CLEAR,LIGHT
STATEN ISLAND,2026-09-28 13:00:00+00:00,14.764999,0.0,13000.0,0.0,0.0,0.0,12.605142,2026-09-28,13,Monday,False,False,False,9,FALL,CLEAR,LIGHT
STATEN ISLAND,2026-09-28 14:00:00+00:00,14.764999,0.0,12300.0,0.0,0.0,0.0,14.05845,2026-09-28,14,Monday,False,False,False,9,FALL,CLEAR,LIGHT
STATEN ISLAND,2026-09-28 15:00:00+00:00,14.714999,0.0,12200.0,0.0,0.0,0.0,12.849528,2026-09-28,15,Monday,False,False,False,9,FALL,CLEAR,LIGHT
STATEN ISLAND,2026-09-28 16:00:00+00:00,14.865,0.0,12600.0,0.0,0.0,0.0,13.661038,2026-09-28,16,Monday,False,True,False,9,FALL,CLEAR,LIGHT
STATEN ISLAND,2026-09-28 17:00:00+00:00,14.964999,0.0,13100.0,0.0,0.0,0.0,14.003029,2026-09-28,17,Monday,False,True,False,9,FALL,CLEAR,LIGHT
STATEN ISLAND,2026-09-28 18:00:00+00:00,15.615,0.0,12700.0,0.0,0.0,0.0,12.758432,2026-09-28,18,Monday,False,True,False,9,FALL,CLEAR,LIGHT
STATEN ISLAND,2026-09-28 19:00:00+00:00,16.365,0.0,13600.0,0.0,0.0,0.0,13.684735,2026-09-28,19,Monday,False,False,False,9,FALL,CLEAR,LIGHT
STATEN ISLAND,2026-09-28 20:00:00+00:00,16.465,0.0,16000.0,0.0,0.0,0.0,7.8954163,2026-09-28,20,Monday,False,False,True,9,FALL,CLEAR,LIGHT
STATEN ISLAND,2026-09-28 21:00:00+00:00,17.115,0.0,17600.0,0.0,0.0,0.0,7.491114,2026-09-28,21,Monday,False,False,True,9,FALL,CLEAR,LIGHT
STATEN ISLAND,2026-09-28 22:00:00+00:00,16.815,0.0,17100.0,0.0,0.0,0.0,6.9153743,2026-09-28,22,Monday,False,False,True,9,FALL,CLEAR,LIGHT
STATEN ISLAND,2026-09-28 23:00:00+00:00,15.915,0.0,17000.0,0.0,0.0,0.0,7.2,2026-09-28,23,Monday,False,False,True,9,FALL,CLEAR,LIGHT
STATEN ISLAND,2026-09-29 00:00:00+00:00,15.565,0.0,17200.0,0.0,0.0,0.0,7.8954163,2026-09-29,0,Tuesday,False,False,True,9,FALL,CLEAR,LIGHT
STATEN ISLAND,2026-09-29 01:00:00+00:00,15.065,0.0,15500.0,0.0,0.0,0.0,4.829907,2026-09-29,1,Tuesday,False,False,True,9,FALL,CLEAR,LIGHT
STATEN ISLAND,2026-09-29 02:00:00+00:00,15.115,0.0,14300.0,0.0,0.0,0.0,6.830519,2026-09-29,2,Tuesday,False,False,True,9,FALL,CLEAR,LIGHT
STATEN ISLAND,2026-09-29 03:00:00+00:00,15.214999,0.0,13500.0,0.0,0.0,0.0,4.0249224,2026-09-29,3,Tuesday,False,False,True,9,FALL,CLEAR,LIGHT
STATEN ISLAND,2026-09-29 04:00:00+00:00,15.264999,0.0,13500.0,0.0,0.0,0.0,2.5959969,2026-09-29,4,Tuesday,False,False,True,9,FALL,CLEAR,LIGHT
STATEN ISLAND,2026-09-29 05:00:00+00:00,14.514999,0.0,13300.0,0.0,0.0,0.0,6.130579,2026-09-29,5,Tuesday,False,False,True,9,FALL,CLEAR,LIGHT
STATEN ISLAND,2026-09-29 06:00:00+00:00,14.565,0.0,13900.0,0.0,0.0,0.0,6.0347,2026-09-29,6,Tuesday,False,False,False,9,FALL,CLEAR,LIGHT
STATEN ISLAND,2026-09-29 07:00:00+00:00,14.764999,0.0,13200.0,0.0,0.0,0.0,4.510787,2026-09-29,7,Tuesday,False,True,False,9,FALL,CLEAR,LIGHT
STATEN ISLAND,2026-09-29 08:00:00+00:00,14.415,0.0,13000.0,0.0,0.0,0.0,6.2145634,2026-09-29,8,Tuesday,False,True,False,9,FALL,CLEAR,LIGHT
STATEN ISLAND,2026-09-29 09:00:00+00:00,14.514999,0.0,12400.0,0.0,0.0,0.0,4.0249224,2026-09-29,9,Tuesday,False,True,False,9,FALL,CLEAR,LIGHT
STATEN ISLAND,2026-09-29 10:00:00+00:00,14.165,0.0,13000.0,0.0,0.0,0.0,6.638072,2026-09-29,10,Tuesday,False,False,False,9,FALL,CLEAR,LIGHT
STATEN ISLAND,2026-09-29 11:00:00+00:00,14.315,0.0,14100.0,0.0,0.0,0.0,4.73506,2026-09-29,11,Tuesday,False,False,False,9,FALL,CLEAR,LIGHT
STATEN ISLAND,2026-09-29 12:00:00+00:00,15.665,0.0,14800.0,0.0,0.0,0.0,6.519877,2026-09-29,12,Tuesday,False,False,False,9,FALL,CLEAR,LIGHT
STATEN ISLAND,2026-09-29 13:00:00+00:00,17.815,0.0,18500.0,0.0,0.0,0.0,10.390226,2026-09-29,13,Tuesday,False,False,False,9,FALL,CLEAR,LIGHT
STATEN ISLAND,2026-09-29 14:00:00+00:00,18.065,0.0,19600.0,0.0,0.0,0.0,13.783817,2026-09-29,14,Tuesday,False,False,False,9,FALL,CLEAR,LIGHT
STATEN ISLAND,2026-09-29 15:00:00+00:00,19.165,0.0,20400.0,0.0,0.0,0.0,11.609651,2026-09-29,15,Tuesday,False,False,False,9,FALL,CLEAR,LIGHT
STATEN ISLAND,2026-09-29 16:00:00+00:00,20.565,0.0,24100.0,0.0,0.0,0.0,10.805999,2026-09-29,16,Tuesday,False,True,False,9,FALL,CLEAR,LIGHT
STATEN ISLAND,2026-09-29 17:00:00+00:00,20.815,0.0,26600.0,0.0,0.0,0.0,14.458382,2026-09-29,17,Tuesday,False,True,False,9,FALL,CLEAR,LIGHT
STATEN ISLAND,2026-09-29 18:00:00+00:00,21.215,0.0,26400.0,0.0,0.0,0.0,16.87398,2026-09-29,18,Tuesday,False,True,False,9,FALL,CLEAR,LIGHT
STATEN ISLAND,2026-09-29 19:00:00+00:00,21.465,0.0,23600.0,0.0,0.0,0.0,15.629971,2026-09-29,19,Tuesday,False,False,False,9,FALL,CLEAR,LIGHT
STATEN ISLAND,2026-09-29 20:00:00+00:00,20.615,0.0,25300.0,0.0,0.0,0.0,10.990322,2026-09-29,20,Tuesday,False,False,True,9,FALL,CLEAR,LIGHT
STATEN ISLAND,2026-09-29 21:00:00+00:00,20.665,0.0,24600.0,0.0,0.0,0.0,7.7043357,2026-09-29,21,Tuesday,False,False,True,9,FALL,CLEAR,LIGHT
STATEN ISLAND,2026-09-29 22:00:00+00:00,19.165,0.0,26600.0,0.0,0.0,0.0,10.44,2026-09-29,22,Tuesday,False,False,True,9,FALL,CLEAR,LIGHT
STATEN ISLAND,2026-09-29 23:00:00+00:00,18.465,0.0,25300.0,0.0,0.0,0.0,8.891344,2026-09-29,23,Tuesday,False,False,True,9,FALL,CLEAR,LIGHT
STATEN ISLAND,2026-09-30 00:00:00+00:00,17.765001,0.0,26500.0,0.0,0.0,0.0,8.209263,2026-09-30,0,Wednesday,False,False,True,9,FALL,CLEAR,LIGHT
STATEN ISLAND,2026-09-30 01:00:00+00:00,17.265001,0.0,24300.0,0.0,0.0,0.0,11.91812,2026-09-30,1,Wednesday,False,False,True,9,FALL,CLEAR,LIGHT
STATEN ISLAND,2026-09-30 02:00:00+00:00,17.215,0.0,23500.0,0.0,0.0,0.0,8.4963045,2026-09-30,2,Wednesday,False,False,True,9,FALL,CLEAR,LIGHT
STATEN ISLAND,2026-09-30 03:00:00+00:00,16.915,0.0,21900.0,0.0,0.0,0.0,6.763786,2026-09-30,3,Wednesday,False,False,True,9,FALL,CLEAR,LIGHT
STATEN ISLAND,2026-09-30 04:00:00+00:00,16.715,0.0,22700.0,0.0,0.0,0.0,11.808878,2026-09-30,4,Wednesday,False,False,True,9,FALL,CLEAR,LIGHT
STATEN ISLAND,2026-09-30 05:00:00+00:00,15.615,0.0,20200.0,0.0,0.0,0.0,7.9036193,2026-09-30,5,Wednesday,False,False,True,9,FALL,CLEAR,LIGHT
STATEN ISLAND,2026-09-30 06:00:00+00:00,15.514999,0.0,22500.0,0.0,0.0,0.0,8.049845,2026-09-30,6,Wednesday,False,False,False,9,FALL,CLEAR,LIGHT
STATEN ISLAND,2026-09-30 07:00:00+00:00,15.115,0.0,19100.0,0.0,0.0,0.0,7.928178,2026-09-30,7,Wednesday,False,True,False,9,FALL,CLEAR,LIGHT
STATEN ISLAND,2026-09-30 08:00:00+00:00,14.815,0.0,16700.0,0.0,0.0,0.0,5.1544156,2026-09-30,8,Wednesday,False,True,False,9,FALL,CLEAR,LIGHT
STATEN ISLAND,2026-09-30 09:00:00+00:00,14.565,0.0,17700.0,0.0,0.0,0.0,6.618519,2026-09-30,9,Wednesday,False,True,False,9,FALL,CLEAR,LIGHT
STATEN ISLAND,2026-09-30 10:00:00+00:00,13.815,0.0,15800.0,0.0,0.0,0.0,6.297428,2026-09-30,10,Wednesday,False,False,False,9,FALL,CLEAR,LIGHT
STATEN ISLAND,2026-09-30 11:00:00+00:00,13.365,0.0,16200.0,0.0,0.0,0.0,6.763786,2026-09-30,11,Wednesday,False,False,False,9,FALL,CLEAR,LIGHT
STATEN ISLAND,2026-09-30 12:00:00+00:00,14.514999,0.0,15500.0,0.0,0.0,0.0,5.6002855,2026-09-30,12,Wednesday,False,False,False,9,FALL,CLEAR,LIGHT
STATEN ISLAND,2026-09-30 13:00:00+00:00,16.965,0.0,17000.0,0.0,0.0,0.0,7.145796,2026-09-30,13,Wednesday,False,False,False,9,FALL,CLEAR,LIGHT
STATEN ISLAND,2026-09-30 14:00:00+00:00,18.565,0.0,21100.0,0.0,0.0,0.0,6.193674,2026-09-30,14,Wednesday,False,False,False,9,FALL,CLEAR,LIGHT
STATEN ISLAND,2026-09-30 15:00:00+00:00,20.015001,0.0,22900.0,0.0,0.0,0.0,7.342588,2026-09-30,15,Wednesday,False,False,False,9,FALL,CLEAR,LIGHT
STATEN ISLAND,2026-09-30 16:00:00+00:00,20.915,0.0,24200.0,0.0,0.0,0.0,8.4042845,2026-09-30,16,Wednesday,False,True,False,9,FALL,CLEAR,LIGHT
STATEN ISLAND,2026-09-30 17:00:00+00:00,22.265001,0.0,22800.0,0.0,0.0,0.0,6.638072,2026-09-30,17,Wednesday,False,True,False,9,FALL,CLEAR,LIGHT
STATEN ISLAND,2026-09-30 18:00:00+00:00,22.465,0.0,26300.0,0.0,0.0,0.0,13.779114,2026-09-30,18,Wednesday,False,True,False,9,FALL,CLEAR,LIGHT
STATEN ISLAND,2026-09-30 19:00:00+00:00,23.015001,0.0,27500.0,0.0,0.0,0.0,8.654986,2026-09-30,19,Wednesday,False,False,False,9,FALL,CLEAR,LIGHT
STATEN ISLAND,2026-09-30 20:00:00+00:00,23.265001,0.0,31000.0,0.0,0.0,0.0,9.255571,2026-09-30,20,Wednesday,False,False,True,9,FALL,CLEAR,LIGHT
STATEN ISLAND,2026-09-30 21:00:00+00:00,22.615,0.0,27100.0,0.0,0.0,0.0,11.4862,2026-09-30,21,Wednesday,False,False,True,9,FALL,CLEAR,LIGHT
STATEN ISLAND,2026-09-30 22:00:00+00:00,21.265001,0.0,25000.0,0.0,0.0,0.0,10.30883,2026-09-30,22,Wednesday,False,False,True,9,FALL,CLEAR,LIGHT
STATEN ISLAND,2026-09-30 23:00:00+00:00,20.115,0.0,25500.0,0.0,0.0,0.0,5.8048253,2026-09-30,23,Wednesday,False,False,True,9,FALL,CLEAR,LIGHT
STATEN ISLAND,2026-10-01 00:00:00+00:00,19.115,0.0,21500.0,0.0,0.0,0.0,7.2,2026-10-01,0,Thursday,False,False,True,10,FALL,CLEAR,LIGHT
STATEN ISLAND,2026-10-01 01:00:00+00:00,18.465,0.0,17600.0,0.0,0.0,0.0,6.638072,2026-10-01,1,Thursday,False,False,True,10,FALL,CLEAR,LIGHT
STATEN ISLAND,2026-10-01 02:00:00+00:00,17.765001,0.0,16300.0,0.0,0.0,0.0,4.1046314,2026-10-01,2,Thursday,False,False,True,10,FALL,CLEAR,LIGHT
STATEN ISLAND,2026-10-01 03:00:00+00:00,17.215,0.0,15400.0,0.0,0.0,0.0,8.4963045,2026-10-01,3,Thursday,False,False,True,10,FALL,CLEAR,LIGHT
STATEN ISLAND,2026-10-01 04:00:00+00:00,17.015001,0.0,18100.0,0.0,0.0,0.0,1.484318,2026-10-01,4,Thursday,False,False,True,10,FALL,CLEAR,LIGHT
STATEN ISLAND,2026-10-01 05:00:00+00:00,17.115,0.0,18300.0,0.0,0.0,0.0,5.0911684,2026-10-01,5,Thursday,False,False,True,10,FALL,CLEAR,LIGHT
STATEN ISLAND,2026-10-01 06:00:00+00:00,16.615,0.0,13100.0,0.0,0.0,0.0,7.928177,2026-10-01,6,Thursday,False,False,False,10,FALL,CLEAR,LIGHT
STATEN ISLAND,2026-10-01 07:00:00+00:00,16.215,0.0,12200.0,0.0,0.0,0.0,6.9153743,2026-10-01,7,Thursday,False,True,False,10,FALL,CLEAR,LIGHT
STATEN ISLAND,2026-10-01 08:00:00+00:00,16.665,0.0,15000.0,0.0,0.0,0.0,3.219938,2026-10-01,8,Thursday,False,True,False,10,FALL,CLEAR,LIGHT
STATEN ISLAND,2026-10-01 09:00:00+00:00,16.565,0.0,13600.0,0.0,0.0,0.0,5.00128,2026-10-01,9,Thursday,False,True,False,10,FALL,CLEAR,LIGHT
STATEN ISLAND,2026-10-01 10:00:00+00:00,16.765001,0.0,16600.0,0.0,0.0,0.0,6.792466,2026-10-01,10,Thursday,False,False,False,10,FALL,CLEAR,LIGHT
STATEN ISLAND,2026-10-01 11:00:00+00:00,16.465,0.0,14900.0,0.0,0.0,0.0,3.7064266,2026-10-01,11,Thursday,False,False,False,10,FALL,CLEAR,LIGHT
STATEN ISLAND,2026-10-01 12:00:00+00:00,17.115,0.0,13700.0,0.0,0.0,0.0,3.096837,2026-10-01,12,Thursday,False,False,False,10,FALL,CLEAR,LIGHT
STATEN ISLAND,2026-10-01 13:00:00+00:00,18.215,0.0,12800.0,0.0,0.0,0.0,4.829907,2026-10-01,13,Thursday,False,False,False,10,FALL,CLEAR,LIGHT
STATEN ISLAND,2026-10-01 14:00:00+00:00,19.215,0.0,15000.0,0.0,0.0,0.0,8.161764,2026-10-01,14,Thursday,False,False,False,10,FALL,CLEAR,LIGHT
STATEN ISLAND,2026-10-01 15:00:00+00:00,19.965,0.0,15100.0,0.0,0.0,0.0,6.6185193,2026-10-01,15,Thursday,False,False,False,10,FALL,CLEAR,LIGHT
STATEN ISLAND,2026-10-01 16:00:00+00:00,20.965,0.0,17100.0,0.0,0.0,0.0,3.6,2026-10-01,16,Thursday,False,True,False,10,FALL,CLEAR,LIGHT
STATEN ISLAND,2026-10-01 17:00:00+00:00,22.915,0.0,22000.0,0.0,0.0,0.0,4.73506,2026-10-01,17,Thursday,False,True,False,10,FALL,CLEAR,LIGHT
STATEN ISLAND,2026-10-01 18:00:00+00:00,23.315,0.0,22400.0,0.0,0.0,0.0,7.2,2026-10-01,18,Thursday,False,True,False,10,FALL,CLEAR,LIGHT
STATEN ISLAND,2026-10-01 19:00:00+00:00,23.965,0.0,23000.0,0.0,0.0,0.0,6.489992,2026-10-01,19,Thursday,False,False,False,10,FALL,CLEAR,LIGHT
STATEN ISLAND,2026-10-01 20:00:00+00:00,23.965,0.0,22500.0,0.0,0.0,0.0,8.350138,2026-10-01,20,Thursday,False,False,True,10,FALL,CLEAR,LIGHT
STATEN ISLAND,2026-10-01 21:00:00+00:00,23.215,0.0,17700.0,0.0,0.0,0.0,3.096837,2026-10-01,21,Thursday,False,False,True,10,FALL,CLEAR,LIGHT
STATEN ISLAND,2026-10-01 22:00:00+00:00,22.465,0.0,19200.0,0.0,0.0,0.0,5.3517847,2026-10-01,22,Thursday,False,False,True,10,FALL,CLEAR,LIGHT
STATEN ISLAND,2026-10-01 23:00:00+00:00,22.365,0.0,25400.0,0.0,0.0,0.0,3.8939953,2026-10-01,23,Thursday,False,False,True,10,FALL,CLEAR,LIGHT
STATEN ISLAND,2026-10-02 00:00:00+00:00,21.415,0.0,23700.0,0.0,0.0,0.0,3.0547013,2026-10-02,0,Friday,False,False,True,10,FALL,CLEAR,LIGHT
STATEN ISLAND,2026-10-02 01:00:00+00:00,20.465,0.0,18500.0,0.0,0.0,0.0,4.3349743,2026-10-02,1,Friday,False,False,True,10,FALL,CLEAR,LIGHT
STATEN ISLAND,2026-10-02 02:00:00+00:00,20.215,0.0,14900.0,0.0,0.0,0.0,6.5693827,2026-10-02,2,Friday,False,False,True,10,FALL,CLEAR,LIGHT
STATEN ISLAND,2026-10-02 03:00:00+00:00,20.415,0.0,16300.0,0.0,0.0,0.0,9.793059,2026-10-02,3,Friday,False,False,True,10,FALL,CLEAR,LIGHT
STATEN ISLAND,2026-10-02 04:00:00+00:00,19.865,0.0,16000.0,0.0,0.0,0.0,7.5942082,2026-10-02,4,Friday,False,False,True,10,FALL,CLEAR,LIGHT
STATEN ISLAND,2026-10-02 05:00:00+00:00,19.815,0.0,16300.0,0.0,0.0,0.0,5.3999996,2026-10-02,5,Friday,False,False,True,10,FALL,CLEAR,LIGHT
STATEN ISLAND,2026-10-02 06:00:00+00:00,19.415,0.0,19100.0,0.0,0.0,0.0,9.957108,2026-10-02,6,Friday,False,False,False,10,FALL,CLEAR,LIGHT
STATEN ISLAND,2026-10-02 07:00:00+00:00,18.715,0.0,16800.0,0.0,0.0,0.0,7.9036193,2026-10-02,7,Friday,False,True,False,10,FALL,CLEAR,LIGHT
STATEN ISLAND,2026-10-02 08:00:00+00:00,18.415,0.0,15000.0,0.0,0.0,0.0,4.5536795,2026-10-02,8,Friday,False,True,False,10,FALL,CLEAR,LIGHT
STATEN ISLAND,2026-10-02 09:00:00+00:00,17.965,0.0,15200.0,0.0,0.0,0.0,4.5536795,2026-10-02,9,Friday,False,True,False,10,FALL,CLEAR,LIGHT
STATEN ISLAND,2026-10-02 10:00:00+00:00,17.715,0.0,15900.0,0.0,0.0,0.0,5.8603754,2026-10-02,10,Friday,False,False,False,10,FALL,CLEAR,LIGHT
STATEN ISLAND,2026-10-02 11:00:00+00:00,17.465,0.0,14000.0,0.0,0.0,0.0,4.6938257,2026-10-02,11,Friday,False,False,False,10,FALL,CLEAR,LIGHT
STATEN ISLAND,2026-10-02 12:00:00+00:00,18.215,0.0,13600.0,0.0,0.0,0.0,6.989936,2026-10-02,12,Friday,False,False,False,10,FALL,CLEAR,LIGHT
STATEN ISLAND,2026-10-02 13:00:00+00:00,20.565,0.0,13100.0,0.0,0.0,0.0,9.290511,2026-10-02,13,Friday,False,False,False,10,FALL,CLEAR,LIGHT
STATEN ISLAND,2026-10-02 14:00:00+00:00,22.765001,0.0,18600.0,0.0,0.0,0.0,10.195057,2026-10-02,14,Friday,False,False,False,10,FALL,CLEAR,LIGHT
STATEN ISLAND,2026-10-02 15:00:00+00:00,24.815,0.0,25000.0,0.0,0.0,0.0,13.392774,2026-10-02,15,Friday,False,False,False,10,FALL,CLEAR,LIGHT
STATEN ISLAND,2026-10-02 16:00:00+00:00,25.465,0.0,24000.0,0.0,0.0,0.0,13.608762,2026-10-02,16,Friday,False,True,False,10,FALL,CLEAR,LIGHT
STATEN ISLAND,2026-10-02 17:00:00+00:00,26.815,0.0,27600.0,0.0,0.0,0.0,16.595179,2026-10-02,17,Friday,False,True,False,10,FALL,CLEAR,LIGHT
STATEN ISLAND,2026-10-02 18:00:00+00:00,27.615,0.0,30700.0,0.0,0.0,0.0,15.683774,2026-10-02,18,Friday,False,True,False,10,FALL,CLEAR,LIGHT
STATEN ISLAND,2026-10-02 19:00:00+00:00,27.615,0.0,28700.0,0.0,0.0,0.0,14.57889,2026-10-02,19,Friday,False,False,False,10,FALL,CLEAR,LIGHT
STATEN ISLAND,2026-10-02 20:00:00+00:00,27.665,0.0,28800.0,0.0,0.0,0.0,12.783802,2026-10-02,20,Friday,False,False,True,10,FALL,CLEAR,LIGHT
STATEN ISLAND,2026-10-02 21:00:00+00:00,26.865,0.0,28000.0,0.0,0.0,0.0,9.449572,2026-10-02,21,Friday,False,False,True,10,FALL,CLEAR,LIGHT
STATEN ISLAND,2026-10-02 22:00:00+00:00,25.165,0.0,23200.0,0.0,0.0,0.0,7.342588,2026-10-02,22,Friday,False,False,True,10,FALL,CLEAR,LIGHT
STATEN ISLAND,2026-10-02 23:00:00+00:00,24.065,0.0,21900.0,0.0,0.0,0.0,11.885453,2026-10-02,23,Friday,False,False,True,10,FALL,CLEAR,LIGHT
STATEN ISLAND,2026-10-03 00:00:00+00:00,22.415,0.0,22700.0,0.0,0.0,0.0,12.413477,2026-10-03,0,Saturday,True,False,True,10,FALL,CLEAR,LIGHT
STATEN ISLAND,2026-10-03 01:00:00+00:00,21.565,0.0,22100.0,0.0,0.0,0.0,12.181624,2026-10-03,1,Saturday,True,False,True,10,FALL,CLEAR,LIGHT
STATEN ISLAND,2026-10-03 02:00:00+00:00,20.915,0.0,25500.0,0.0,0.0,0.0,9.826088,2026-10-03,2,Saturday,True,False,True,10,FALL,CLEAR,LIGHT
STATEN ISLAND,2026-10-03 03:00:00+00:00,20.215,0.0,24000.0,0.0,0.0,0.0,11.019764,2026-10-03,3,Saturday,True,False,True,10,FALL,CLEAR,LIGHT
STATEN ISLAND,2026-10-03 04:00:00+00:00,19.265001,0.0,28400.0,0.0,0.0,0.0,15.782622,2026-10-03,4,Saturday,True,False,True,10,FALL,CLEAR,LIGHT
STATEN ISLAND,2026-10-03 05:00:00+00:00,18.715,0.0,31000.0,0.0,0.0,0.0,14.48972,2026-10-03,5,Saturday,True,False,True,10,FALL,CLEAR,LIGHT
STATEN ISLAND,2026-10-03 06:00:00+00:00,17.715,0.0,35300.0,0.0,0.0,0.0,18.532135,2026-10-03,6,Saturday,True,False,False,10,FALL,CLEAR,LIGHT
STATEN ISLAND,2026-10-03 07:00:00+00:00,16.365,0.0,29700.0,0.0,0.0,0.0,10.495713,2026-10-03,7,Saturday,True,True,False,10,FALL,CLEAR,LIGHT
STATEN ISLAND,2026-10-03 08:00:00+00:00,15.665,0.0,29500.0,0.0,0.0,0.0,15.042659,2026-10-03,8,Saturday,True,True,False,10,FALL,CLEAR,LIGHT
STATEN ISLAND,2026-10-03 09:00:00+00:00,15.565,0.0,26000.0,0.0,0.0,0.0,11.384199,2026-10-03,9,Saturday,True,True,False,10,FALL,CLEAR,LIGHT
STATEN ISLAND,2026-10-03 10:00:00+00:00,14.665,0.0,24700.0,0.0,0.0,0.0,9.6932955,2026-10-03,10,Saturday,True,False,False,10,FALL,CLEAR,LIGHT
STATEN ISLAND,2026-10-03 11:00:00+00:00,14.315,0.0,23900.0,0.0,0.0,0.0,11.885453,2026-10-03,11,Saturday,True,False,False,10,FALL,CLEAR,LIGHT
STATEN ISLAND,2026-10-03 12:00:00+00:00,15.115,0.0,21500.0,0.0,0.0,0.0,14.113653,2026-10-03,12,Saturday,True,False,False,10,FALL,CLEAR,LIGHT
STATEN ISLAND,2026-10-03 13:00:00+00:00,16.515001,0.0,23100.0,0.0,0.0,0.0,15.137133,2026-10-03,13,Saturday,True,False,False,10,FALL,CLEAR,LIGHT
STATEN ISLAND,2026-10-03 14:00:00+00:00,17.765001,0.0,25300.0,0.0,0.0,0.0,16.055353,2026-10-03,14,Saturday,True,False,False,10,FALL,CLEAR,LIGHT
STATEN ISLAND,2026-10-03 15:00:00+00:00,19.365,0.0,32400.0,0.0,0.0,0.0,15.646544,2026-10-03,15,Saturday,True,False,False,10,FALL,CLEAR,LIGHT
STATEN ISLAND,2026-10-03 16:00:00+00:00,20.365,0.0,37700.0,0.0,0.0,0.0,17.283749,2026-10-03,16,Saturday,True,True,False,10,FALL,CLEAR,LIGHT
STATEN ISLAND,2026-10-03 17:00:00+00:00,21.065,0.0,38500.0,0.0,0.0,0.0,12.979984,2026-10-03,17,Saturday,True,True,False,10,FALL,CLEAR,LIGHT
STATEN ISLAND,2026-10-03 18:00:00+00:00,21.865,0.0,48500.0,0.0,0.0,0.0,14.689588,2026-10-03,18,Saturday,True,True,False,10,FALL,CLEAR,LIGHT
STATEN ISLAND,2026-10-03 19:00:00+00:00,21.715,0.0,42100.0,0.0,0.0,0.0,11.165805,2026-10-03,19,Saturday,True,False,False,10,FALL,CLEAR,LIGHT
STATEN ISLAND,2026-10-03 20:00:00+00:00,20.215,0.0,25200.0,0.0,0.0,0.0,14.986553,2026-10-03,20,Saturday,True,False,True,10,FALL,CLEAR,LIGHT
STATEN ISLAND,2026-10-03 21:00:00+00:00,19.615,0.0,26300.0,0.0,0.0,0.0,9.511088,2026-10-03,21,Saturday,True,False,True,10,FALL,CLEAR,LIGHT
STATEN ISLAND,2026-10-03 22:00:00+00:00,18.465,0.0,26400.0,0.0,0.0,0.0,11.609651,2026-10-03,22,Saturday,True,False,True,10,FALL,CLEAR,LIGHT
STATEN ISLAND,2026-10-03 23:00:00+00:00,16.565,0.0,25600.0,0.0,0.0,0.0,6.8777895,2026-10-03,23,Saturday,True,False,True,10,FALL,CLEAR,LIGHT
STATEN ISLAND,2026-10-04 00:00:00+00:00,16.165,0.0,27000.0,0.0,0.0,0.0,8.669949,2026-10-04,0,Sunday,True,False,True,10,FALL,CLEAR,LIGHT
STATEN ISLAND,2026-10-04 01:00:00+00:00,15.665,0.0,19100.0,0.0,0.0,0.0,7.5942073,2026-10-04,1,Sunday,True,False,True,10,FALL,CLEAR,LIGHT
STATEN ISLAND,2026-10-04 02:00:00+00:00,15.415,0.0,18300.0,0.0,0.0,0.0,11.090103,2026-10-04,2,Sunday,True,False,True,10,FALL,CLEAR,LIGHT
STATEN ISLAND,2026-10-04 03:00:00+00:00,15.315,0.0,15800.0,0.0,0.0,0.0,4.8965297,2026-10-04,3,Sunday,True,False,True,10,FALL,CLEAR,LIGHT
STATEN ISLAND,2026-10-04 04:00:00+00:00,14.214999,0.0,14100.0,0.0,0.0,0.0,8.4042845,2026-10-04,4,Sunday,True,False,True,10,FALL,CLEAR,LIGHT
STATEN ISLAND,2026-10-04 05:00:00+00:00,14.214999,0.0,15400.0,0.0,0.0,0.0,7.771331,2026-10-04,5,Sunday,True,False,True,10,FALL,CLEAR,LIGHT
STATEN ISLAND,2026-10-04 06:00:00+00:00,14.014999,0.0,14800.0,0.0,0.0,0.0,7.8625183,2026-10-04,6,Sunday,True,False,False,10,FALL,CLEAR,LIGHT
STATEN ISLAND,2026-10-04 07:00:00+00:00,13.964999,0.0,14200.0,0.0,0.0,0.0,8.161764,2026-10-04,7,Sunday,True,True,False,10,FALL,CLEAR,LIGHT
STATEN ISLAND,2026-10-04 08:00:00+00:00,13.764999,0.0,17300.0,0.0,0.0,0.0,8.049845,2026-10-04,8,Sunday,True,True,False,10,FALL,CLEAR,LIGHT
STATEN ISLAND,2026-10-04 09:00:00+00:00,13.565,0.0,15000.0,0.0,0.0,0.0,11.720751,2026-10-04,9,Sunday,True,True,False,10,FALL,CLEAR,LIGHT
STATEN ISLAND,2026-10-04 10:00:00+00:00,13.464999,0.0,17100.0,0.0,0.0,0.0,10.948973,2026-10-04,10,Sunday,True,False,False,10,FALL,CLEAR,LIGHT
STATEN ISLAND,2026-10-04 11:00:00+00:00,13.565,0.0,16600.0,0.0,0.0,0.0,11.720751,2026-10-04,11,Sunday,True,False,False,10,FALL,CLEAR,LIGHT
STATEN ISLAND,2026-10-04 12:00:00+00:00,14.514999,0.0,19800.0,0.0,0.0,0.0,15.141414,2026-10-04,12,Sunday,True,False,False,10,FALL,CLEAR,LIGHT
STATEN ISLAND,2026-10-04 13:00:00+00:00,15.714999,0.0,23000.0,0.0,0.0,0.0,15.03835,2026-10-04,13,Sunday,True,False,False,10,FALL,CLEAR,LIGHT
STATEN ISLAND,2026-10-04 14:00:00+00:00,15.665,0.0,20000.0,0.0,0.0,0.0,19.022177,2026-10-04,14,Sunday,True,False,False,10,FALL,CLEAR,LIGHT
STATEN ISLAND,2026-10-04 15:00:00+00:00,15.565,0.0,20000.0,0.0,0.0,0.0,10.931203,2026-10-04,15,Sunday,True,False,False,10,FALL,CLEAR,LIGHT
STATEN ISLAND,2026-10-04 16:00:00+00:00,14.565,0.0,15000.0,0.0,0.0,0.0,12.984975,2026-10-04,16,Sunday,True,True,False,10,FALL,CLEAR,LIGHT
STATEN ISLAND,2026-10-04 17:00:00+00:00,14.915,0.0,14700.0,0.0,0.0,0.0,15.273505,2026-10-04,17,Sunday,True,True,False,10,FALL,CLEAR,LIGHT
STATEN ISLAND,2026-10-04 18:00:00+00:00,15.065,0.0,14000.0,0.0,0.0,0.0,7.9932966,2026-10-04,18,Sunday,True,True,False,10,FALL,CLEAR,LIGHT
STATEN ISLAND,2026-10-04 19:00:00+00:00,14.415,0.0,12200.0,0.0,0.0,0.0,9.028754,2026-10-04,19,Sunday,True,False,False,10,FALL,CLEAR,LIGHT
STATEN ISLAND,2026-10-04 20:00:00+00:00,13.915,0.0,14300.0,0.0,0.0,0.0,16.1198,2026-10-04,20,Sunday,True,False,True,10,FALL,CLEAR,LIGHT
STATEN ISLAND,2026-10-04 21:00:00+00:00,13.815,0.4,12400.0,0.4,0.0,0.0,13.527572,2026-10-04,21,Sunday,True,False,True,10,FALL,RAIN,LIGHT
STATEN ISLAND,2026-10-04 22:00:00+00:00,13.464999,0.0,12200.0,0.0,0.0,0.0,13.324863,2026-10-04,22,Sunday,True,False,True,10,FALL,CLEAR,LIGHT
STATEN ISLAND,2026-10-04 23:00:00+00:00,13.565,0.0,12400.0,0.0,0.0,0.0,11.808878,2026-10-04,23,Sunday,True,False,True,10,FALL,CLEAR,LIGHT
STATEN ISLAND,2026-10-05 00:00:00+00:00,13.714999,0.0,12900.0,0.0,0.0,0.0,9.585739,2026-10-05,0,Monday,False,False,True,10,FALL,CLEAR,LIGHT
STATEN ISLAND,2026-10-05 01:00:00+00:00,13.665,0.0,13300.0,0.0,0.0,0.0,5.8603754,2026-10-05,1,Monday,False,False,True,10,FALL,CLEAR,LIGHT
STATEN ISLAND,2026-10-05 02:00:00+00:00,13.365,0.0,12200.0,0.0,0.0,0.0,7.6367526,2026-10-05,2,Monday,False,False,True,10,FALL,CLEAR,LIGHT
STATEN ISLAND,2026-10-05 03:00:00+00:00,13.514999,0.0,12200.0,0.0,0.0,0.0,6.9247384,2026-10-05,3,Monday,False,False,True,10,FALL,CLEAR,LIGHT
STATEN ISLAND,2026-10-05 04:00:00+00:00,13.065,0.0,12200.0,0.0,0.0,0.0,9.0,2026-10-05,4,Monday,False,False,True,10,FALL,CLEAR,LIGHT
STATEN ISLAND,2026-10-05 05:00:00+00:00,13.115,0.0,12700.0,0.0,0.0,0.0,9.422101,2026-10-05,5,Monday,False,False,True,10,FALL,CLEAR,LIGHT
STATEN ISLAND,2026-10-05 06:00:00+00:00,12.415,0.0,12600.0,0.0,0.0,0.0,7.4128532,2026-10-05,6,Monday,False,False,False,10,FALL,CLEAR,LIGHT
STATEN ISLAND,2026-10-05 07:00:00+00:00,12.415,0.0,12400.0,0.0,0.0,0.0,9.178235,2026-10-05,7,Monday,False,True,False,10,FALL,CLEAR,LIGHT
STATEN ISLAND,2026-10-05 08:00:00+00:00,12.415,0.0,12200.0,0.0,0.0,0.0,8.089993,2026-10-05,8,Monday,False,True,False,10,FALL,CLEAR,LIGHT
STATEN ISLAND,2026-10-05 09:00:00+00:00,12.565,0.0,12400.0,0.0,0.0,0.0,6.924738,2026-10-05,9,Monday,False,True,False,10,FALL,CLEAR,LIGHT
STATEN ISLAND,2026-10-05 10:00:00+00:00,12.964999,0.0,12200.0,0.0,0.0,0.0,7.6367526,2026-10-05,10,Monday,False,False,False,10,FALL,CLEAR,LIGHT
STATEN ISLAND,2026-10-05 11:00:00+00:00,12.964999,0.0,12200.0,0.0,0.0,0.0,7.24486,2026-10-05,11,Monday,False,False,False,10,FALL,CLEAR,LIGHT
STATEN ISLAND,2026-10-05 12:00:00+00:00,13.264999,0.0,12200.0,0.0,0.0,0.0,10.966713,2026-10-05,12,Monday,False,False,False,10,FALL,CLEAR,LIGHT
STATEN ISLAND,2026-10-05 13:00:00+00:00,14.315,0.0,12900.0,0.0,0.0,0.0,12.849528,2026-10-05,13,Monday,False,False,False,10,FALL,CLEAR,LIGHT
STATEN ISLAND,2026-10-05 14:00:00+00:00,16.015,0.0,14600.0,0.0,0.0,0.0,13.910169,2026-10-05,14,Monday,False,False,False,10,FALL,CLEAR,LIGHT
STATEN ISLAND,2026-10-05 15:00:00+00:00,17.815,0.0,18000.0,0.0,0.0,0.0,14.934577,2026-10-05,15,Monday,False,False,False,10,FALL,CLEAR,LIGHT
STATEN ISLAND,2026-10-05 16:00:00+00:00,18.615,0.0,23500.0,0.0,0.0,0.0,18.228943,2026-10-05,16,Monday,False,True,False,10,FALL,CLEAR,LIGHT
STATEN ISLAND,2026-10-05 17:00:00+00:00,19.465,0.0,31400.0,0.0,0.0,0.0,19.734436,2026-10-05,17,Monday,False,True,False,10,FALL,CLEAR,LIGHT
STATEN ISLAND,2026-10-05 18:00:00+00:00,20.315,0.0,43600.0,0.0,0.0,0.0,20.037485,2026-10-05,18,Monday,False,True,False,10,FALL,CLEAR,LIGHT
STATEN ISLAND,2026-10-05 19:00:00+00:00,19.215,0.0,47600.0,0.0,0.0,0.0,23.507753,2026-10-05,19,Monday,False,False,False,10,FALL,CLEAR,LIGHT
STATEN ISLAND,2026-10-05 20:00:00+00:00,18.915,0.0,46500.0,0.0,0.0,0.0,24.014996,2026-10-05,20,Monday,False,False,True,10,FALL,CLEAR,LIGHT
STATEN ISLAND,2026-10-05 21:00:00+00:00,18.215,0.0,52300.0,0.0,0.0,0.0,20.774214,2026-10-05,21,Monday,False,False,True,10,FALL,CLEAR,LIGHT
STATEN ISLAND,2026-10-05 22:00:00+00:00,16.765001,0.0,54800.0,0.0,0.0,0.0,18.861387,2026-10-05,22,Monday,False,False,True,10,FALL,CLEAR,LIGHT
STATEN ISLAND,2026-10-05 23:00:00+00:00,15.165,0.0,50300.0,0.0,0.0,0.0,11.988594,2026-10-05,23,Monday,False,False,True,10,FALL,CLEAR,LIGHT
STATEN ISLAND,2026-10-06 00:00:00+00:00,13.665,0.0,42000.0,0.0,0.0,0.0,10.315115,2026-10-06,0,Tuesday,False,False,True,10,FALL,CLEAR,LIGHT
STATEN ISLAND,2026-10-06 01:00:00+00:00,12.315,0.0,41700.0,0.0,0.0,0.0,8.217153,2026-10-06,1,Tuesday,False,False,True,10,FALL,CLEAR,LIGHT
STATEN ISLAND,2026-10-06 02:00:00+00:00,11.865,0.0,46200.0,0.0,0.0,0.0,10.703569,2026-10-06,2,Tuesday,False,False,True,10,FALL,CLEAR,LIGHT
STATEN ISLAND,2026-10-06 03:00:00+00:00,11.264999,0.0,42100.0,0.0,0.0,0.0,7.9932966,2026-10-06,3,Tuesday,False,False,True,10,FALL,CLEAR,LIGHT
STATEN ISLAND,2026-10-06 04:00:00+00:00,9.964999,0.0,31100.0,0.0,0.0,0.0,9.028754,2026-10-06,4,Tuesday,False,False,True,10,FALL,CLEAR,LIGHT
STATEN ISLAND,2026-10-06 05:00:00+00:00,9.464999,0.0,31300.0,0.0,0.0,0.0,8.587338,2026-10-06,5,Tuesday,False,False,True,10,FALL,CLEAR,LIGHT
STATEN ISLAND,2026-10-06 06:00:00+00:00,9.165,0.0,29700.0,0.0,0.0,0.0,12.031756,2026-10-06,6,Tuesday,False,False,False,10,FALL,CLEAR,LIGHT
STATEN ISLAND,2026-10-06 07:00:00+00:00,9.065,0.0,31800.0,0.0,0.0,0.0,11.885453,2026-10-06,7,Tuesday,False,True,False,10,FALL,CLEAR,LIGHT
STATEN ISLAND,2026-10-06 08:00:00+00:00,8.315,0.0,28000.0,0.0,0.0,0.0,10.514218,2026-10-06,8,Tuesday,False,True,False,10,FALL,CLEAR,LIGHT
STATEN ISLAND,2026-10-06 09:00:00+00:00,7.8650002,0.0,27700.0,0.0,0.0,0.0,10.948973,2026-10-06,9,Tuesday,False,True,False,10,FALL,CLEAR,LIGHT
STATEN ISLAND,2026-10-06 10:00:00+00:00,7.415,0.0,26700.0,0.0,0.0,0.0,9.826088,2026-10-06,10,Tuesday,False,False,False,10,FALL,CLEAR,LIGHT
STATEN ISLAND,2026-10-06 11:00:00+00:00,6.8650002,0.0,24500.0,0.0,0.0,0.0,7.4128532,2026-10-06,11,Tuesday,False,False,False,10,FALL,CLEAR,LIGHT
STATEN ISLAND,2026-10-06 12:00:00+00:00,7.965,0.0,25600.0,0.0,0.0,0.0,9.885262,2026-10-06,12,Tuesday,False,False,False,10,FALL,CLEAR,LIGHT
STATEN ISLAND,2026-10-06 13:00:00+00:00,10.115,0.0,28000.0,0.0,0.0,0.0,11.269782,2026-10-06,13,Tuesday,False,False,False,10,FALL,CLEAR,LIGHT
STATEN ISLAND,2026-10-06 14:00:00+00:00,11.815,0.0,35800.0,0.0,0.0,0.0,15.530151,2026-10-06,14,Tuesday,False,False,False,10,FALL,CLEAR,LIGHT
STATEN ISLAND,2026-10-06 15:00:00+00:00,12.565,0.0,41800.0,0.0,0.0,0.0,19.083395,2026-10-06,15,Tuesday,False,False,False,10,FALL,CLEAR,LIGHT
STATEN ISLAND,2026-10-06 16:00:00+00:00,13.964999,0.0,45200.0,0.0,0.0,0.0,16.575644,2026-10-06,16,Tuesday,False,True,False,10,FALL,CLEAR,LIGHT
STATEN ISLAND,2026-10-06 17:00:00+00:00,15.115,0.0,50200.0,0.0,0.0,0.0,16.79314,2026-10-06,17,Tuesday,False,True,False,10,FALL,CLEAR,LIGHT
STATEN ISLAND,2026-10-06 18:00:00+00:00,16.015,0.0,51100.0,0.0,0.0,0.0,17.388409,2026-10-06,18,Tuesday,False,True,False,10,FALL,CLEAR,LIGHT
STATEN ISLAND,2026-10-06 19:00:00+00:00,16.715,0.0,51300.0,0.0,0.0,0.0,15.034041,2026-10-06,19,Tuesday,False,False,False,10,FALL,CLEAR,LIGHT
STATEN ISLAND,2026-10-06 20:00:00+00:00,17.165,0.0,54200.0,0.0,0.0,0.0,14.345898,2026-10-06,20,Tuesday,False,False,True,10,FALL,CLEAR,LIGHT
STATEN ISLAND,2026-10-06 21:00:00+00:00,16.515001,0.0,53200.0,0.0,0.0,0.0,10.308831,2026-10-06,21,Tuesday,False,False,True,10,FALL,CLEAR,LIGHT
STATEN ISLAND,2026-10-06 22:00:00+00:00,14.865,0.0,47600.0,0.0,0.0,0.0,8.311245,2026-10-06,22,Tuesday,False,False,True,10,FALL,CLEAR,LIGHT
STATEN ISLAND,2026-10-06 23:00:00+00:00,12.815,0.0,51600.0,0.0,0.0,0.0,7.6367526,2026-10-06,23,Tuesday,False,False,True,10,FALL,CLEAR,LIGHT
STATEN ISLAND,2026-10-07 00:00:00+00:00,11.615,0.0,44100.0,0.0,0.0,0.0,4.3349743,2026-10-07,0,Wednesday,False,False,True,10,FALL,CLEAR,LIGHT
STATEN ISLAND,2026-10-07 01:00:00+00:00,10.665,0.0,35600.0,0.0,0.0,0.0,5.771239,2026-10-07,1,Wednesday,False,False,True,10,FALL,CLEAR,LIGHT
STATEN ISLAND,2026-10-07 02:00:00+00:00,9.714999,0.0,32200.0,0.0,0.0,0.0,4.2136917,2026-10-07,2,Wednesday,False,False,True,10,FALL,CLEAR,LIGHT
STATEN ISLAND,2026-10-07 03:00:00+00:00,8.865,0.0,28700.0,0.0,0.0,0.0,4.32,2026-10-07,3,Wednesday,False,False,True,10,FALL,CLEAR,LIGHT
STATEN ISLAND,2026-10-07 04:00:00+00:00,8.065,0.0,27400.0,0.0,0.0,0.0,4.2136917,2026-10-07,4,Wednesday,False,False,True,10,FALL,CLEAR,LIGHT
STATEN ISLAND,2026-10-07 05:00:00+00:00,7.6150002,0.0,29100.0,0.0,0.0,0.0,5.8048253,2026-10-07,5,Wednesday,False,False,True,10,FALL,CLEAR,LIGHT
STATEN ISLAND,2026-10-07 06:00:00+00:00,7.515,0.0,32700.0,0.0,0.0,0.0,2.0991426,2026-10-07,6,Wednesday,False,False,False,10,FALL,CLEAR,LIGHT
STATEN ISLAND,2026-10-07 07:00:00+00:00,7.165,0.0,31300.0,0.0,0.0,0.0,5.692099,2026-10-07,7,Wednesday,False,True,False,10,FALL,CLEAR,LIGHT
STATEN ISLAND,2026-10-07 08:00:00+00:00,6.215,0.0,22500.0,0.0,0.0,0.0,5.5887027,2026-10-07,8,Wednesday,False,True,False,10,FALL,CLEAR,LIGHT
STATEN ISLAND,2026-10-07 09:00:00+00:00,5.815,0.0,19900.0,0.0,0.0,0.0,4.5820518,2026-10-07,9,Wednesday,False,True,False,10,FALL,CLEAR,LIGHT
STATEN ISLAND,2026-10-07 10:00:00+00:00,5.765,0.0,20000.0,0.0,0.0,0.0,5.154415,2026-10-07,10,Wednesday,False,False,False,10,FALL,CLEAR,LIGHT
STATEN ISLAND,2026-10-07 11:00:00+00:00,5.6150002,0.0,21500.0,0.0,0.0,0.0,4.6102495,2026-10-07,11,Wednesday,False,False,False,10,FALL,CLEAR,LIGHT
STATEN ISLAND,2026-10-07 12:00:00+00:00,6.8650002,0.0,21000.0,0.0,0.0,0.0,6.28713,2026-10-07,12,Wednesday,False,False,False,10,FALL,CLEAR,LIGHT
STATEN ISLAND,2026-10-07 13:00:00+00:00,10.115,0.0,24200.0,0.0,0.0,0.0,2.9024127,2026-10-07,13,Wednesday,False,False,False,10,FALL,CLEAR,LIGHT
STATEN ISLAND,2026-10-07 14:00:00+00:00,13.615,0.0,34500.0,0.0,0.0,0.0,4.510787,2026-10-07,14,Wednesday,False,False,False,10,FALL,CLEAR,LIGHT
STATEN ISLAND,2026-10-07 15:00:00+00:00,15.964999,0.0,41500.0,0.0,0.0,0.0,6.5693827,2026-10-07,15,Wednesday,False,False,False,10,FALL,CLEAR,LIGHT
STATEN ISLAND,2026-10-07 16:00:00+00:00,17.515001,0.0,48800.0,0.0,0.0,0.0,9.47012,2026-10-07,16,Wednesday,False,True,False,10,FALL,CLEAR,LIGHT
STATEN ISLAND,2026-10-07 17:00:00+00:00,17.965,0.0,41900.0,0.0,0.0,0.0,11.090103,2026-10-07,17,Wednesday,False,True,False,10,FALL,CLEAR,LIGHT
STATEN ISLAND,2026-10-07 18:00:00+00:00,18.465,0.0,50500.0,0.0,0.0,0.0,13.75558,2026-10-07,18,Wednesday,False,True,False,10,FALL,CLEAR,LIGHT
STATEN ISLAND,2026-10-07 19:00:00+00:00,18.865,0.0,45000.0,0.0,0.0,0.0,16.394829,2026-10-07,19,Wednesday,False,False,False,10,FALL,CLEAR,LIGHT
STATEN ISLAND,2026-10-07 20:00:00+00:00,19.515001,0.0,40400.0,0.0,0.0,0.0,13.37825,2026-10-07,20,Wednesday,False,False,True,10,FALL,CLEAR,LIGHT
STATEN ISLAND,2026-10-07 21:00:00+00:00,18.765001,0.0,40900.0,0.0,0.0,0.0,15.137133,2026-10-07,21,Wednesday,False,False,True,10,FALL,CLEAR,LIGHT
STATEN ISLAND,2026-10-07 22:00:00+00:00,16.815,0.0,29300.0,0.0,0.0,0.0,14.81259,2026-10-07,22,Wednesday,False,False,True,10,FALL,CLEAR,LIGHT
STATEN ISLAND,2026-10-07 23:00:00+00:00,15.214999,0.0,20500.0,0.0,0.0,0.0,11.726277,2026-10-07,23,Wednesday,False,False,True,10,FALL,CLEAR,LIGHT
STATEN ISLAND,2026-10-08 00:00:00+00:00,14.815,0.0,21100.0,0.0,0.0,0.0,14.118243,2026-10-08,0,Thursday,False,False,True,10,FALL,CLEAR,LIGHT
STATEN ISLAND,2026-10-08 01:00:00+00:00,14.014999,0.0,21600.0,0.0,0.0,0.0,11.901798,2026-10-08,1,Thursday,False,False,True,10,FALL,CLEAR,LIGHT
STATEN ISLAND,2026-10-08 02:00:00+00:00,13.714999,0.0,22500.0,0.0,0.0,0.0,11.440978,2026-10-08,2,Thursday,False,False,True,10,FALL,CLEAR,LIGHT
STATEN ISLAND,2026-10-08 03:00:00+00:00,13.065,0.0,18400.0,0.0,0.0,0.0,9.007196,2026-10-08,3,Thursday,False,False,True,10,FALL,CLEAR,LIGHT
STATEN ISLAND,2026-10-08 04:00:00+00:00,12.615,0.0,19500.0,0.0,0.0,0.0,9.422101,2026-10-08,4,Thursday,False,False,True,10,FALL,CLEAR,LIGHT
STATEN ISLAND,2026-10-08 05:00:00+00:00,12.514999,0.0,18400.0,0.0,0.0,0.0,7.5170207,2026-10-08,5,Thursday,False,False,True,10,FALL,CLEAR,LIGHT
STATEN ISLAND,2026-10-08 06:00:00+00:00,12.264999,0.0,18000.0,0.0,0.0,0.0,9.0,2026-10-08,6,Thursday,False,False,False,10,FALL,CLEAR,LIGHT
STATEN ISLAND,2026-10-08 07:00:00+00:00,12.065,0.0,16400.0,0.0,0.0,0.0,5.3999996,2026-10-08,7,Thursday,False,True,False,10,FALL,CLEAR,LIGHT
STATEN ISLAND,2026-10-08 08:00:00+00:00,11.615,0.0,16100.0,0.0,0.0,0.0,4.829907,2026-10-08,8,Thursday,False,True,False,10,FALL,CLEAR,LIGHT
STATEN ISLAND,2026-10-08 09:00:00+00:00,11.964999,0.0,15000.0,0.0,0.0,0.0,7.5685663,2026-10-08,9,Thursday,False,True,False,10,FALL,CLEAR,LIGHT
STATEN ISLAND,2026-10-08 10:00:00+00:00,12.315,0.0,15700.0,0.0,0.0,0.0,7.10031,2026-10-08,10,Thursday,False,False,False,10,FALL,CLEAR,LIGHT
STATEN ISLAND,2026-10-08 11:00:00+00:00,11.714999,0.0,14600.0,0.0,0.0,0.0,5.3517847,2026-10-08,11,Thursday,False,False,False,10,FALL,CLEAR,LIGHT
STATEN ISLAND,2026-10-08 12:00:00+00:00,12.514999,0.0,13700.0,0.0,0.0,0.0,8.557102,2026-10-08,12,Thursday,False,False,False,10,FALL,CLEAR,LIGHT
STATEN ISLAND,2026-10-08 13:00:00+00:00,14.415,0.0,14000.0,0.0,0.0,0.0,12.245293,2026-10-08,13,Thursday,False,False,False,10,FALL,CLEAR,LIGHT
STATEN ISLAND,2026-10-08 14:00:00+00:00,16.765001,0.0,17300.0,0.0,0.0,0.0,14.986553,2026-10-08,14,Thursday,False,False,False,10,FALL,CLEAR,LIGHT
STATEN ISLAND,2026-10-08 15:00:00+00:00,19.465,0.0,23500.0,0.0,0.0,0.0,14.417988,2026-10-08,15,Thursday,False,False,False,10,FALL,CLEAR,LIGHT
STATEN ISLAND,2026-10-08 16:00:00+00:00,22.015001,0.0,35200.0,0.0,0.0,0.0,20.5484,2026-10-08,16,Thursday,False,True,False,10,FALL,CLEAR,LIGHT
STATEN ISLAND,2026-10-08 17:00:00+00:00,23.515001,0.0,51400.0,0.0,0.0,0.0,20.880001,2026-10-08,17,Thursday,False,True,False,10,FALL,CLEAR,LIGHT
STATEN ISLAND,2026-10-08 18:00:00+00:00,23.665,0.0,54900.0,0.0,0.0,0.0,23.233253,2026-10-08,18,Thursday,False,True,False,10,FALL,CLEAR,LIGHT
STATEN ISLAND,2026-10-08 19:00:00+00:00,23.915,0.0,61500.0,0.0,0.0,0.0,20.06334,2026-10-08,19,Thursday,False,False,False,10,FALL,CLEAR,LIGHT
STATEN ISLAND,2026-10-08 20:00:00+00:00,23.565,0.0,63800.0,0.0,0.0,0.0,20.192118,2026-10-08,20,Thursday,False,False,True,10,FALL,CLEAR,LIGHT
STATEN ISLAND,2026-10-08 21:00:00+00:00,22.715,0.0,64200.0,0.0,0.0,0.0,21.194187,2026-10-08,21,Thursday,False,False,True,10,FALL,CLEAR,LIGHT
STATEN ISLAND,2026-10-08 22:00:00+00:00,21.015001,0.0,58800.0,0.0,0.0,0.0,14.182355,2026-10-08,22,Thursday,False,False,True,10,FALL,CLEAR,LIGHT
STATEN ISLAND,2026-10-08 23:00:00+00:00,18.865,0.0,52300.0,0.0,0.0,0.0,6.849467,2026-10-08,23,Thursday,False,False,True,10,FALL,CLEAR,LIGHT
STATEN ISLAND,2026-10-09 00:00:00+00:00,17.715,0.0,49600.0,0.0,0.0,0.0,9.0645685,2026-10-09,0,Friday,False,False,True,10,FALL,CLEAR,LIGHT
STATEN ISLAND,2026-10-09 01:00:00+00:00,15.865,0.0,37000.0,0.0,0.0,0.0,7.24486,2026-10-09,1,Friday,False,False,True,10,FALL,CLEAR,LIGHT
STATEN ISLAND,2026-10-09 02:00:00+00:00,14.365,0.0,30700.0,0.0,0.0,0.0,7.5599995,2026-10-09,2,Friday,False,False,True,10,FALL,CLEAR,LIGHT
STATEN ISLAND,2026-10-09 03:00:00+00:00,14.065,0.0,32000.0,0.0,0.0,0.0,8.39657,2026-10-09,3,Friday,False,False,True,10,FALL,CLEAR,LIGHT
STATEN ISLAND,2026-10-09 04:00:00+00:00,13.115,0.0,29500.0,0.0,0.0,0.0,5.904439,2026-10-09,4,Friday,False,False,True,10,FALL,CLEAR,LIGHT
STATEN ISLAND,2026-10-09 05:00:00+00:00,12.565,0.0,29900.0,0.0,0.0,0.0,6.28713,2026-10-09,5,Friday,False,False,True,10,FALL,CLEAR,LIGHT
STATEN ISLAND,2026-10-09 06:00:00+00:00,11.815,0.0,27600.0,0.0,0.0,0.0,6.297428,2026-10-09,6,Friday,False,False,False,10,FALL,CLEAR,LIGHT
STATEN ISLAND,2026-10-09 07:00:00+00:00,11.565,0.0,28700.0,0.0,0.0,0.0,6.830519,2026-10-09,7,Friday,False,True,False,10,FALL,CLEAR,LIGHT
STATEN ISLAND,2026-10-09 08:00:00+00:00,10.214999,0.0,22800.0,0.0,0.0,0.0,3.9763298,2026-10-09,8,Friday,False,True,False,10,FALL,CLEAR,LIGHT
STATEN ISLAND,2026-10-09 09:00:00+00:00,9.365,0.0,21400.0,0.0,0.0,0.0,3.0758414,2026-10-09,9,Friday,False,True,False,10,FALL,CLEAR,LIGHT
STATEN ISLAND,2026-10-09 10:00:00+00:00,9.014999,0.0,19400.0,0.0,0.0,0.0,5.634891,2026-10-09,10,Friday,False,False,False,10,FALL,CLEAR,LIGHT
STATEN ISLAND,2026-10-09 11:00:00+00:00,9.065,0.0,21100.0,0.0,0.0,0.0,4.802999,2026-10-09,11,Friday,False,False,False,10,FALL,CLEAR,LIGHT
STATEN ISLAND,2026-10-09 12:00:00+00:00,10.065,0.0,22000.0,0.0,0.0,0.0,6.5693827,2026-10-09,12,Friday,False,False,False,10,FALL,CLEAR,LIGHT
STATEN ISLAND,2026-10-09 13:00:00+00:00,13.115,0.0,23800.0,0.0,0.0,0.0,9.007196,2026-10-09,13,Friday,False,False,False,10,FALL,CLEAR,LIGHT
STATEN ISLAND,2026-10-09 14:00:00+00:00,16.615,0.0,30000.0,0.0,0.0,0.0,11.659777,2026-10-09,14,Friday,False,False,False,10,FALL,CLEAR,LIGHT
STATEN ISLAND,2026-10-09 15:00:00+00:00,19.465,0.0,34800.0,0.0,0.0,0.0,11.841756,2026-10-09,15,Friday,False,False,False,10,FALL,CLEAR,LIGHT
STATEN ISLAND,2026-10-09 16:00:00+00:00,20.965,0.0,49500.0,0.0,0.0,0.0,17.026896,2026-10-09,16,Friday,False,True,False,10,FALL,CLEAR,LIGHT
STATEN ISLAND,2026-10-09 17:00:00+00:00,22.115,0.0,56000.0,0.0,0.0,0.0,24.130743,2026-10-09,17,Friday,False,True,False,10,FALL,CLEAR,LIGHT
STATEN ISLAND,2026-10-09 18:00:00+00:00,22.365,0.0,55200.0,0.0,0.0,0.0,24.162945,2026-10-09,18,Friday,False,True,False,10,FALL,CLEAR,LIGHT
STATEN ISLAND,2026-10-09 19:00:00+00:00,22.715,0.0,57700.0,0.0,0.0,0.0,19.416653,2026-10-09,19,Friday,False,False,False,10,FALL,CLEAR,LIGHT
STATEN ISLAND,2026-10-09 20:00:00+00:00,22.315,0.0,59100.0,0.0,0.0,0.0,16.87398,2026-10-09,20,Friday,False,False,True,10,FALL,CLEAR,LIGHT
STATEN ISLAND,2026-10-09 21:00:00+00:00,21.515001,0.0,60900.0,0.0,0.0,0.0,12.783802,2026-10-09,21,Friday,False,False,True,10,FALL,CLEAR,LIGHT
STATEN ISLAND,2026-10-09 22:00:00+00:00,19.565,0.0,58700.0,0.0,0.0,0.0,8.225035,2026-10-09,22,Friday,False,False,True,10,FALL,CLEAR,LIGHT
STATEN ISLAND,2026-10-09 23:00:00+00:00,16.815,0.0,45500.0,0.0,0.0,0.0,10.587917,2026-10-09,23,Friday,False,False,True,10,FALL,CLEAR,LIGHT
STATEN ISLAND,2026-10-10 00:00:00+00:00,15.615,0.0,42000.0,0.0,0.0,0.0,6.193674,2026-10-10,0,Saturday,True,False,True,10,FALL,CLEAR,LIGHT
STATEN ISLAND,2026-10-10 01:00:00+00:00,14.065,0.0,33000.0,0.0,0.0,0.0,5.937272,2026-10-10,1,Saturday,True,False,True,10,FALL,CLEAR,LIGHT
STATEN ISLAND,2026-10-10 02:00:00+00:00,13.464999,0.0,32400.0,0.0,0.0,0.0,5.3517847,2026-10-10,2,Saturday,True,False,True,10,FALL,CLEAR,LIGHT
STATEN ISLAND,2026-10-10 03:00:00+00:00,12.865,0.0,30300.0,0.0,0.0,0.0,3.396233,2026-10-10,3,Saturday,True,False,True,10,FALL,CLEAR,LIGHT
